id,name,courseState,section,enrollmentCode,guardiansEnabled,alternateLink,ownerId,creationTime,updateTime,calendarId,courseGroupEmail,teacherGroupEmail,teacherFolder.id,teacherFolder.title,teacherFolder.alternateLink,gradebookSettings.calculationType,gradebookSettings.displaySetting
867792325184,11. 11-Б клас. Основи християнської етики (2026-2027),ACTIVE,,mmfn6khu,True,https://classroom.google.com/c/ODY3NzkyMzI1MTg0,112650800097094238847,2026-06-12T14:51:12Z,2026-06-12T14:51:12Z,c_classroom8b64a1c6@group.calendar.google.com,11_11_2026_2027_fd801d5e@schoolgus.ukr.education,11_11_2026_2027_teachers_5dbbe4d2@schoolgus.ukr.education,18-qX1cvjApEPyOXP2qcwsKi6W-azCszRsUoyuTycJ8Pt-ylz17VRBM1_tgtXD5gUEVCdizgt,11. 11-Б клас. Основи християнської етики (2026-2027),https://drive.google.com/drive/folders/18-qX1cvjApEPyOXP2qcwsKi6W-azCszRsUoyuTycJ8Pt-ylz17VRBM1_tgtXD5gUEVCdizgt,TOTAL_POINTS,HIDE_OVERALL_GRADE
867792512225,11. 11-Б клас. Захист України (2026-2027),ACTIVE,,v26dv7qu,True,https://classroom.google.com/c/ODY3NzkyNTEyMjI1,112650800097094238847,2026-06-12T14:51:11Z,2026-06-12T14:51:11Z,c_classrooma28fa76b@group.calendar.google.com,11_11_2026_2027_4a2ec152@schoolgus.ukr.education,11_11_2026_2027_teachers_b258fd10@schoolgus.ukr.education,1coAI-IaL0nw_C4rZ7CRw5DUkUF_FXqV6tCPcGrgbGxUyPKad6TkhwJhBr8wPpaSALGcmuqvZ,11. 11-Б клас. Захист України (2026-2027),https://drive.google.com/drive/folders/1coAI-IaL0nw_C4rZ7CRw5DUkUF_FXqV6tCPcGrgbGxUyPKad6TkhwJhBr8wPpaSALGcmuqvZ,TOTAL_POINTS,HIDE_OVERALL_GRADE
867776443513,11. 11-Б клас. Фізична культура (2026-2027),ACTIVE,,66echmxe,True,https://classroom.google.com/c/ODY3Nzc2NDQzNTEz,112650800097094238847,2026-06-12T14:51:12Z,2026-06-12T14:51:12Z,c_classroom3f261498@group.calendar.google.com,11_11_2026_2027_34c83dc1@schoolgus.ukr.education,11_11_2026_2027_teachers_423419b5@schoolgus.ukr.education,1VnGXwgFk1OFDyHzQ07NrVZf8rDPl-b4k4C2aijPJoPnTNwmWpbT3Go2MOIgN-YO2twyZ0HF1,11. 11-Б клас. Фізична культура (2026-2027),https://drive.google.com/drive/folders/1VnGXwgFk1OFDyHzQ07NrVZf8rDPl-b4k4C2aijPJoPnTNwmWpbT3Go2MOIgN-YO2twyZ0HF1,TOTAL_POINTS,HIDE_OVERALL_GRADE
867791530436,11. 11-Б клас. Технології (2026-2027),ACTIVE,,hgrnvopx,True,https://classroom.google.com/c/ODY3NzkxNTMwNDM2,112650800097094238847,2026-06-12T14:51:11Z,2026-06-12T14:51:11Z,,11_11_2026_2027_89e33223@schoolgus.ukr.education,11_11_2026_2027_teachers_f113cd2f@schoolgus.ukr.education,1fUGsmY-9a2Wq6oRWpb_yB8DPr0tkazqCnv9OMzNeHo0-GWqCWkx1qUxkcZb9BO0B6vuPrZok,11. 11-Б клас. Технології (2026-2027),https://drive.google.com/drive/folders/1fUGsmY-9a2Wq6oRWpb_yB8DPr0tkazqCnv9OMzNeHo0-GWqCWkx1qUxkcZb9BO0B6vuPrZok,TOTAL_POINTS,HIDE_OVERALL_GRADE
867792466333,11. 11-Б клас. Мистецтво (2026-2027),ACTIVE,,dlwgwdeh,True,https://classroom.google.com/c/ODY3NzkyNDY2MzMz,112650800097094238847,2026-06-12T14:51:10Z,2026-06-12T14:51:10Z,c_classroom483a51b0@group.calendar.google.com,11_11_2026_2027_043c7cfc@schoolgus.ukr.education,11_11_2026_2027_teachers_e76433a8@schoolgus.ukr.education,1hlSypxYHAP69oWT3CpcDHrV0Bdo1-2_GonHlakP-9VwhEtkF_hnDzh8QZfiFzSKHxN-mSfLz,11. 11-Б клас. Мистецтво (2026-2027),https://drive.google.com/drive/folders/1hlSypxYHAP69oWT3CpcDHrV0Bdo1-2_GonHlakP-9VwhEtkF_hnDzh8QZfiFzSKHxN-mSfLz,TOTAL_POINTS,HIDE_OVERALL_GRADE
867786158258,11. 11-Б клас. Фізика і астрономія (2026-2027),ACTIVE,,cpzpiy6x,True,https://classroom.google.com/c/ODY3Nzg2MTU4MjU4,112650800097094238847,2026-06-12T14:51:08Z,2026-06-12T14:51:08Z,c_classroomd919ec61@group.calendar.google.com,11_11_2026_2027_4717b430@schoolgus.ukr.education,11_11_2026_2027_teachers_ad5ed7b7@schoolgus.ukr.education,1nXwOLuXZ4NqILTQucYM8CkATfH_cF7o0hIShNU86KNCICgWsYQke-fmKnV4HNkTWhXL9qsvS,11. 11-Б клас. Фізика і астрономія (2026-2027),https://drive.google.com/drive/folders/1nXwOLuXZ4NqILTQucYM8CkATfH_cF7o0hIShNU86KNCICgWsYQke-fmKnV4HNkTWhXL9qsvS,TOTAL_POINTS,HIDE_OVERALL_GRADE
867791354337,11. 11-Б клас. Хімія (2026-2027),ACTIVE,,h2ell2bp,True,https://classroom.google.com/c/ODY3NzkxMzU0MzM3,112650800097094238847,2026-06-12T14:51:09Z,2026-06-12T14:51:09Z,,11_11_2026_2027_401b672c@schoolgus.ukr.education,11_11_2026_2027_teachers_195f07a9@schoolgus.ukr.education,1MPrhueEyzBd86pLEdlMM8-8sD8jA5cli5FxEsbdmfOX6IQPMFspMUUIAsNStRIzYYpORNKbO,11. 11-Б клас. Хімія (2026-2027),https://drive.google.com/drive/folders/1MPrhueEyzBd86pLEdlMM8-8sD8jA5cli5FxEsbdmfOX6IQPMFspMUUIAsNStRIzYYpORNKbO,TOTAL_POINTS,HIDE_OVERALL_GRADE
867787422615,11. 11-Б клас. Інформатика (2026-2027),ACTIVE,,jsvvnw5i,True,https://classroom.google.com/c/ODY3Nzg3NDIyNjE1,112650800097094238847,2026-06-12T14:51:09Z,2026-06-12T14:51:09Z,,11_11_2026_2027_778bb148@schoolgus.ukr.education,11_11_2026_2027_teachers_d1e6525a@schoolgus.ukr.education,1utCD3g10dspunEGL4H79NIqweTdJyhUkU70nkMpagX1vWVaXe2901N-mWmCTuwxVxvMynMH_,11. 11-Б клас. Інформатика (2026-2027),https://drive.google.com/drive/folders/1utCD3g10dspunEGL4H79NIqweTdJyhUkU70nkMpagX1vWVaXe2901N-mWmCTuwxVxvMynMH_,TOTAL_POINTS,HIDE_OVERALL_GRADE
867792390116,11. 11-Б клас. Географія (2026-2027),ACTIVE,,4r25e4he,True,https://classroom.google.com/c/ODY3NzkyMzkwMTE2,112650800097094238847,2026-06-12T14:51:07Z,2026-06-12T14:51:07Z,,11_11_2026_2027_c9bddba9@schoolgus.ukr.education,11_11_2026_2027_teachers_5272a935@schoolgus.ukr.education,1k9fMzrwOik4rqANPqU0MdMpfGIpDZ8PlNnIE_nSMjywf0L2Z6SEIljNBYGXTcvtcygryivLp,11. 11-Б клас. Географія (2026-2027),https://drive.google.com/drive/folders/1k9fMzrwOik4rqANPqU0MdMpfGIpDZ8PlNnIE_nSMjywf0L2Z6SEIljNBYGXTcvtcygryivLp,TOTAL_POINTS,HIDE_OVERALL_GRADE
867789515128,11. 11-Б клас. Біологія і екологія (2026-2027),ACTIVE,,r6xjggqh,True,https://classroom.google.com/c/ODY3Nzg5NTE1MTI4,112650800097094238847,2026-06-12T14:51:07Z,2026-06-12T14:51:07Z,,11_11_2026_2027_c8a63706@schoolgus.ukr.education,11_11_2026_2027_teachers_1e3c5d52@schoolgus.ukr.education,1ZghWiNYy2D1tFhM7yfb18JBXHFcOCFPqs_u1thBB5MaDcrm5ZbhoNpO7WKr99RQuhieUi4S3,11. 11-Б клас. Біологія і екологія (2026-2027),https://drive.google.com/drive/folders/1ZghWiNYy2D1tFhM7yfb18JBXHFcOCFPqs_u1thBB5MaDcrm5ZbhoNpO7WKr99RQuhieUi4S3,TOTAL_POINTS,HIDE_OVERALL_GRADE
867790497516,11. 11-Б клас. Всесвітня історія (2026-2027),ACTIVE,,segca7oh,True,https://classroom.google.com/c/ODY3NzkwNDk3NTE2,112650800097094238847,2026-06-12T14:51:05Z,2026-06-12T14:51:05Z,c_classroomab895d3c@group.calendar.google.com,11_11_2026_2027_ebb43430@schoolgus.ukr.education,11_11_2026_2027_teachers_bee3eff3@schoolgus.ukr.education,1Z2O8zeIwDgeY9YLbXsVU9Mc7qznkUCW6x2TMF040qRT4ERH_B1m3Xa4IJ4gUYnEGTbod-43e,11. 11-Б клас. Всесвітня історія (2026-2027),https://drive.google.com/drive/folders/1Z2O8zeIwDgeY9YLbXsVU9Mc7qznkUCW6x2TMF040qRT4ERH_B1m3Xa4IJ4gUYnEGTbod-43e,TOTAL_POINTS,HIDE_OVERALL_GRADE
867791538027,11. 11-Б клас. Геометрія (2026-2027),ACTIVE,,rhijwxkr,True,https://classroom.google.com/c/ODY3NzkxNTM4MDI3,112650800097094238847,2026-06-12T14:51:06Z,2026-06-12T14:51:06Z,c_classroomd115afd3@group.calendar.google.com,11_11_2026_2027_ae21afa1@schoolgus.ukr.education,11_11_2026_2027_teachers_7cbef094@schoolgus.ukr.education,1vzAV3PXlNEN3YnQFp0s9fiJXV9CKPxbB0b3hNrOnJkSRTw3LFvImvmH5eVpxa7EcS-FgDjzS,11. 11-Б клас. Геометрія (2026-2027),https://drive.google.com/drive/folders/1vzAV3PXlNEN3YnQFp0s9fiJXV9CKPxbB0b3hNrOnJkSRTw3LFvImvmH5eVpxa7EcS-FgDjzS,TOTAL_POINTS,HIDE_OVERALL_GRADE
867791303619,11. 11-Б клас. Алгебра і початки аналізу (2026-2027),ACTIVE,,nea6iffo,True,https://classroom.google.com/c/ODY3NzkxMzAzNjE5,112650800097094238847,2026-06-12T14:51:06Z,2026-06-12T14:51:06Z,,11_11_2026_2027_6df44466@schoolgus.ukr.education,11_11_2026_2027_teachers_7975e563@schoolgus.ukr.education,1WsjtUPEukrE01816PcgwA23uhen-TRlMgsnu3VxdSMZLniTJITNVKkJePcd4qwRuAh7TEy_s,11. 11-Б клас. Алгебра і початки аналізу (2026-2027),https://drive.google.com/drive/folders/1WsjtUPEukrE01816PcgwA23uhen-TRlMgsnu3VxdSMZLniTJITNVKkJePcd4qwRuAh7TEy_s,TOTAL_POINTS,HIDE_OVERALL_GRADE
867792694890,11. 11-Б клас. Історія України (2026-2027),ACTIVE,,ec6keuqf,True,https://classroom.google.com/c/ODY3NzkyNjk0ODkw,112650800097094238847,2026-06-12T14:51:04Z,2026-06-12T14:51:04Z,,11_11_2026_2027_97e5aa7e@schoolgus.ukr.education,11_11_2026_2027_teachers_991d6034@schoolgus.ukr.education,16qHES23JBFp38i2vytsnHxHzLKHOMiMlbKFjey-wDpvSptkbL2CzaCD4I5gUbgGiEaKFl0VT,11. 11-Б клас. Історія України (2026-2027),https://drive.google.com/drive/folders/16qHES23JBFp38i2vytsnHxHzLKHOMiMlbKFjey-wDpvSptkbL2CzaCD4I5gUbgGiEaKFl0VT,TOTAL_POINTS,HIDE_OVERALL_GRADE
867792218267,11. 11-Б клас. Зарубіжна література (2026-2027),ACTIVE,,rsfeepm7,True,https://classroom.google.com/c/ODY3NzkyMjE4MjY3,112650800097094238847,2026-06-12T14:51:03Z,2026-06-12T14:51:03Z,c_classroom72dbae71@group.calendar.google.com,11_11_2026_2027_4e0e351a@schoolgus.ukr.education,11_11_2026_2027_teachers_f7ba2364@schoolgus.ukr.education,1fyKPDn53YhwOK1rjdgSzR3jFblRv4DK0F3fKAU0AzxcoRrvrrmuIC7EcgW_UILrZfgxZBHky,11. 11-Б клас. Зарубіжна література (2026-2027),https://drive.google.com/drive/folders/1fyKPDn53YhwOK1rjdgSzR3jFblRv4DK0F3fKAU0AzxcoRrvrrmuIC7EcgW_UILrZfgxZBHky,TOTAL_POINTS,HIDE_OVERALL_GRADE
867792329764,11. 11-Б клас. Друга іноземна мова (Німецька) (2026-2027),ACTIVE,,tazmc6em,True,https://classroom.google.com/c/ODY3NzkyMzI5NzY0,112650800097094238847,2026-06-12T14:51:03Z,2026-06-12T14:51:03Z,,11_11_2026_2027_19e15aea@schoolgus.ukr.education,11_11_2026_2027_teachers_84ba436d@schoolgus.ukr.education,123a_I6RxVV5wd7bQpFdbuGD5EM5Sfxdw3TBNq6e7-wGQ1gv_falMoYjjMeIRIbfXh_ozUzot,11. 11-Б клас. Друга іноземна мова (Німецька) (2026-2027),https://drive.google.com/drive/folders/123a_I6RxVV5wd7bQpFdbuGD5EM5Sfxdw3TBNq6e7-wGQ1gv_falMoYjjMeIRIbfXh_ozUzot,TOTAL_POINTS,HIDE_OVERALL_GRADE
867792397764,11. 11-Б клас. Англійська мова (2026-2027),ACTIVE,,gtcsb64g,True,https://classroom.google.com/c/ODY3NzkyMzk3NzY0,112650800097094238847,2026-06-12T14:51:03Z,2026-06-12T14:51:03Z,,11_11_2026_2027_5d8d10bd@schoolgus.ukr.education,11_11_2026_2027_teachers_8ed1d63e@schoolgus.ukr.education,1ppx7DSuwPVCJu_q-c_-pHDDRVeZjmbTgUU_PHr6X4yOEs3h5t50782GpEsKIc2KMiZ4C56Eg,11. 11-Б клас. Англійська мова (2026-2027),https://drive.google.com/drive/folders/1ppx7DSuwPVCJu_q-c_-pHDDRVeZjmbTgUU_PHr6X4yOEs3h5t50782GpEsKIc2KMiZ4C56Eg,TOTAL_POINTS,HIDE_OVERALL_GRADE
867791909915,11. 11-Б клас. Українська література (2026-2027),ACTIVE,,qrq46gvo,True,https://classroom.google.com/c/ODY3NzkxOTA5OTE1,112650800097094238847,2026-06-12T14:51:02Z,2026-06-12T14:51:02Z,,11_11_2026_2027_1227c836@schoolgus.ukr.education,11_11_2026_2027_teachers_00f91c7a@schoolgus.ukr.education,1VfB0FPeHYGLe279y6H8XTtvv2WrjcTnWBnoIawRt8D2DmFk58MdYVpf37cwicJDrHrK0twSS,11. 11-Б клас. Українська література (2026-2027),https://drive.google.com/drive/folders/1VfB0FPeHYGLe279y6H8XTtvv2WrjcTnWBnoIawRt8D2DmFk58MdYVpf37cwicJDrHrK0twSS,TOTAL_POINTS,HIDE_OVERALL_GRADE
867792025334,11. 11-Б клас. Українська мова (2026-2027),ACTIVE,,yuoq6ug6,True,https://classroom.google.com/c/ODY3NzkyMDI1MzM0,112650800097094238847,2026-06-12T14:51:01Z,2026-06-12T14:51:01Z,c_classroomb637a86d@group.calendar.google.com,11_11_2026_2027_245d7175@schoolgus.ukr.education,11_11_2026_2027_teachers_eec4e9aa@schoolgus.ukr.education,1ZcARGHKCfj-79MjqdiOoJzawtm1OziO50dF6p5jSA_1CBieMYYpHXyWdJSqwHClnZGn3cO1e,11. 11-Б клас. Українська мова (2026-2027),https://drive.google.com/drive/folders/1ZcARGHKCfj-79MjqdiOoJzawtm1OziO50dF6p5jSA_1CBieMYYpHXyWdJSqwHClnZGn3cO1e,TOTAL_POINTS,HIDE_OVERALL_GRADE
867782037931,11. 11-А клас. Фізична культура (2026-2027),ACTIVE,,7omvh6nh,True,https://classroom.google.com/c/ODY3NzgyMDM3OTMx,112650800097094238847,2026-06-12T14:50:59Z,2026-06-12T14:50:59Z,,11_11_2026_2027_f212457b@schoolgus.ukr.education,11_11_2026_2027_teachers_bdc1a79a@schoolgus.ukr.education,1h6_Y5ylJW-jfezahd692GRCuEqyyio_Y4mV6Uw955k7SSDXQZMoSz85HMPdAUoKyLEWC6HkL,11. 11-А клас. Фізична культура (2026-2027),https://drive.google.com/drive/folders/1h6_Y5ylJW-jfezahd692GRCuEqyyio_Y4mV6Uw955k7SSDXQZMoSz85HMPdAUoKyLEWC6HkL,TOTAL_POINTS,HIDE_OVERALL_GRADE
867792445913,11. 11-А клас. Технології (2026-2027),ACTIVE,,xyjmevee,True,https://classroom.google.com/c/ODY3NzkyNDQ1OTEz,112650800097094238847,2026-06-12T14:50:59Z,2026-06-12T14:50:59Z,,11_11_2026_2027_06bf9661@schoolgus.ukr.education,11_11_2026_2027_teachers_b2860a3b@schoolgus.ukr.education,1hxLtcD0S0r_Lt_h83pztF2WCdZMKEB0WAxkglm6xIBxDuf_thBWuqdNlLfMtxV7lcd0J1m_4,11. 11-А клас. Технології (2026-2027),https://drive.google.com/drive/folders/1hxLtcD0S0r_Lt_h83pztF2WCdZMKEB0WAxkglm6xIBxDuf_thBWuqdNlLfMtxV7lcd0J1m_4,TOTAL_POINTS,HIDE_OVERALL_GRADE
867787301544,11. 11-А клас. Основи християнської етики (2026-2027),ACTIVE,,jkh7w5oy,True,https://classroom.google.com/c/ODY3Nzg3MzAxNTQ0,112650800097094238847,2026-06-12T14:51:00Z,2026-06-12T14:51:00Z,c_classroomaf4a5581@group.calendar.google.com,11_11_2026_2027_35a91998@schoolgus.ukr.education,11_11_2026_2027_teachers_e81af437@schoolgus.ukr.education,1awC1407Sa7YzIOSSTUK04E4s8psfjoq-YBEyFIQm3Jxj2eCmGJXMS8Khhvj05__QvhAMLCTK,11. 11-А клас. Основи християнської етики (2026-2027),https://drive.google.com/drive/folders/1awC1407Sa7YzIOSSTUK04E4s8psfjoq-YBEyFIQm3Jxj2eCmGJXMS8Khhvj05__QvhAMLCTK,TOTAL_POINTS,HIDE_OVERALL_GRADE
867791624784,11. 11-А клас. Захист України (2026-2027),ACTIVE,,av2me3bz,True,https://classroom.google.com/c/ODY3NzkxNjI0Nzg0,112650800097094238847,2026-06-12T14:50:59Z,2026-06-12T14:50:59Z,,11_11_2026_2027_d08a5cdf@schoolgus.ukr.education,11_11_2026_2027_teachers_669a2e6f@schoolgus.ukr.education,1OTLj4wiwofXfF_fDRMnoWTqNOND2202dCNnD8YcilssRJ2kvLmV-E9dDfsBj4BJankXykJv0,11. 11-А клас. Захист України (2026-2027),https://drive.google.com/drive/folders/1OTLj4wiwofXfF_fDRMnoWTqNOND2202dCNnD8YcilssRJ2kvLmV-E9dDfsBj4BJankXykJv0,TOTAL_POINTS,HIDE_OVERALL_GRADE
867791302502,11. 11-А клас. Мистецтво (2026-2027),ACTIVE,,fmmfi35j,True,https://classroom.google.com/c/ODY3NzkxMzAyNTAy,112650800097094238847,2026-06-12T14:50:57Z,2026-06-12T14:50:57Z,c_classroom5fdc1de2@group.calendar.google.com,11_11_2026_2027_82681e5d@schoolgus.ukr.education,11_11_2026_2027_teachers_b54c369a@schoolgus.ukr.education,16TRkQTqcISvu39KqCnBG11ZAnFeiU8KD4PLpZ-gYp4Pzb_FUQ6Jap2avjcjMS9vOWVt2fHXl,11. 11-А клас. Мистецтво (2026-2027),https://drive.google.com/drive/folders/16TRkQTqcISvu39KqCnBG11ZAnFeiU8KD4PLpZ-gYp4Pzb_FUQ6Jap2avjcjMS9vOWVt2fHXl,TOTAL_POINTS,HIDE_OVERALL_GRADE
798183908153,11. 11-А клас. Географія (2026-2027),ACTIVE,,zst54tqz,True,https://classroom.google.com/c/Nzk4MTgzOTA4MTUz,112650800097094238847,2026-06-12T14:50:55Z,2026-06-12T14:50:55Z,c_classroomc723de57@group.calendar.google.com,11_11_2026_2027_b1ff504e@schoolgus.ukr.education,11_11_2026_2027_teachers_ea977f9b@schoolgus.ukr.education,1D-nTj0XjlfWQsMiHvusdz5qwzxhOeUCjq4mszwHxgWl-N3n5PL7DQY4f7ivCsjN2lVpAnNXk,11. 11-А клас. Географія (2026-2027),https://drive.google.com/drive/folders/1D-nTj0XjlfWQsMiHvusdz5qwzxhOeUCjq4mszwHxgWl-N3n5PL7DQY4f7ivCsjN2lVpAnNXk,TOTAL_POINTS,HIDE_OVERALL_GRADE
867792280805,11. 11-А клас. Інформатика (2026-2027),ACTIVE,,hdxr47l3,True,https://classroom.google.com/c/ODY3NzkyMjgwODA1,112650800097094238847,2026-06-12T14:50:56Z,2026-06-12T14:50:56Z,c_classroom34368155@group.calendar.google.com,11_11_2026_2027_5fae5f21@schoolgus.ukr.education,11_11_2026_2027_teachers_cef0a519@schoolgus.ukr.education,1GLDHn44g1gAcShvv4meLc3wGRA4WveUL8p9Zea6GxdmcvIiEgYdtO8kQYKocAV9dwQ0jI4c4,11. 11-А клас. Інформатика (2026-2027),https://drive.google.com/drive/folders/1GLDHn44g1gAcShvv4meLc3wGRA4WveUL8p9Zea6GxdmcvIiEgYdtO8kQYKocAV9dwQ0jI4c4,TOTAL_POINTS,HIDE_OVERALL_GRADE
867792294551,11. 11-А клас. Фізика і астрономія (2026-2027),ACTIVE,,h3s3wd7s,True,https://classroom.google.com/c/ODY3NzkyMjk0NTUx,112650800097094238847,2026-06-12T14:50:56Z,2026-06-12T14:50:56Z,c_classroomeccaf354@group.calendar.google.com,11_11_2026_2027_ecdf6309@schoolgus.ukr.education,11_11_2026_2027_teachers_8d1549e3@schoolgus.ukr.education,1C6FE1Nl5Ms2lDBKrauuwSSPeuGnIsPWKhPCJ0tJquTVHB0PUXZ58hpq_H8emUUAniyJBYlii,11. 11-А клас. Фізика і астрономія (2026-2027),https://drive.google.com/drive/folders/1C6FE1Nl5Ms2lDBKrauuwSSPeuGnIsPWKhPCJ0tJquTVHB0PUXZ58hpq_H8emUUAniyJBYlii,TOTAL_POINTS,HIDE_OVERALL_GRADE
867792998373,11. 11-А клас. Хімія (2026-2027),ACTIVE,,jmyi4r6q,True,https://classroom.google.com/c/ODY3NzkyOTk4Mzcz,112650800097094238847,2026-06-12T14:50:56Z,2026-06-12T14:50:56Z,,11_11_2026_2027_37f15ac7@schoolgus.ukr.education,11_11_2026_2027_teachers_a44ed064@schoolgus.ukr.education,1liDAH4HFxVGzn5hjy4JUA6SYttyIGdsRJH4zsLX34eGyHh2ebjLeZmFHVeU5HqXhVvrkUNRT,11. 11-А клас. Хімія (2026-2027),https://drive.google.com/drive/folders/1liDAH4HFxVGzn5hjy4JUA6SYttyIGdsRJH4zsLX34eGyHh2ebjLeZmFHVeU5HqXhVvrkUNRT,TOTAL_POINTS,HIDE_OVERALL_GRADE
867792832358,11. 11-А клас. Біологія і екологія (2026-2027),ACTIVE,,arulahed,True,https://classroom.google.com/c/ODY3NzkyODMyMzU4,112650800097094238847,2026-06-12T14:50:53Z,2026-06-12T14:50:53Z,,11_11_2026_2027_abb54038@schoolgus.ukr.education,11_11_2026_2027_teachers_3ed62a8c@schoolgus.ukr.education,1UMLYqTCWoy6mmKlDbNYbbZchOEnMKfQlU_NvUwYxxDQQC5EJwlPlBKB8QzEwet2_kExTj84u,11. 11-А клас. Біологія і екологія (2026-2027),https://drive.google.com/drive/folders/1UMLYqTCWoy6mmKlDbNYbbZchOEnMKfQlU_NvUwYxxDQQC5EJwlPlBKB8QzEwet2_kExTj84u,TOTAL_POINTS,HIDE_OVERALL_GRADE
867792293789,11. 11-А клас. Геометрія (2026-2027),ACTIVE,,rtsp5j33,True,https://classroom.google.com/c/ODY3NzkyMjkzNzg5,112650800097094238847,2026-06-12T14:50:52Z,2026-06-12T14:50:52Z,c_classroomf9133e36@group.calendar.google.com,11_11_2026_2027_fb4d6f9e@schoolgus.ukr.education,11_11_2026_2027_teachers_4e480f2a@schoolgus.ukr.education,1NjykQh8PUw0Gzo5jq-a0xep8ehFl8LEM9QqZoNsgsnZKvm9IIZi6WR56cef0Iq6h5lNKsTp2,11. 11-А клас. Геометрія (2026-2027),https://drive.google.com/drive/folders/1NjykQh8PUw0Gzo5jq-a0xep8ehFl8LEM9QqZoNsgsnZKvm9IIZi6WR56cef0Iq6h5lNKsTp2,TOTAL_POINTS,HIDE_OVERALL_GRADE
867792707565,11. 11-А клас. Всесвітня історія (2026-2027),ACTIVE,,dnmghxgv,True,https://classroom.google.com/c/ODY3NzkyNzA3NTY1,112650800097094238847,2026-06-12T14:50:52Z,2026-06-12T14:50:52Z,,11_11_2026_2027_469d5efd@schoolgus.ukr.education,11_11_2026_2027_teachers_b61dd495@schoolgus.ukr.education,1dNrfHqWfx0nVwI9hWofSmlTaOn60Yq1qFZ1G75x6Flo0tRh3w09WHYWZBYr5h8juWo40h1by,11. 11-А клас. Всесвітня історія (2026-2027),https://drive.google.com/drive/folders/1dNrfHqWfx0nVwI9hWofSmlTaOn60Yq1qFZ1G75x6Flo0tRh3w09WHYWZBYr5h8juWo40h1by,TOTAL_POINTS,HIDE_OVERALL_GRADE
867791719550,11. 11-А клас. Історія України (2026-2027),ACTIVE,,a6vupuzp,True,https://classroom.google.com/c/ODY3NzkxNzE5NTUw,112650800097094238847,2026-06-12T14:50:52Z,2026-06-12T14:50:52Z,c_classroomc2671d6a@group.calendar.google.com,11_11_2026_2027_39732872@schoolgus.ukr.education,11_11_2026_2027_teachers_553e50ee@schoolgus.ukr.education,1SuOIvnsTZrCvyJPboIoj4AwtWgum0iGhkH-DMNF1egKKrOM9aQ4-I4WAGcZxav10VlZ1qq0q,11. 11-А клас. Історія України (2026-2027),https://drive.google.com/drive/folders/1SuOIvnsTZrCvyJPboIoj4AwtWgum0iGhkH-DMNF1egKKrOM9aQ4-I4WAGcZxav10VlZ1qq0q,TOTAL_POINTS,HIDE_OVERALL_GRADE
867791520651,11. 11-А клас. Алгебра і початки аналізу (2026-2027),ACTIVE,,exib4ak2,True,https://classroom.google.com/c/ODY3NzkxNTIwNjUx,112650800097094238847,2026-06-12T14:50:52Z,2026-06-12T14:50:52Z,c_classroom70bdbdbf@group.calendar.google.com,11_11_2026_2027_82631f75@schoolgus.ukr.education,11_11_2026_2027_teachers_3df15e89@schoolgus.ukr.education,1x_x9qKiO_1SW_v1eXDn32lZNo01oPv1T2Z8Yo3WZNK3HbgS1qv_rAeEgV_ph4tMIonKsR-0N,11. 11-А клас. Алгебра і початки аналізу (2026-2027),https://drive.google.com/drive/folders/1x_x9qKiO_1SW_v1eXDn32lZNo01oPv1T2Z8Yo3WZNK3HbgS1qv_rAeEgV_ph4tMIonKsR-0N,TOTAL_POINTS,HIDE_OVERALL_GRADE
867792241222,11. 11-А клас. Друга іноземна мова (Німецька) (2026-2027),ACTIVE,,pgproryi,True,https://classroom.google.com/c/ODY3NzkyMjQxMjIy,112650800097094238847,2026-06-12T14:50:49Z,2026-06-12T14:50:49Z,c_classroomdc0e84b7@group.calendar.google.com,11_11_2026_2027_fea6fa6e@schoolgus.ukr.education,11_11_2026_2027_teachers_1bf90a5e@schoolgus.ukr.education,1ub-dBD_qqCE-Kq83BQtH2m8TaEu-UEHWpq0KkAvVwtcVix-SSDNYfXMelJq8GBe6Cw9gYwR8,11. 11-А клас. Друга іноземна мова (Німецька) (2026-2027),https://drive.google.com/drive/folders/1ub-dBD_qqCE-Kq83BQtH2m8TaEu-UEHWpq0KkAvVwtcVix-SSDNYfXMelJq8GBe6Cw9gYwR8,TOTAL_POINTS,HIDE_OVERALL_GRADE
867790850960,11. 11-А клас. Українська література (2026-2027),ACTIVE,,6vqbhsdv,True,https://classroom.google.com/c/ODY3NzkwODUwOTYw,112650800097094238847,2026-06-12T14:50:49Z,2026-06-12T14:50:49Z,,11_11_2026_2027_fff356e6@schoolgus.ukr.education,11_11_2026_2027_teachers_ee0eb716@schoolgus.ukr.education,1wnBLbTqj_LGj94RPeBjMCLTrvJCHCfpBxwlZsKn3Tl7_4xqcb3w92vPH6gPQgIb6D8codrPp,11. 11-А клас. Українська література (2026-2027),https://drive.google.com/drive/folders/1wnBLbTqj_LGj94RPeBjMCLTrvJCHCfpBxwlZsKn3Tl7_4xqcb3w92vPH6gPQgIb6D8codrPp,TOTAL_POINTS,HIDE_OVERALL_GRADE
867792694872,11. 11-А клас. Англійська мова (2026-2027),ACTIVE,,ere65sph,True,https://classroom.google.com/c/ODY3NzkyNjk0ODcy,112650800097094238847,2026-06-12T14:50:49Z,2026-06-12T14:50:49Z,c_classroom284572dd@group.calendar.google.com,11_11_2026_2027_3bf03942@schoolgus.ukr.education,11_11_2026_2027_teachers_1edad292@schoolgus.ukr.education,1ARLdmTO80gJQISlSlz36pq7eXcRhIeFv7GckpsyMM8dQ--u2S1cI5rU_wXJlqqqGJdt5Pffj,11. 11-А клас. Англійська мова (2026-2027),https://drive.google.com/drive/folders/1ARLdmTO80gJQISlSlz36pq7eXcRhIeFv7GckpsyMM8dQ--u2S1cI5rU_wXJlqqqGJdt5Pffj,TOTAL_POINTS,HIDE_OVERALL_GRADE
855108993330,11. 11-А клас. Українська мова (2026-2027),ACTIVE,,rp3n5o7q,True,https://classroom.google.com/c/ODU1MTA4OTkzMzMw,112650800097094238847,2026-06-12T14:50:49Z,2026-06-12T14:50:49Z,,11_11_2026_2027_b80ff187@schoolgus.ukr.education,11_11_2026_2027_teachers_de909973@schoolgus.ukr.education,1i-j3hGsdOyHXp5FOJU_E9bnd8lC_m1W_ZtaeV9gRSLcgR7huAC96jvwKX-C1MLnHa_-eVKCr,11. 11-А клас. Українська мова (2026-2027),https://drive.google.com/drive/folders/1i-j3hGsdOyHXp5FOJU_E9bnd8lC_m1W_ZtaeV9gRSLcgR7huAC96jvwKX-C1MLnHa_-eVKCr,TOTAL_POINTS,HIDE_OVERALL_GRADE
867792392529,11. 11-А клас. Зарубіжна література (2026-2027),ACTIVE,,z3isuddm,True,https://classroom.google.com/c/ODY3NzkyMzkyNTI5,112650800097094238847,2026-06-12T14:50:49Z,2026-06-12T14:50:49Z,c_classroomf41e9579@group.calendar.google.com,11_11_2026_2027_24320a89@schoolgus.ukr.education,11_11_2026_2027_teachers_bf920e74@schoolgus.ukr.education,1sIOo3IFrXrFqEfa8r6rJcw9_j7Jha6Srh9_bh4-Tx5UmVvSDzTg6fB9EuPNweA8mbGpygKdg,11. 11-А клас. Зарубіжна література (2026-2027),https://drive.google.com/drive/folders/1sIOo3IFrXrFqEfa8r6rJcw9_j7Jha6Srh9_bh4-Tx5UmVvSDzTg6fB9EuPNweA8mbGpygKdg,TOTAL_POINTS,HIDE_OVERALL_GRADE
867788491430,10. 10-Б клас. Основи християнської етики (2026-2027),ACTIVE,,xo6kfic3,True,https://classroom.google.com/c/ODY3Nzg4NDkxNDMw,112650800097094238847,2026-06-12T14:37:10Z,2026-06-12T14:37:10Z,,10_10_2026_2027_549ccfb7@schoolgus.ukr.education,10_10_2026_2027_teachers_02638143@schoolgus.ukr.education,1eQsewSYT4NX3tMTzmSlRcwbzj9U6_HSgEEueNBC1YVG3FXR5HvCaLkxO71aybFwqawcssDhJ,10. 10-Б клас. Основи християнської етики (2026-2027),https://drive.google.com/drive/folders/1eQsewSYT4NX3tMTzmSlRcwbzj9U6_HSgEEueNBC1YVG3FXR5HvCaLkxO71aybFwqawcssDhJ,TOTAL_POINTS,HIDE_OVERALL_GRADE
867791525815,10. 10-Б клас. Захист України (2026-2027),ACTIVE,,sayrnjak,True,https://classroom.google.com/c/ODY3NzkxNTI1ODE1,112650800097094238847,2026-06-12T14:37:09Z,2026-06-12T14:37:09Z,,10_10_2026_2027_727329f9@schoolgus.ukr.education,10_10_2026_2027_teachers_764351cf@schoolgus.ukr.education,1b5j7z-BFofzJ73GM-XDuLSt7NJuwyNeIqJG5Bvhq9qRtMjMy1yuhqbROyzHJdGVnFTqcad8W,10. 10-Б клас. Захист України (2026-2027),https://drive.google.com/drive/folders/1b5j7z-BFofzJ73GM-XDuLSt7NJuwyNeIqJG5Bvhq9qRtMjMy1yuhqbROyzHJdGVnFTqcad8W,TOTAL_POINTS,HIDE_OVERALL_GRADE
867787356263,10. 10-Б клас. Фізична культура (2026-2027),ACTIVE,,3tvdvhfh,True,https://classroom.google.com/c/ODY3Nzg3MzU2MjYz,112650800097094238847,2026-06-12T14:37:09Z,2026-06-12T14:37:09Z,,10_10_2026_2027_9d379a14@schoolgus.ukr.education,10_10_2026_2027_teachers_e85e3405@schoolgus.ukr.education,19sqM79bO7gNAAuU4FDJ0gkYN_yZn5uwlusBO84JqzxIRmUzc34nEL51MBeUx0eFiTLr9tasv,10. 10-Б клас. Фізична культура (2026-2027),https://drive.google.com/drive/folders/19sqM79bO7gNAAuU4FDJ0gkYN_yZn5uwlusBO84JqzxIRmUzc34nEL51MBeUx0eFiTLr9tasv,TOTAL_POINTS,HIDE_OVERALL_GRADE
798183738162,10. 10-Б клас. Технології (2026-2027),ACTIVE,,dvgevnx6,True,https://classroom.google.com/c/Nzk4MTgzNzM4MTYy,112650800097094238847,2026-06-12T14:37:09Z,2026-06-12T14:37:09Z,,10_10_2026_2027_aaddbe10@schoolgus.ukr.education,10_10_2026_2027_teachers_860b7ddf@schoolgus.ukr.education,1gxbGj_A83xzNlHcOtR2dzTgCSLexm68vEBFD_YynrSvMmfb_eTkecf_PKz62YbvYIeHF7BZ4,10. 10-Б клас. Технології (2026-2027),https://drive.google.com/drive/folders/1gxbGj_A83xzNlHcOtR2dzTgCSLexm68vEBFD_YynrSvMmfb_eTkecf_PKz62YbvYIeHF7BZ4,TOTAL_POINTS,HIDE_OVERALL_GRADE
867790940760,10. 10-Б клас. Мистецтво (2026-2027),ACTIVE,,vvxweb7w,True,https://classroom.google.com/c/ODY3NzkwOTQwNzYw,112650800097094238847,2026-06-12T14:37:07Z,2026-06-12T14:37:07Z,c_classroomea0f8219@group.calendar.google.com,10_10_2026_2027_e5f988fb@schoolgus.ukr.education,10_10_2026_2027_teachers_f26bb128@schoolgus.ukr.education,1ChVeNC9NcJBxjKGhRrhS4v6RXc0Tyjgck9FALKnPhydlnikuiZOHiOh6ovpIaA-sny6yuui5,10. 10-Б клас. Мистецтво (2026-2027),https://drive.google.com/drive/folders/1ChVeNC9NcJBxjKGhRrhS4v6RXc0Tyjgck9FALKnPhydlnikuiZOHiOh6ovpIaA-sny6yuui5,TOTAL_POINTS,HIDE_OVERALL_GRADE
867791878062,10. 10-Б клас. Інформатика (2026-2027),ACTIVE,,fezlouly,True,https://classroom.google.com/c/ODY3NzkxODc4MDYy,112650800097094238847,2026-06-12T14:37:07Z,2026-06-12T14:37:07Z,,10_10_2026_2027_ae9605e8@schoolgus.ukr.education,10_10_2026_2027_teachers_3bec7375@schoolgus.ukr.education,1wtKqMht6S50uzqepmgQ4eawRzzQ_qr-1GLwhtvZP7ymLHogCPnmA6yBGgEIbQtckkfbeyHdL,10. 10-Б клас. Інформатика (2026-2027),https://drive.google.com/drive/folders/1wtKqMht6S50uzqepmgQ4eawRzzQ_qr-1GLwhtvZP7ymLHogCPnmA6yBGgEIbQtckkfbeyHdL,TOTAL_POINTS,HIDE_OVERALL_GRADE
867791868755,10. 10-Б клас. Хімія (2026-2027),ACTIVE,,bi67sswt,True,https://classroom.google.com/c/ODY3NzkxODY4NzU1,112650800097094238847,2026-06-12T14:37:05Z,2026-06-12T14:37:05Z,c_classrooma596aba5@group.calendar.google.com,10_10_2026_2027_26315c9d@schoolgus.ukr.education,10_10_2026_2027_teachers_b6a4a79d@schoolgus.ukr.education,1a-yJzSlY1P34-tJsfbmKho2Kpdrz7i7kRDXTFEYtQWcyG93ktia3d4uGZRXAwSMnI_BV3kN8,10. 10-Б клас. Хімія (2026-2027),https://drive.google.com/drive/folders/1a-yJzSlY1P34-tJsfbmKho2Kpdrz7i7kRDXTFEYtQWcyG93ktia3d4uGZRXAwSMnI_BV3kN8,TOTAL_POINTS,HIDE_OVERALL_GRADE
867791238867,10. 10-Б клас. Географія (2026-2027),ACTIVE,,v6v2f4dz,True,https://classroom.google.com/c/ODY3NzkxMjM4ODY3,112650800097094238847,2026-06-12T14:37:04Z,2026-06-12T14:37:04Z,,10_10_2026_2027_46cfa7c5@schoolgus.ukr.education,10_10_2026_2027_teachers_80cccf43@schoolgus.ukr.education,1GcphokZrAm7v1IR8Cbmvn4-4AeWYl58XDAB29_Nt20rr9CLeHwp1wkFHsceI4HYNlVJcuAF3,10. 10-Б клас. Географія (2026-2027),https://drive.google.com/drive/folders/1GcphokZrAm7v1IR8Cbmvn4-4AeWYl58XDAB29_Nt20rr9CLeHwp1wkFHsceI4HYNlVJcuAF3,TOTAL_POINTS,HIDE_OVERALL_GRADE
867791896554,10. 10-Б клас. Фізика і астрономія (2026-2027),ACTIVE,,jr44lobh,True,https://classroom.google.com/c/ODY3NzkxODk2NTU0,112650800097094238847,2026-06-12T14:37:06Z,2026-06-12T14:37:06Z,,10_10_2026_2027_4906c1e6@schoolgus.ukr.education,10_10_2026_2027_teachers_3727614f@schoolgus.ukr.education,1QMzt4Q1n9WkJXnCdpcv4MlxIbey7eTS1NeLu_tX2lHZIXG5vCwC71jZoenOX5k5XSiOFkD9_,10. 10-Б клас. Фізика і астрономія (2026-2027),https://drive.google.com/drive/folders/1QMzt4Q1n9WkJXnCdpcv4MlxIbey7eTS1NeLu_tX2lHZIXG5vCwC71jZoenOX5k5XSiOFkD9_,TOTAL_POINTS,HIDE_OVERALL_GRADE
867790932150,10. 10-Б клас. Біологія і екологія (2026-2027),ACTIVE,,7y4siccj,True,https://classroom.google.com/c/ODY3NzkwOTMyMTUw,112650800097094238847,2026-06-12T14:37:03Z,2026-06-12T14:37:03Z,,10_10_2026_2027_28d80bbb@schoolgus.ukr.education,10_10_2026_2027_teachers_e55f2632@schoolgus.ukr.education,12v9T0tlp4tmmHvl06EhrjyZu36t6eS84kPFO4Tdi8WKgB7pM7G8rzDbkAKRNCeXeVjr8LKbV,10. 10-Б клас. Біологія і екологія (2026-2027),https://drive.google.com/drive/folders/12v9T0tlp4tmmHvl06EhrjyZu36t6eS84kPFO4Tdi8WKgB7pM7G8rzDbkAKRNCeXeVjr8LKbV,TOTAL_POINTS,HIDE_OVERALL_GRADE
867791515699,10. 10-Б клас. Геометрія (2026-2027),ACTIVE,,3llfqinz,True,https://classroom.google.com/c/ODY3NzkxNTE1Njk5,112650800097094238847,2026-06-12T14:37:03Z,2026-06-12T14:37:03Z,,10_10_2026_2027_deeb30e7@schoolgus.ukr.education,10_10_2026_2027_teachers_088eb8d8@schoolgus.ukr.education,18Kd33f6B4PYwdjOfcxc8uuaL6l8KBGiCDNDfCoA39zsZmQVA_unq0LHTXPsSHk4aCFaoZGHj,10. 10-Б клас. Геометрія (2026-2027),https://drive.google.com/drive/folders/18Kd33f6B4PYwdjOfcxc8uuaL6l8KBGiCDNDfCoA39zsZmQVA_unq0LHTXPsSHk4aCFaoZGHj,TOTAL_POINTS,HIDE_OVERALL_GRADE
855107124035,10. 10-Б клас. Алгебра і початки аналізу (2026-2027),ACTIVE,,eshsyd52,True,https://classroom.google.com/c/ODU1MTA3MTI0MDM1,112650800097094238847,2026-06-12T14:37:01Z,2026-06-12T14:37:01Z,c_classroom308157d9@group.calendar.google.com,10_10_2026_2027_2912d842@schoolgus.ukr.education,10_10_2026_2027_teachers_12d3c1b2@schoolgus.ukr.education,10hnQHaIcITNlzyXVxIcRt_5MIs5vbNwaU_aH3IQ9ew-nZgenCzuJTK7r0qV2o9dixgHxem11,10. 10-Б клас. Алгебра і початки аналізу (2026-2027),https://drive.google.com/drive/folders/10hnQHaIcITNlzyXVxIcRt_5MIs5vbNwaU_aH3IQ9ew-nZgenCzuJTK7r0qV2o9dixgHxem11,TOTAL_POINTS,HIDE_OVERALL_GRADE
867791699335,10. 10-Б клас. Громадянська освіта (2026-2027),ACTIVE,,azeurwkc,True,https://classroom.google.com/c/ODY3NzkxNjk5MzM1,112650800097094238847,2026-06-12T14:37:01Z,2026-06-12T14:37:01Z,c_classroomda38537a@group.calendar.google.com,10_10_2026_2027_d2cf0604@schoolgus.ukr.education,10_10_2026_2027_teachers_d89028a2@schoolgus.ukr.education,1TI0X29tmNGfcrZj14gQNaX581qJPuXnlJDUPYfkkj6sjWpPviiF2C3VaVhVEknBHBYZraK3O,10. 10-Б клас. Громадянська освіта (2026-2027),https://drive.google.com/drive/folders/1TI0X29tmNGfcrZj14gQNaX581qJPuXnlJDUPYfkkj6sjWpPviiF2C3VaVhVEknBHBYZraK3O,TOTAL_POINTS,HIDE_OVERALL_GRADE
867786558104,10. 10-Б клас. Всесвітня історія (2026-2027),ACTIVE,,ylohbqbo,True,https://classroom.google.com/c/ODY3Nzg2NTU4MTA0,112650800097094238847,2026-06-12T14:37:02Z,2026-06-12T14:37:02Z,,10_10_2026_2027_8eea5bd6@schoolgus.ukr.education,10_10_2026_2027_teachers_f461460c@schoolgus.ukr.education,1YOcnzKr8PFJH5dImAZqLdtFoP6Q141l7NWbh6Eib7NUzZEZMw81vqexjE7FeQIG0TdTlazJr,10. 10-Б клас. Всесвітня історія (2026-2027),https://drive.google.com/drive/folders/1YOcnzKr8PFJH5dImAZqLdtFoP6Q141l7NWbh6Eib7NUzZEZMw81vqexjE7FeQIG0TdTlazJr,TOTAL_POINTS,HIDE_OVERALL_GRADE
867791639748,10. 10-Б клас. Історія України (2026-2027),ACTIVE,,etfrgd2b,True,https://classroom.google.com/c/ODY3NzkxNjM5NzQ4,112650800097094238847,2026-06-12T14:37:00Z,2026-06-12T14:37:00Z,c_classroom62eb59ce@group.calendar.google.com,10_10_2026_2027_0b868128@schoolgus.ukr.education,10_10_2026_2027_teachers_712065b0@schoolgus.ukr.education,1rn3V_u4RHz6LRQwsqUqSn7PVe-dRih9QyOXoNo9JNSAjJOdZ0mrCYZ_Iixsccprw0Ceifc1o,10. 10-Б клас. Історія України (2026-2027),https://drive.google.com/drive/folders/1rn3V_u4RHz6LRQwsqUqSn7PVe-dRih9QyOXoNo9JNSAjJOdZ0mrCYZ_Iixsccprw0Ceifc1o,TOTAL_POINTS,HIDE_OVERALL_GRADE
867791474986,10. 10-Б клас. Друга іноземна мова (Німецька) (2026-2027),ACTIVE,,yymhxjss,True,https://classroom.google.com/c/ODY3NzkxNDc0OTg2,112650800097094238847,2026-06-12T14:36:59Z,2026-06-12T14:36:59Z,c_classroom4c2fd59b@group.calendar.google.com,10_10_2026_2027_124523e1@schoolgus.ukr.education,10_10_2026_2027_teachers_0cd452a4@schoolgus.ukr.education,1npeV4namTsS1MmoSvCjwD65Re7HC1dZe-jAsC3BotQuj1QyzO0kpMmSU9aKuxao_f4rmrCbr,10. 10-Б клас. Друга іноземна мова (Німецька) (2026-2027),https://drive.google.com/drive/folders/1npeV4namTsS1MmoSvCjwD65Re7HC1dZe-jAsC3BotQuj1QyzO0kpMmSU9aKuxao_f4rmrCbr,TOTAL_POINTS,HIDE_OVERALL_GRADE
855108478485,10. 10-Б клас. Англійська мова (2026-2027),ACTIVE,,52s2jjy7,True,https://classroom.google.com/c/ODU1MTA4NDc4NDg1,112650800097094238847,2026-06-12T14:36:58Z,2026-06-12T14:36:58Z,c_classroom1a12bde1@group.calendar.google.com,10_10_2026_2027_0af17365@schoolgus.ukr.education,10_10_2026_2027_teachers_4759836b@schoolgus.ukr.education,1yqGvZovhdlES1Xvq1zQ1MOSOZApsI4oYg5FL4YsaohN_Re_fgNio6OIdak4Cbz0t2bcXUUJu,10. 10-Б клас. Англійська мова (2026-2027),https://drive.google.com/drive/folders/1yqGvZovhdlES1Xvq1zQ1MOSOZApsI4oYg5FL4YsaohN_Re_fgNio6OIdak4Cbz0t2bcXUUJu,TOTAL_POINTS,HIDE_OVERALL_GRADE
867790761171,10. 10-Б клас. Українська мова (2026-2027),ACTIVE,,5juzmgns,True,https://classroom.google.com/c/ODY3NzkwNzYxMTcx,112650800097094238847,2026-06-12T14:36:57Z,2026-06-12T14:36:57Z,,10_10_2026_2027_c1460b98@schoolgus.ukr.education,10_10_2026_2027_teachers_c2c2170f@schoolgus.ukr.education,1yjGynrtyci6PXELQmTHRwSOetKp3bIAiKP9eUMiqXQ45TYdt8RoPv63gh5uoHVCM5TH3pota,10. 10-Б клас. Українська мова (2026-2027),https://drive.google.com/drive/folders/1yjGynrtyci6PXELQmTHRwSOetKp3bIAiKP9eUMiqXQ45TYdt8RoPv63gh5uoHVCM5TH3pota,TOTAL_POINTS,HIDE_OVERALL_GRADE
867790687363,10. 10-Б клас. Українська література (2026-2027),ACTIVE,,c3ulpo74,True,https://classroom.google.com/c/ODY3NzkwNjg3MzYz,112650800097094238847,2026-06-12T14:36:57Z,2026-06-12T14:36:57Z,,10_10_2026_2027_15e8854c@schoolgus.ukr.education,10_10_2026_2027_teachers_9278384c@schoolgus.ukr.education,1sBHM1ihufvOdxGNosDeeLh7iunv97-Pi7465asMBHaPtAqg58V0yrvWH2JmwffSij8jJNxcf,10. 10-Б клас. Українська література (2026-2027),https://drive.google.com/drive/folders/1sBHM1ihufvOdxGNosDeeLh7iunv97-Pi7465asMBHaPtAqg58V0yrvWH2JmwffSij8jJNxcf,TOTAL_POINTS,HIDE_OVERALL_GRADE
855108481032,10. 10-Б клас. Зарубіжна література (2026-2027),ACTIVE,,jpvd6wil,True,https://classroom.google.com/c/ODU1MTA4NDgxMDMy,112650800097094238847,2026-06-12T14:36:58Z,2026-06-12T14:36:58Z,,10_10_2026_2027_2071d466@schoolgus.ukr.education,10_10_2026_2027_teachers_ed61be13@schoolgus.ukr.education,1-7oeMerJGG-MNlaf5zbVd6K1y59kdD0e3-MQO0acXFWgSAN3pj4VJkPCpdcGtipIG1Bf_xI0,10. 10-Б клас. Зарубіжна література (2026-2027),https://drive.google.com/drive/folders/1-7oeMerJGG-MNlaf5zbVd6K1y59kdD0e3-MQO0acXFWgSAN3pj4VJkPCpdcGtipIG1Bf_xI0,TOTAL_POINTS,HIDE_OVERALL_GRADE
867791106811,10. 10-А клас. Основи християнської етики (2026-2027),ACTIVE,,4ko4bau4,True,https://classroom.google.com/c/ODY3NzkxMTA2ODEx,112650800097094238847,2026-06-12T14:36:56Z,2026-06-12T14:36:56Z,c_classroomb70803f4@group.calendar.google.com,10_10_2026_2027_3ea96c26@schoolgus.ukr.education,10_10_2026_2027_teachers_299f59e8@schoolgus.ukr.education,1D4ZThDeu3q-_eVT4uMz468JqXremUDCOe_YLi3xoTUeKSKBaQOl0T_lxA5LrJpcWrzdii5Je,10. 10-А клас. Основи християнської етики (2026-2027),https://drive.google.com/drive/folders/1D4ZThDeu3q-_eVT4uMz468JqXremUDCOe_YLi3xoTUeKSKBaQOl0T_lxA5LrJpcWrzdii5Je,TOTAL_POINTS,HIDE_OVERALL_GRADE
867791266939,10. 10-А клас. Фізична культура (2026-2027),ACTIVE,,t7klyled,True,https://classroom.google.com/c/ODY3NzkxMjY2OTM5,112650800097094238847,2026-06-12T14:36:55Z,2026-06-12T14:36:55Z,c_classroome6b17d29@group.calendar.google.com,10_10_2026_2027_65fd89ce@schoolgus.ukr.education,10_10_2026_2027_teachers_cda34f9b@schoolgus.ukr.education,1ulHqPhSQJFpeBbWOYTnK_FNVy1aY8DAbbqZtbDrejJ78h3ovs1Ls0eVVUhrFf8IbUQ8XdblM,10. 10-А клас. Фізична культура (2026-2027),https://drive.google.com/drive/folders/1ulHqPhSQJFpeBbWOYTnK_FNVy1aY8DAbbqZtbDrejJ78h3ovs1Ls0eVVUhrFf8IbUQ8XdblM,TOTAL_POINTS,HIDE_OVERALL_GRADE
867791081197,10. 10-А клас. Захист України (2026-2027),ACTIVE,,j7nhpl6q,True,https://classroom.google.com/c/ODY3NzkxMDgxMTk3,112650800097094238847,2026-06-12T14:36:55Z,2026-06-12T14:36:55Z,c_classroom2f516f4d@group.calendar.google.com,10_10_2026_2027_e5614da6@schoolgus.ukr.education,10_10_2026_2027_teachers_3bc5951c@schoolgus.ukr.education,1rQ5_ooYBXpjg11Bg5Ngheofo-R2FICvmEHlu2V76p4M2ABvqjoB0fQTX2zdbAeRDQRbjCDHe,10. 10-А клас. Захист України (2026-2027),https://drive.google.com/drive/folders/1rQ5_ooYBXpjg11Bg5Ngheofo-R2FICvmEHlu2V76p4M2ABvqjoB0fQTX2zdbAeRDQRbjCDHe,TOTAL_POINTS,HIDE_OVERALL_GRADE
867791528421,10. 10-А клас. Технології (2026-2027),ACTIVE,,zfjuyzga,True,https://classroom.google.com/c/ODY3NzkxNTI4NDIx,112650800097094238847,2026-06-12T14:36:54Z,2026-06-12T14:36:54Z,c_classroom2d780d6d@group.calendar.google.com,10_10_2026_2027_2dbb95b1@schoolgus.ukr.education,10_10_2026_2027_teachers_646ad0b1@schoolgus.ukr.education,19bBX8PDfzGuSlEGHSuHHGgWrk1Fr1QLzhLlX8_zTPu5zVygCM3cNVWbUVogOP152pl6fAQe_,10. 10-А клас. Технології (2026-2027),https://drive.google.com/drive/folders/19bBX8PDfzGuSlEGHSuHHGgWrk1Fr1QLzhLlX8_zTPu5zVygCM3cNVWbUVogOP152pl6fAQe_,TOTAL_POINTS,HIDE_OVERALL_GRADE
867791089003,10. 10-А клас. Мистецтво (2026-2027),ACTIVE,,s3g4qy6m,True,https://classroom.google.com/c/ODY3NzkxMDg5MDAz,112650800097094238847,2026-06-12T14:36:54Z,2026-06-12T14:36:54Z,,10_10_2026_2027_8c063037@schoolgus.ukr.education,10_10_2026_2027_teachers_c25923de@schoolgus.ukr.education,1thB66Db7fppUSEDAF8C-43nhb8YjQQIVqNgYjFJcjpmgOZcpRGzClwhQh-d8TApC2A3cDWB8,10. 10-А клас. Мистецтво (2026-2027),https://drive.google.com/drive/folders/1thB66Db7fppUSEDAF8C-43nhb8YjQQIVqNgYjFJcjpmgOZcpRGzClwhQh-d8TApC2A3cDWB8,TOTAL_POINTS,HIDE_OVERALL_GRADE
867791829313,10. 10-А клас. Хімія (2026-2027),ACTIVE,,kio2fgo4,True,https://classroom.google.com/c/ODY3NzkxODI5MzEz,112650800097094238847,2026-06-12T14:36:51Z,2026-06-12T14:36:51Z,,10_10_2026_2027_89646f9e@schoolgus.ukr.education,10_10_2026_2027_teachers_ef5ea206@schoolgus.ukr.education,1SITJO2ARYgUIsC5XOThc_UFI28YSUcyFlghyoxcrqWiuM-9QckCM8-5sF0XzSyiyJG89eeOB,10. 10-А клас. Хімія (2026-2027),https://drive.google.com/drive/folders/1SITJO2ARYgUIsC5XOThc_UFI28YSUcyFlghyoxcrqWiuM-9QckCM8-5sF0XzSyiyJG89eeOB,TOTAL_POINTS,HIDE_OVERALL_GRADE
867790621903,10. 10-А клас. Інформатика (2026-2027),ACTIVE,,z4wwauqi,True,https://classroom.google.com/c/ODY3NzkwNjIxOTAz,112650800097094238847,2026-06-12T14:36:52Z,2026-06-12T14:36:52Z,c_classroom423189d1@group.calendar.google.com,10_10_2026_2027_47bd2cf9@schoolgus.ukr.education,10_10_2026_2027_teachers_466e9714@schoolgus.ukr.education,16fubA9WhY1oMD5KeIj0NJ592qo6ZgHkPVL1dgVhP0kWvto2iJilDdk1AAlg8bvYm1J29LJVH,10. 10-А клас. Інформатика (2026-2027),https://drive.google.com/drive/folders/16fubA9WhY1oMD5KeIj0NJ592qo6ZgHkPVL1dgVhP0kWvto2iJilDdk1AAlg8bvYm1J29LJVH,TOTAL_POINTS,HIDE_OVERALL_GRADE
867791095498,10. 10-А клас. Фізика і астрономія (2026-2027),ACTIVE,,7q2mjwk3,True,https://classroom.google.com/c/ODY3NzkxMDk1NDk4,112650800097094238847,2026-06-12T14:36:51Z,2026-06-12T14:36:51Z,c_classroom15a19c3e@group.calendar.google.com,10_10_2026_2027_a2af7b6d@schoolgus.ukr.education,10_10_2026_2027_teachers_88b2e12b@schoolgus.ukr.education,1ge6pltNPuDhET7WZikwG9pa_kUN7Tu4ov2jtepSMAiEn4ePQJohWlsIJE5DqbUXofrtfy3KF,10. 10-А клас. Фізика і астрономія (2026-2027),https://drive.google.com/drive/folders/1ge6pltNPuDhET7WZikwG9pa_kUN7Tu4ov2jtepSMAiEn4ePQJohWlsIJE5DqbUXofrtfy3KF,TOTAL_POINTS,HIDE_OVERALL_GRADE
867791919424,10. 10-А клас. Географія (2026-2027),ACTIVE,,pnknvhz6,True,https://classroom.google.com/c/ODY3NzkxOTE5NDI0,112650800097094238847,2026-06-12T14:36:51Z,2026-06-12T14:36:51Z,,10_10_2026_2027_406e2a4c@schoolgus.ukr.education,10_10_2026_2027_teachers_e4c91621@schoolgus.ukr.education,1g9QVFshP12F_UhMpqa9OXHc0mW5F0x20rvwRw8YGfHzfjpYC6c5zRXwtYYLBEad1zm2fQ1oY,10. 10-А клас. Географія (2026-2027),https://drive.google.com/drive/folders/1g9QVFshP12F_UhMpqa9OXHc0mW5F0x20rvwRw8YGfHzfjpYC6c5zRXwtYYLBEad1zm2fQ1oY,TOTAL_POINTS,HIDE_OVERALL_GRADE
798183670601,10. 10-А клас. Біологія і екологія (2026-2027),ACTIVE,,e6hwdlkp,True,https://classroom.google.com/c/Nzk4MTgzNjcwNjAx,112650800097094238847,2026-06-12T14:36:51Z,2026-06-12T14:36:51Z,c_classroom8253b862@group.calendar.google.com,10_10_2026_2027_ef6ed106@schoolgus.ukr.education,10_10_2026_2027_teachers_403f1d7a@schoolgus.ukr.education,1b1Efw8MyVOBxGIn8H5qgtKE2rnow87RFimi-s3oI2AzlFr4Sx9ibG4CmzZZaaHFKcDuuAlmj,10. 10-А клас. Біологія і екологія (2026-2027),https://drive.google.com/drive/folders/1b1Efw8MyVOBxGIn8H5qgtKE2rnow87RFimi-s3oI2AzlFr4Sx9ibG4CmzZZaaHFKcDuuAlmj,TOTAL_POINTS,HIDE_OVERALL_GRADE
867791691567,10. 10-А клас. Геометрія (2026-2027),ACTIVE,,vbgoujng,True,https://classroom.google.com/c/ODY3NzkxNjkxNTY3,112650800097094238847,2026-06-12T14:36:48Z,2026-06-12T14:36:48Z,,10_10_2026_2027_76eab9ff@schoolgus.ukr.education,10_10_2026_2027_teachers_3eed6dbe@schoolgus.ukr.education,1AqGa-WhldVerMDuPHKzhPGrBLXvsgeRkhUSxdeUk_kJxtqJ47OJSGgkxkri-TEfjrVafwCWu,10. 10-А клас. Геометрія (2026-2027),https://drive.google.com/drive/folders/1AqGa-WhldVerMDuPHKzhPGrBLXvsgeRkhUSxdeUk_kJxtqJ47OJSGgkxkri-TEfjrVafwCWu,TOTAL_POINTS,HIDE_OVERALL_GRADE
867790815457,10. 10-А клас. Алгебра і початки аналізу (2026-2027),ACTIVE,,6ueqxpmo,True,https://classroom.google.com/c/ODY3NzkwODE1NDU3,112650800097094238847,2026-06-12T14:36:48Z,2026-06-12T14:36:48Z,,10_10_2026_2027_a80521a8@schoolgus.ukr.education,10_10_2026_2027_teachers_6305dbb3@schoolgus.ukr.education,1oXo3N2PwhReigvl4Ilkz08GU3WuYMrm1UnCntfbBk9rWMwK-WyOjHlp7SBChLaXSxOLmMal0,10. 10-А клас. Алгебра і початки аналізу (2026-2027),https://drive.google.com/drive/folders/1oXo3N2PwhReigvl4Ilkz08GU3WuYMrm1UnCntfbBk9rWMwK-WyOjHlp7SBChLaXSxOLmMal0,TOTAL_POINTS,HIDE_OVERALL_GRADE
867791766992,10. 10-А клас. Громадянська освіта (2026-2027),ACTIVE,,ljfl6nab,True,https://classroom.google.com/c/ODY3NzkxNzY2OTky,112650800097094238847,2026-06-12T14:36:48Z,2026-06-12T14:36:48Z,,10_10_2026_2027_3f90678f@schoolgus.ukr.education,10_10_2026_2027_teachers_915fa89a@schoolgus.ukr.education,1a9CFrWTLbQjKXK1FEnOU80_7q3EvptK1EKX6hozqTahWC_y6mSX6U7_OyacLpGifeFQp5kMg,10. 10-А клас. Громадянська освіта (2026-2027),https://drive.google.com/drive/folders/1a9CFrWTLbQjKXK1FEnOU80_7q3EvptK1EKX6hozqTahWC_y6mSX6U7_OyacLpGifeFQp5kMg,TOTAL_POINTS,HIDE_OVERALL_GRADE
867788420133,10. 10-А клас. Всесвітня історія (2026-2027),ACTIVE,,f5qxnxyr,True,https://classroom.google.com/c/ODY3Nzg4NDIwMTMz,112650800097094238847,2026-06-12T14:36:48Z,2026-06-12T14:36:48Z,,10_10_2026_2027_04ce2ee6@schoolgus.ukr.education,10_10_2026_2027_teachers_ad71c526@schoolgus.ukr.education,1fDPOvw-hikyh8hMNHS412aVLA34C863ZhPCOQzYd2jRm2YYBibzJQfFyKDy8iYXMpMo7xvbS,10. 10-А клас. Всесвітня історія (2026-2027),https://drive.google.com/drive/folders/1fDPOvw-hikyh8hMNHS412aVLA34C863ZhPCOQzYd2jRm2YYBibzJQfFyKDy8iYXMpMo7xvbS,TOTAL_POINTS,HIDE_OVERALL_GRADE
855108187955,10. 10-А клас. Історія України (2026-2027),ACTIVE,,h7uwhzp7,True,https://classroom.google.com/c/ODU1MTA4MTg3OTU1,112650800097094238847,2026-06-12T14:36:47Z,2026-06-12T14:36:47Z,,10_10_2026_2027_f0e50a34@schoolgus.ukr.education,10_10_2026_2027_teachers_059e7441@schoolgus.ukr.education,1_w9B_CgKdpt2W9-xzFJC06Z7Fx1sW3XN3PTG_0MrDX7quIXzELEc3LEaA1R9U8tTsI8LxrXE,10. 10-А клас. Історія України (2026-2027),https://drive.google.com/drive/folders/1_w9B_CgKdpt2W9-xzFJC06Z7Fx1sW3XN3PTG_0MrDX7quIXzELEc3LEaA1R9U8tTsI8LxrXE,TOTAL_POINTS,HIDE_OVERALL_GRADE
867792030673,10. 10-А клас. Зарубіжна література (2026-2027),ACTIVE,,232akjfz,True,https://classroom.google.com/c/ODY3NzkyMDMwNjcz,112650800097094238847,2026-06-12T14:36:45Z,2026-06-12T14:36:45Z,,10_10_2026_2027_c4d569ac@schoolgus.ukr.education,10_10_2026_2027_teachers_9436eb13@schoolgus.ukr.education,1TG0e8qfWNUqZnO0_J0ugGWuHV_VR-KjuuycZd5ML2eyvTW9MB7DVePgWvkVoyAEeY29fJXhB,10. 10-А клас. Зарубіжна література (2026-2027),https://drive.google.com/drive/folders/1TG0e8qfWNUqZnO0_J0ugGWuHV_VR-KjuuycZd5ML2eyvTW9MB7DVePgWvkVoyAEeY29fJXhB,TOTAL_POINTS,HIDE_OVERALL_GRADE
798183844970,10. 10-А клас. Англійська мова (2026-2027),ACTIVE,,vrosmf4g,True,https://classroom.google.com/c/Nzk4MTgzODQ0OTcw,112650800097094238847,2026-06-12T14:36:44Z,2026-06-12T14:36:44Z,,10_10_2026_2027_f1d3fa43@schoolgus.ukr.education,10_10_2026_2027_teachers_bb479ad5@schoolgus.ukr.education,1Iu2yyOeHLTUyx29Lu8orBYa4FGQFYKCe_5Zj_igDSS0rLbE7EelpilhaqNpdG1_xqFhEo_Gr,10. 10-А клас. Англійська мова (2026-2027),https://drive.google.com/drive/folders/1Iu2yyOeHLTUyx29Lu8orBYa4FGQFYKCe_5Zj_igDSS0rLbE7EelpilhaqNpdG1_xqFhEo_Gr,TOTAL_POINTS,HIDE_OVERALL_GRADE
867791100584,10. 10-А клас. Друга іноземна мова (Німецька) (2026-2027),ACTIVE,,ij7avdha,True,https://classroom.google.com/c/ODY3NzkxMTAwNTg0,112650800097094238847,2026-06-12T14:36:44Z,2026-06-12T14:36:44Z,c_classroomb63ca60e@group.calendar.google.com,10_10_2026_2027_5ffd433e@schoolgus.ukr.education,10_10_2026_2027_teachers_fadf3a70@schoolgus.ukr.education,1fuoduzXQzPUqnIJswDpj893g-7FCsWJDsAVlYGoh4vgBm5uCCA49aiRp0weHY5DP3q-FAaET,10. 10-А клас. Друга іноземна мова (Німецька) (2026-2027),https://drive.google.com/drive/folders/1fuoduzXQzPUqnIJswDpj893g-7FCsWJDsAVlYGoh4vgBm5uCCA49aiRp0weHY5DP3q-FAaET,TOTAL_POINTS,HIDE_OVERALL_GRADE
867791165939,10. 10-А клас. Українська література (2026-2027),ACTIVE,,hrpqxpur,True,https://classroom.google.com/c/ODY3NzkxMTY1OTM5,112650800097094238847,2026-06-12T14:36:44Z,2026-06-12T14:36:44Z,,10_10_2026_2027_1214b2ce@schoolgus.ukr.education,10_10_2026_2027_teachers_7928261a@schoolgus.ukr.education,1jywkePaqE26jhFmhOlADNtUGJPuQBiOkRHSv8P0i8XZYx9_x315SqN_IIoPPtTBABiPjM8y6,10. 10-А клас. Українська література (2026-2027),https://drive.google.com/drive/folders/1jywkePaqE26jhFmhOlADNtUGJPuQBiOkRHSv8P0i8XZYx9_x315SqN_IIoPPtTBABiPjM8y6,TOTAL_POINTS,HIDE_OVERALL_GRADE
867780430734,10. 10-А клас. Українська мова (2026-2027),ACTIVE,,p3nclqoz,True,https://classroom.google.com/c/ODY3NzgwNDMwNzM0,112650800097094238847,2026-06-12T14:36:45Z,2026-06-12T14:36:45Z,,10_10_2026_2027_78fe3469@schoolgus.ukr.education,10_10_2026_2027_teachers_980706f9@schoolgus.ukr.education,1CwMgdyPwEi1Kgnq3JAaxBgNEOgIzh78_NJWAoYUDtHNaFPK0IAxBy1jCSgLKMi6BCzY2uGA5,10. 10-А клас. Українська мова (2026-2027),https://drive.google.com/drive/folders/1CwMgdyPwEi1Kgnq3JAaxBgNEOgIzh78_NJWAoYUDtHNaFPK0IAxBy1jCSgLKMi6BCzY2uGA5,TOTAL_POINTS,HIDE_OVERALL_GRADE
867776937557,10. 10 клас. Екстернат (2026-2027),ACTIVE,,cizgmo3z,True,https://classroom.google.com/c/ODY3Nzc2OTM3NTU3,112650800097094238847,2026-06-12T14:23:52Z,2026-06-12T14:45:29Z,c_classroom9672d8f0@group.calendar.google.com,10_10_2026_2027_ad65f1c1@schoolgus.ukr.education,10_10_2026_2027_teachers_0f9d3b95@schoolgus.ukr.education,15l5tZ7fJIi3kmqVkUxdvW2b_u6bBdIQdn8gZV9jJqTYSUPbHcBZdUKUhKN2J1NL0XnlTNVVE,10. 10 клас. Екстернат (2026-2027),https://drive.google.com/drive/folders/15l5tZ7fJIi3kmqVkUxdvW2b_u6bBdIQdn8gZV9jJqTYSUPbHcBZdUKUhKN2J1NL0XnlTNVVE,TOTAL_POINTS,HIDE_OVERALL_GRADE
867789158503,11. 11 клас. Екстернат (2026-2027),ACTIVE,,hpwlgqb7,True,https://classroom.google.com/c/ODY3Nzg5MTU4NTAz,112650800097094238847,2026-06-12T14:09:16Z,2026-06-12T14:45:06Z,c_classroom3473a117@group.calendar.google.com,11_11_2026_2027_8306fec3@schoolgus.ukr.education,11_11_2026_2027_teachers_d9659b27@schoolgus.ukr.education,1yMI0kJGx6cBEc5JDGldxO7zjOLkEmvOLw-Gn_jy-5VmXDjJlulDLqAaHVQriJkexO5wGlsh9,11. 11 клас. Екстернат (2026-2027),https://drive.google.com/drive/folders/1yMI0kJGx6cBEc5JDGldxO7zjOLkEmvOLw-Gn_jy-5VmXDjJlulDLqAaHVQriJkexO5wGlsh9,TOTAL_POINTS,HIDE_OVERALL_GRADE
867785655043,09. 9-Г клас. Основи християнської етики (2026-2027),ACTIVE,,2ehd2wxn,True,https://classroom.google.com/c/ODY3Nzg1NjU1MDQz,112650800097094238847,2026-06-12T13:43:17Z,2026-06-12T13:43:17Z,,09_9_2026_2027_abe9fddb@schoolgus.ukr.education,09_9_2026_2027_teachers_ac22a8c7@schoolgus.ukr.education,1VSEAee8k5n-21JKolOVwRslTExyV8qUjaV0gvN9Amz2CzBlzJy2grEVBkFZ8YzHdMlOgyhmQ,09. 9-Г клас. Основи християнської етики (2026-2027),https://drive.google.com/drive/folders/1VSEAee8k5n-21JKolOVwRslTExyV8qUjaV0gvN9Amz2CzBlzJy2grEVBkFZ8YzHdMlOgyhmQ,TOTAL_POINTS,HIDE_OVERALL_GRADE
867782160104,09. 9-Г клас. Фізична культура (2026-2027),ACTIVE,,zlyd44f6,True,https://classroom.google.com/c/ODY3NzgyMTYwMTA0,112650800097094238847,2026-06-12T13:43:17Z,2026-06-12T13:43:17Z,,09_9_2026_2027_97331b87@schoolgus.ukr.education,09_9_2026_2027_teachers_e14b00bc@schoolgus.ukr.education,1KbGkGK6ad6eV31wXhdwgLCsrRZoz1PUCqkfHBlQWWKgSYzXaQNalxNh-yYD81Ug83tiB2Q3H,09. 9-Г клас. Фізична культура (2026-2027),https://drive.google.com/drive/folders/1KbGkGK6ad6eV31wXhdwgLCsrRZoz1PUCqkfHBlQWWKgSYzXaQNalxNh-yYD81Ug83tiB2Q3H,TOTAL_POINTS,HIDE_OVERALL_GRADE
867785809092,09. 9-Г клас. Технології (2026-2027),ACTIVE,,5zo34acb,True,https://classroom.google.com/c/ODY3Nzg1ODA5MDky,112650800097094238847,2026-06-12T13:43:16Z,2026-06-12T13:43:16Z,c_classroom279c6698@group.calendar.google.com,09_9_2026_2027_a70cdfa6@schoolgus.ukr.education,09_9_2026_2027_teachers_446af03f@schoolgus.ukr.education,1jPwlTgeiTJ9tkwgQlMhibOq87ZjwL68EiBD1tM7UaghpXk9Xewj5OfeJavMZDYieb3oFR_gC,09. 9-Г клас. Технології (2026-2027),https://drive.google.com/drive/folders/1jPwlTgeiTJ9tkwgQlMhibOq87ZjwL68EiBD1tM7UaghpXk9Xewj5OfeJavMZDYieb3oFR_gC,TOTAL_POINTS,HIDE_OVERALL_GRADE
867787075409,09. 9-Г клас. Мистецтво (2026-2027),ACTIVE,,ialpngfc,True,https://classroom.google.com/c/ODY3Nzg3MDc1NDA5,112650800097094238847,2026-06-12T13:43:14Z,2026-06-12T13:43:14Z,,09_9_2026_2027_577263be@schoolgus.ukr.education,09_9_2026_2027_teachers_54f221fd@schoolgus.ukr.education,1MvWkpqewW0zRMMy53Lf1DdUVfurtXuqPcMyvc26gOlc_-OnSvQz28lNrm5amitGEFakopIes,09. 9-Г клас. Мистецтво (2026-2027),https://drive.google.com/drive/folders/1MvWkpqewW0zRMMy53Lf1DdUVfurtXuqPcMyvc26gOlc_-OnSvQz28lNrm5amitGEFakopIes,TOTAL_POINTS,HIDE_OVERALL_GRADE
867786686257,09. 9-Г клас. Здоров'я безпека та добробут (2026-2027),ACTIVE,,3ad6erym,True,https://classroom.google.com/c/ODY3Nzg2Njg2MjU3,112650800097094238847,2026-06-12T13:43:16Z,2026-06-12T13:43:16Z,,09_9_2026_2027_1c666464@schoolgus.ukr.education,09_9_2026_2027_teachers_60b64a4f@schoolgus.ukr.education,1mtl36iOTn-cft_Ca5zPJ313HSpnZWs6xEDKzi2h3J4T0AwFPVONtLTA6DEKjsV2KpqxGgvJN,09. 9-Г клас. Здоров'я безпека та добробут (2026-2027),https://drive.google.com/drive/folders/1mtl36iOTn-cft_Ca5zPJ313HSpnZWs6xEDKzi2h3J4T0AwFPVONtLTA6DEKjsV2KpqxGgvJN,TOTAL_POINTS,HIDE_OVERALL_GRADE
867787145512,09. 9-Г клас. Хімія (2026-2027),ACTIVE,,ji7javuq,True,https://classroom.google.com/c/ODY3Nzg3MTQ1NTEy,112650800097094238847,2026-06-12T13:43:13Z,2026-06-12T13:43:13Z,,09_9_2026_2027_b441fcbe@schoolgus.ukr.education,09_9_2026_2027_teachers_ebcf6e06@schoolgus.ukr.education,1l1PUjsIyrkfIMHbKkEJYpdtaqOS8IadM3rCXT-gS9a-LW2nBAsUIW9t8PvWKLaRnJ5VzEAvk,09. 9-Г клас. Хімія (2026-2027),https://drive.google.com/drive/folders/1l1PUjsIyrkfIMHbKkEJYpdtaqOS8IadM3rCXT-gS9a-LW2nBAsUIW9t8PvWKLaRnJ5VzEAvk,TOTAL_POINTS,HIDE_OVERALL_GRADE
867786926822,09. 9-Г клас. Інформатика (2026-2027),ACTIVE,,hvlo6ghh,True,https://classroom.google.com/c/ODY3Nzg2OTI2ODIy,112650800097094238847,2026-06-12T13:43:13Z,2026-06-12T13:43:13Z,c_classroom6b2189ba@group.calendar.google.com,09_9_2026_2027_966f23b6@schoolgus.ukr.education,09_9_2026_2027_teachers_aeb12389@schoolgus.ukr.education,1JuQ-Ljm4dkMNBRapr2MMeQWttbsufN17ZteFHP67lWjvrWUWh0aYuLOefqpq_gwNMKL_jdz_,09. 9-Г клас. Інформатика (2026-2027),https://drive.google.com/drive/folders/1JuQ-Ljm4dkMNBRapr2MMeQWttbsufN17ZteFHP67lWjvrWUWh0aYuLOefqpq_gwNMKL_jdz_,TOTAL_POINTS,HIDE_OVERALL_GRADE
867786213276,09. 9-Г клас. Географія (2026-2027),ACTIVE,,ofeot6bz,True,https://classroom.google.com/c/ODY3Nzg2MjEzMjc2,112650800097094238847,2026-06-12T13:43:13Z,2026-06-12T13:43:13Z,c_classroome2f7a62f@group.calendar.google.com,09_9_2026_2027_56d54308@schoolgus.ukr.education,09_9_2026_2027_teachers_d5ba9d72@schoolgus.ukr.education,1TvImoTlmOizx2OeFMSY3wKZbdS5LbcMB4FXEdNslobdRTSr_6BJ9j1ODJjbzxl43QpWNEAKE,09. 9-Г клас. Географія (2026-2027),https://drive.google.com/drive/folders/1TvImoTlmOizx2OeFMSY3wKZbdS5LbcMB4FXEdNslobdRTSr_6BJ9j1ODJjbzxl43QpWNEAKE,TOTAL_POINTS,HIDE_OVERALL_GRADE
867786993926,09. 9-Г клас. Біологія (2026-2027),ACTIVE,,abmlmn4c,True,https://classroom.google.com/c/ODY3Nzg2OTkzOTI2,112650800097094238847,2026-06-12T13:43:11Z,2026-06-12T13:43:11Z,c_classroom626edc0e@group.calendar.google.com,09_9_2026_2027_bbbc0745@schoolgus.ukr.education,09_9_2026_2027_teachers_214fd26a@schoolgus.ukr.education,1fTf1-JViUPkM9tmEerDvMdm3Q6mPdKZf9x0sXzmYuLLQwVeEkWqDZyPhTjSq8hTE4OJOzUjp,09. 9-Г клас. Біологія (2026-2027),https://drive.google.com/drive/folders/1fTf1-JViUPkM9tmEerDvMdm3Q6mPdKZf9x0sXzmYuLLQwVeEkWqDZyPhTjSq8hTE4OJOzUjp,TOTAL_POINTS,HIDE_OVERALL_GRADE
867786590550,09. 9-Г клас. Фізика (2026-2027),ACTIVE,,mqd2uolo,True,https://classroom.google.com/c/ODY3Nzg2NTkwNTUw,112650800097094238847,2026-06-12T13:43:13Z,2026-06-12T13:43:13Z,,09_9_2026_2027_a3d7aedd@schoolgus.ukr.education,09_9_2026_2027_teachers_dabac934@schoolgus.ukr.education,1zUD-tzgXzy7zBYG9I3NEB94saq6VNxen8JnUnkOaHhEzXbKG9r3CKDwFtuFnOxcIOOPBQYK1,09. 9-Г клас. Фізика (2026-2027),https://drive.google.com/drive/folders/1zUD-tzgXzy7zBYG9I3NEB94saq6VNxen8JnUnkOaHhEzXbKG9r3CKDwFtuFnOxcIOOPBQYK1,TOTAL_POINTS,HIDE_OVERALL_GRADE
867785963184,09. 9-Г клас. Геометрія (2026-2027),ACTIVE,,dzzzveuv,True,https://classroom.google.com/c/ODY3Nzg1OTYzMTg0,112650800097094238847,2026-06-12T13:43:09Z,2026-06-12T13:43:09Z,c_classroom91898318@group.calendar.google.com,09_9_2026_2027_d022aa36@schoolgus.ukr.education,09_9_2026_2027_teachers_472715d1@schoolgus.ukr.education,1XFRgBQJouAG5_NXv8ljXOYrBlqMWiSiahhWrXqnYvhbhQ6ZEjC-dE48z1xv-w_etEzmf_k3e,09. 9-Г клас. Геометрія (2026-2027),https://drive.google.com/drive/folders/1XFRgBQJouAG5_NXv8ljXOYrBlqMWiSiahhWrXqnYvhbhQ6ZEjC-dE48z1xv-w_etEzmf_k3e,TOTAL_POINTS,HIDE_OVERALL_GRADE
867786306662,09. 9-Г клас. Алгебра (2026-2027),ACTIVE,,stlb5igu,True,https://classroom.google.com/c/ODY3Nzg2MzA2NjYy,112650800097094238847,2026-06-12T13:43:09Z,2026-06-12T13:43:09Z,,09_9_2026_2027_0d0ba33e@schoolgus.ukr.education,09_9_2026_2027_teachers_701ec9ca@schoolgus.ukr.education,1LeqprLaQF9vUian_5REyZKfYtwPa9GX1yleSY40OzrfrI3NXOhVb_ik_SzpPFpaBiGrHJrBd,09. 9-Г клас. Алгебра (2026-2027),https://drive.google.com/drive/folders/1LeqprLaQF9vUian_5REyZKfYtwPa9GX1yleSY40OzrfrI3NXOhVb_ik_SzpPFpaBiGrHJrBd,TOTAL_POINTS,HIDE_OVERALL_GRADE
867777141608,09. 9-Г клас. Основи правознавства (2026-2027),ACTIVE,,ufhx4427,True,https://classroom.google.com/c/ODY3Nzc3MTQxNjA4,112650800097094238847,2026-06-12T13:43:09Z,2026-06-12T13:43:09Z,,09_9_2026_2027_233d7b40@schoolgus.ukr.education,09_9_2026_2027_teachers_eb2fae8e@schoolgus.ukr.education,1eZLZp5d9z9TchKLNqQ940zOrjB3j_Qq9OT3P-4pT7dZPQGcqTGKg70-9JNkv8MjhvsHIh7af,09. 9-Г клас. Основи правознавства (2026-2027),https://drive.google.com/drive/folders/1eZLZp5d9z9TchKLNqQ940zOrjB3j_Qq9OT3P-4pT7dZPQGcqTGKg70-9JNkv8MjhvsHIh7af,TOTAL_POINTS,HIDE_OVERALL_GRADE
867785936205,09. 9-Г клас. Всесвітня історія (2026-2027),ACTIVE,,getmzopg,True,https://classroom.google.com/c/ODY3Nzg1OTM2MjA1,112650800097094238847,2026-06-12T13:43:09Z,2026-06-12T13:43:09Z,,09_9_2026_2027_7f94b163@schoolgus.ukr.education,09_9_2026_2027_teachers_6f65c4d1@schoolgus.ukr.education,1QozSt7z-XY-O_Qeet1Yxm6vhZ7jK10_EubnXZ0I9iCy_35y8UajSQzGJfqDaU2LF6eFeUnIs,09. 9-Г клас. Всесвітня історія (2026-2027),https://drive.google.com/drive/folders/1QozSt7z-XY-O_Qeet1Yxm6vhZ7jK10_EubnXZ0I9iCy_35y8UajSQzGJfqDaU2LF6eFeUnIs,TOTAL_POINTS,HIDE_OVERALL_GRADE
867787201201,09. 9-Г клас. Друга іноземна мова (Німецька) (2026-2027),ACTIVE,,afgp5lj3,True,https://classroom.google.com/c/ODY3Nzg3MjAxMjAx,112650800097094238847,2026-06-12T13:43:06Z,2026-06-12T13:43:06Z,,09_9_2026_2027_6fa282b3@schoolgus.ukr.education,09_9_2026_2027_teachers_35c1ab16@schoolgus.ukr.education,1k0JEtc788ln0UHZVvB20--I5HHpXUfvtALXybL_CjwJ9n5KU6STl2Su_woNTrNyLUmJLzBK8,09. 9-Г клас. Друга іноземна мова (Німецька) (2026-2027),https://drive.google.com/drive/folders/1k0JEtc788ln0UHZVvB20--I5HHpXUfvtALXybL_CjwJ9n5KU6STl2Su_woNTrNyLUmJLzBK8,TOTAL_POINTS,HIDE_OVERALL_GRADE
867786853992,09. 9-Г клас. Історія України (2026-2027),ACTIVE,,z3inxbch,True,https://classroom.google.com/c/ODY3Nzg2ODUzOTky,112650800097094238847,2026-06-12T13:43:07Z,2026-06-12T13:43:07Z,c_classroom3256a510@group.calendar.google.com,09_9_2026_2027_fe8e6fd6@schoolgus.ukr.education,09_9_2026_2027_teachers_1d217de5@schoolgus.ukr.education,1xjwjauUSaw9_uc-eJh7-SRTSNZ8NkbD2g-Vlt8nD9t483Jl9HXZwC0jbzLtHYOnrL2ed5ziy,09. 9-Г клас. Історія України (2026-2027),https://drive.google.com/drive/folders/1xjwjauUSaw9_uc-eJh7-SRTSNZ8NkbD2g-Vlt8nD9t483Jl9HXZwC0jbzLtHYOnrL2ed5ziy,TOTAL_POINTS,HIDE_OVERALL_GRADE
867787487737,09. 9-Г клас. Англійська мова (2026-2027),ACTIVE,,onlk422b,True,https://classroom.google.com/c/ODY3Nzg3NDg3NzM3,112650800097094238847,2026-06-12T13:43:06Z,2026-06-12T13:43:06Z,c_classrooma54662b3@group.calendar.google.com,09_9_2026_2027_43793549@schoolgus.ukr.education,09_9_2026_2027_teachers_91aa5d64@schoolgus.ukr.education,1uxcu_tCxOBNcG7FzUsub-w7ePR9SbNdokV7uzpYW7LwXasOzQ-szDfJbow_ufg7OzgyU2tO6,09. 9-Г клас. Англійська мова (2026-2027),https://drive.google.com/drive/folders/1uxcu_tCxOBNcG7FzUsub-w7ePR9SbNdokV7uzpYW7LwXasOzQ-szDfJbow_ufg7OzgyU2tO6,TOTAL_POINTS,HIDE_OVERALL_GRADE
867785784611,09. 9-Г клас. Зарубіжна література (2026-2027),ACTIVE,,26jvku3t,True,https://classroom.google.com/c/ODY3Nzg1Nzg0NjEx,112650800097094238847,2026-06-12T13:43:05Z,2026-06-12T13:43:05Z,,09_9_2026_2027_0101dca8@schoolgus.ukr.education,09_9_2026_2027_teachers_f0afb8e0@schoolgus.ukr.education,1rp42btg7oNb_zNaASMkZrDpThyQIraSzj14MsG9gwXFEozWJKpNH1YUHJ2uvIv8X5EEXVylY,09. 9-Г клас. Зарубіжна література (2026-2027),https://drive.google.com/drive/folders/1rp42btg7oNb_zNaASMkZrDpThyQIraSzj14MsG9gwXFEozWJKpNH1YUHJ2uvIv8X5EEXVylY,TOTAL_POINTS,HIDE_OVERALL_GRADE
867786374553,09. 9-Г клас. Українська література (2026-2027),ACTIVE,,brsi3mqj,True,https://classroom.google.com/c/ODY3Nzg2Mzc0NTUz,112650800097094238847,2026-06-12T13:43:05Z,2026-06-12T13:43:05Z,c_classroomebb7f522@group.calendar.google.com,09_9_2026_2027_3b5233f0@schoolgus.ukr.education,09_9_2026_2027_teachers_73baee10@schoolgus.ukr.education,1C0ItY9ELhDhz5AGZYvlEKWEZBmCwbkdQncfQujcT7Bdnd7R05okeLWcNmUangsjVtdIdpyNN,09. 9-Г клас. Українська література (2026-2027),https://drive.google.com/drive/folders/1C0ItY9ELhDhz5AGZYvlEKWEZBmCwbkdQncfQujcT7Bdnd7R05okeLWcNmUangsjVtdIdpyNN,TOTAL_POINTS,HIDE_OVERALL_GRADE
867786775622,09. 9-Г клас. Українська мова (2026-2027),ACTIVE,,evhmhyhf,True,https://classroom.google.com/c/ODY3Nzg2Nzc1NjIy,112650800097094238847,2026-06-12T13:43:05Z,2026-06-12T13:43:05Z,c_classroom626847e5@group.calendar.google.com,09_9_2026_2027_d0f19729@schoolgus.ukr.education,09_9_2026_2027_teachers_2fa6ddfa@schoolgus.ukr.education,17EYv_U3ROqrE-XDXVTpXSky4VL0s1G2mrsn6UlNtmHTcyTr7aN5WJjMzwVRj29peF6lh4IKw,09. 9-Г клас. Українська мова (2026-2027),https://drive.google.com/drive/folders/17EYv_U3ROqrE-XDXVTpXSky4VL0s1G2mrsn6UlNtmHTcyTr7aN5WJjMzwVRj29peF6lh4IKw,TOTAL_POINTS,HIDE_OVERALL_GRADE
867787101828,09. 9-В клас. Основи християнської етики (2026-2027),ACTIVE,,ej4wabc3,True,https://classroom.google.com/c/ODY3Nzg3MTAxODI4,112650800097094238847,2026-06-12T13:43:03Z,2026-06-12T13:43:03Z,c_classroom4d9c56e8@group.calendar.google.com,09_9_2026_2027_90b1dcac@schoolgus.ukr.education,09_9_2026_2027_teachers_ab8bbe2c@schoolgus.ukr.education,1ZR7PKS96lYvbRIj00_1P0blRKZfYuYegSnAFC0yG-w1sf-wiNuWpp6uMoTNikmpg8r3wKfAc,09. 9-В клас. Основи християнської етики (2026-2027),https://drive.google.com/drive/folders/1ZR7PKS96lYvbRIj00_1P0blRKZfYuYegSnAFC0yG-w1sf-wiNuWpp6uMoTNikmpg8r3wKfAc,TOTAL_POINTS,HIDE_OVERALL_GRADE
867782160083,09. 9-В клас. Фізична культура (2026-2027),ACTIVE,,u5wm5lrf,True,https://classroom.google.com/c/ODY3NzgyMTYwMDgz,112650800097094238847,2026-06-12T13:43:03Z,2026-06-12T13:43:03Z,c_classroom0ee4d2d3@group.calendar.google.com,09_9_2026_2027_4ad8e535@schoolgus.ukr.education,09_9_2026_2027_teachers_2faa5886@schoolgus.ukr.education,1kJqLlMhooEdlAUn-zvnltZQB2n3Tz3qW0BhX1yIBkHfGQQRr0M5S5VBSxRjq_v7BfOxRMhCq,09. 9-В клас. Фізична культура (2026-2027),https://drive.google.com/drive/folders/1kJqLlMhooEdlAUn-zvnltZQB2n3Tz3qW0BhX1yIBkHfGQQRr0M5S5VBSxRjq_v7BfOxRMhCq,TOTAL_POINTS,HIDE_OVERALL_GRADE
867787323494,09. 9-В клас. Технології (2026-2027),ACTIVE,,pbzi2dxf,True,https://classroom.google.com/c/ODY3Nzg3MzIzNDk0,112650800097094238847,2026-06-12T13:43:01Z,2026-06-12T13:43:01Z,,09_9_2026_2027_06349997@schoolgus.ukr.education,09_9_2026_2027_teachers_9e03149c@schoolgus.ukr.education,1fk9nYicSh-9xqLHPXta__lpRcmDLALS3e-DLKB3gQ6CxSHS_8xWsghRuzmgOdJMYWNbxBK7Y,09. 9-В клас. Технології (2026-2027),https://drive.google.com/drive/folders/1fk9nYicSh-9xqLHPXta__lpRcmDLALS3e-DLKB3gQ6CxSHS_8xWsghRuzmgOdJMYWNbxBK7Y,TOTAL_POINTS,HIDE_OVERALL_GRADE
867787509567,09. 9-В клас. Здоров'я безпека та добробут (2026-2027),ACTIVE,,5t327fhq,True,https://classroom.google.com/c/ODY3Nzg3NTA5NTY3,112650800097094238847,2026-06-12T13:43:01Z,2026-06-12T13:43:01Z,,09_9_2026_2027_0803d271@schoolgus.ukr.education,09_9_2026_2027_teachers_197d2b30@schoolgus.ukr.education,1W-EouQLy-k-OcH0_DOAIbB-o7z1GWG--oMaT30Rh_g1ukeRa7vELZQYfpzx-OkQPrZH1Usxh,09. 9-В клас. Здоров'я безпека та добробут (2026-2027),https://drive.google.com/drive/folders/1W-EouQLy-k-OcH0_DOAIbB-o7z1GWG--oMaT30Rh_g1ukeRa7vELZQYfpzx-OkQPrZH1Usxh,TOTAL_POINTS,HIDE_OVERALL_GRADE
867786249893,09. 9-В клас. Мистецтво (2026-2027),ACTIVE,,7q5asx5b,True,https://classroom.google.com/c/ODY3Nzg2MjQ5ODkz,112650800097094238847,2026-06-12T13:43:00Z,2026-06-12T13:43:00Z,,09_9_2026_2027_27cc9df7@schoolgus.ukr.education,09_9_2026_2027_teachers_19e34430@schoolgus.ukr.education,1g4n8ywYVVjmxWWJcrmh52Mys_AI3sIRnX6Ckajl7_iuueCN5A7JfrRGXYEt0JxdB63bvypHh,09. 9-В клас. Мистецтво (2026-2027),https://drive.google.com/drive/folders/1g4n8ywYVVjmxWWJcrmh52Mys_AI3sIRnX6Ckajl7_iuueCN5A7JfrRGXYEt0JxdB63bvypHh,TOTAL_POINTS,HIDE_OVERALL_GRADE
867786788433,09. 9-В клас. Інформатика (2026-2027),ACTIVE,,sorpca73,True,https://classroom.google.com/c/ODY3Nzg2Nzg4NDMz,112650800097094238847,2026-06-12T13:42:59Z,2026-06-12T13:42:59Z,,09_9_2026_2027_0921856b@schoolgus.ukr.education,09_9_2026_2027_teachers_1abda705@schoolgus.ukr.education,1A4N2x-U2Fjt92q3iYYOxatEWwVvT2McgM9v69jFIM-qwWP7qyvVmMDF58Lx6A6abfNgEptYQ,09. 9-В клас. Інформатика (2026-2027),https://drive.google.com/drive/folders/1A4N2x-U2Fjt92q3iYYOxatEWwVvT2McgM9v69jFIM-qwWP7qyvVmMDF58Lx6A6abfNgEptYQ,TOTAL_POINTS,HIDE_OVERALL_GRADE
867787176480,09. 9-В клас. Хімія (2026-2027),ACTIVE,,n3lohy6y,True,https://classroom.google.com/c/ODY3Nzg3MTc2NDgw,112650800097094238847,2026-06-12T13:42:59Z,2026-06-12T13:42:59Z,,09_9_2026_2027_733b437e@schoolgus.ukr.education,09_9_2026_2027_teachers_15fdac8d@schoolgus.ukr.education,1Nh2zg2UqPCxPFK3ukvuRnrMZNY9EazieNJUiyTolA73RpMWmBR3oc6920QbIhHJgnDiMcss4,09. 9-В клас. Хімія (2026-2027),https://drive.google.com/drive/folders/1Nh2zg2UqPCxPFK3ukvuRnrMZNY9EazieNJUiyTolA73RpMWmBR3oc6920QbIhHJgnDiMcss4,TOTAL_POINTS,HIDE_OVERALL_GRADE
867786375734,09. 9-В клас. Фізика (2026-2027),ACTIVE,,n3aiojwa,True,https://classroom.google.com/c/ODY3Nzg2Mzc1NzM0,112650800097094238847,2026-06-12T13:42:59Z,2026-06-12T13:42:59Z,c_classroom7ad6c9e3@group.calendar.google.com,09_9_2026_2027_756d4073@schoolgus.ukr.education,09_9_2026_2027_teachers_669d270a@schoolgus.ukr.education,1oTWmONwqrOGNLtqnPEgMVZ4MFX_xsqY2o10uh6aPRzTnkEkvlFtH65-hjWevfk-ivuW5B-c0,09. 9-В клас. Фізика (2026-2027),https://drive.google.com/drive/folders/1oTWmONwqrOGNLtqnPEgMVZ4MFX_xsqY2o10uh6aPRzTnkEkvlFtH65-hjWevfk-ivuW5B-c0,TOTAL_POINTS,HIDE_OVERALL_GRADE
867786828855,09. 9-В клас. Географія (2026-2027),ACTIVE,,uwdpse7k,True,https://classroom.google.com/c/ODY3Nzg2ODI4ODU1,112650800097094238847,2026-06-12T13:42:57Z,2026-06-12T13:42:57Z,c_classroomfab9e3cd@group.calendar.google.com,09_9_2026_2027_37c1aeda@schoolgus.ukr.education,09_9_2026_2027_teachers_6618e177@schoolgus.ukr.education,1pjvyhbK4DgarhQ3ZxaDmiRnqhsNlv_neqDC0zlvyp4Lh67Z3DnHIJoWYOpD6wpKLYKfW_P8w,09. 9-В клас. Географія (2026-2027),https://drive.google.com/drive/folders/1pjvyhbK4DgarhQ3ZxaDmiRnqhsNlv_neqDC0zlvyp4Lh67Z3DnHIJoWYOpD6wpKLYKfW_P8w,TOTAL_POINTS,HIDE_OVERALL_GRADE
867784872034,09. 9-В клас. Біологія (2026-2027),ACTIVE,,6gdedtp4,True,https://classroom.google.com/c/ODY3Nzg0ODcyMDM0,112650800097094238847,2026-06-12T13:42:57Z,2026-06-12T13:42:57Z,c_classroom1e2e25db@group.calendar.google.com,09_9_2026_2027_bb19153f@schoolgus.ukr.education,09_9_2026_2027_teachers_3d68f01d@schoolgus.ukr.education,1OZaBsXvFlEG9Gt85VHFCVXYjALTuUrOoGtmDm-MbZDqmv6zakE62ikTAOZLQxrtnTgY2o9My,09. 9-В клас. Біологія (2026-2027),https://drive.google.com/drive/folders/1OZaBsXvFlEG9Gt85VHFCVXYjALTuUrOoGtmDm-MbZDqmv6zakE62ikTAOZLQxrtnTgY2o9My,TOTAL_POINTS,HIDE_OVERALL_GRADE
867786086158,09. 9-В клас. Геометрія (2026-2027),ACTIVE,,psvwzzyi,True,https://classroom.google.com/c/ODY3Nzg2MDg2MTU4,112650800097094238847,2026-06-12T13:42:56Z,2026-06-12T13:42:56Z,c_classroom043b913b@group.calendar.google.com,09_9_2026_2027_d181d59d@schoolgus.ukr.education,09_9_2026_2027_teachers_6f10937b@schoolgus.ukr.education,1fquQ2_2FtBtYm0WhzGyx0sraHr1r6_1BTFdFcXOkYYGIyg9EkViIUsxaXb_Aai_8mGKj_Q6S,09. 9-В клас. Геометрія (2026-2027),https://drive.google.com/drive/folders/1fquQ2_2FtBtYm0WhzGyx0sraHr1r6_1BTFdFcXOkYYGIyg9EkViIUsxaXb_Aai_8mGKj_Q6S,TOTAL_POINTS,HIDE_OVERALL_GRADE
867786289446,09. 9-В клас. Алгебра (2026-2027),ACTIVE,,gayytijx,True,https://classroom.google.com/c/ODY3Nzg2Mjg5NDQ2,112650800097094238847,2026-06-12T13:42:56Z,2026-06-12T13:42:56Z,,09_9_2026_2027_50d60755@schoolgus.ukr.education,09_9_2026_2027_teachers_cda2a3da@schoolgus.ukr.education,1YhkyfrkBZwsEqqqQyQ3CRNUyjdPP5TBP2Th_1YCbq18Vm47JFZb-BiihPrjfiW54l4IcHb6k,09. 9-В клас. Алгебра (2026-2027),https://drive.google.com/drive/folders/1YhkyfrkBZwsEqqqQyQ3CRNUyjdPP5TBP2Th_1YCbq18Vm47JFZb-BiihPrjfiW54l4IcHb6k,TOTAL_POINTS,HIDE_OVERALL_GRADE
867787227627,09. 9-В клас. Основи правознавства (2026-2027),ACTIVE,,5rjxs7ky,True,https://classroom.google.com/c/ODY3Nzg3MjI3NjI3,112650800097094238847,2026-06-12T13:42:54Z,2026-06-12T13:42:54Z,,09_9_2026_2027_dae6024e@schoolgus.ukr.education,09_9_2026_2027_teachers_3b261bf1@schoolgus.ukr.education,1LLY8s1TjFerHQWIg8UWce6Ruls6o2Nj2VxWpvXJjKmF97jxfYcBe0aT7ZKKtxnVvTrmSzKhd,09. 9-В клас. Основи правознавства (2026-2027),https://drive.google.com/drive/folders/1LLY8s1TjFerHQWIg8UWce6Ruls6o2Nj2VxWpvXJjKmF97jxfYcBe0aT7ZKKtxnVvTrmSzKhd,TOTAL_POINTS,HIDE_OVERALL_GRADE
798182730924,09. 9-В клас. Всесвітня історія (2026-2027),ACTIVE,,zqh3iksk,True,https://classroom.google.com/c/Nzk4MTgyNzMwOTI0,112650800097094238847,2026-06-12T13:42:54Z,2026-06-12T13:42:54Z,,09_9_2026_2027_2663d0ea@schoolgus.ukr.education,09_9_2026_2027_teachers_50915832@schoolgus.ukr.education,11s7idFx1fgO7G9gpZwh3lNO5kvGRKssYC_uI8vzm_gOlrLPJhcaG9zIfkwEEIeXyKubuvDNO,09. 9-В клас. Всесвітня історія (2026-2027),https://drive.google.com/drive/folders/11s7idFx1fgO7G9gpZwh3lNO5kvGRKssYC_uI8vzm_gOlrLPJhcaG9zIfkwEEIeXyKubuvDNO,TOTAL_POINTS,HIDE_OVERALL_GRADE
867786244043,09. 9-В клас. Друга іноземна мова (Німецька) (2026-2027),ACTIVE,,ibwboi3s,True,https://classroom.google.com/c/ODY3Nzg2MjQ0MDQz,112650800097094238847,2026-06-12T13:42:52Z,2026-06-12T13:42:52Z,c_classroomd6358acf@group.calendar.google.com,09_9_2026_2027_73fe21d7@schoolgus.ukr.education,09_9_2026_2027_teachers_ae336e8c@schoolgus.ukr.education,1pWUxVqdgeNYJaxh7grIXACPIGt0uYboHC_1j9lBZ2GhAJLd3XKUwHu0VuEu-NuSeuNaTFhjX,09. 9-В клас. Друга іноземна мова (Німецька) (2026-2027),https://drive.google.com/drive/folders/1pWUxVqdgeNYJaxh7grIXACPIGt0uYboHC_1j9lBZ2GhAJLd3XKUwHu0VuEu-NuSeuNaTFhjX,TOTAL_POINTS,HIDE_OVERALL_GRADE
867787104336,09. 9-В клас. Історія України (2026-2027),ACTIVE,,hu7uol7p,True,https://classroom.google.com/c/ODY3Nzg3MTA0MzM2,112650800097094238847,2026-06-12T13:42:54Z,2026-06-12T13:42:54Z,,09_9_2026_2027_78ff3252@schoolgus.ukr.education,09_9_2026_2027_teachers_e50be89d@schoolgus.ukr.education,1wSEWRTo3LQgzdX1cDlSMPtUD3RmTWrsy2CgMfOTEpkR5xElsYH2Q9Ig-YkZFnatQxdOw05v7,09. 9-В клас. Історія України (2026-2027),https://drive.google.com/drive/folders/1wSEWRTo3LQgzdX1cDlSMPtUD3RmTWrsy2CgMfOTEpkR5xElsYH2Q9Ig-YkZFnatQxdOw05v7,TOTAL_POINTS,HIDE_OVERALL_GRADE
867787083726,09. 9-В клас. Англійська мова (2026-2027),ACTIVE,,6rsub4tv,True,https://classroom.google.com/c/ODY3Nzg3MDgzNzI2,112650800097094238847,2026-06-12T13:42:52Z,2026-06-12T13:42:52Z,c_classroomae10ee1b@group.calendar.google.com,09_9_2026_2027_689ccc98@schoolgus.ukr.education,09_9_2026_2027_teachers_a156d9d9@schoolgus.ukr.education,1j0s47AiyC6UYY6ohV14mmtMj-bizmKRZZ0I6ey9XydskPlSR7grxGswPWm3ZPd-K1VNA7ZGF,09. 9-В клас. Англійська мова (2026-2027),https://drive.google.com/drive/folders/1j0s47AiyC6UYY6ohV14mmtMj-bizmKRZZ0I6ey9XydskPlSR7grxGswPWm3ZPd-K1VNA7ZGF,TOTAL_POINTS,HIDE_OVERALL_GRADE
867783488698,09. 9-В клас. Зарубіжна література (2026-2027),ACTIVE,,x25kez3s,True,https://classroom.google.com/c/ODY3NzgzNDg4Njk4,112650800097094238847,2026-06-12T13:42:52Z,2026-06-12T13:42:52Z,c_classroomd4b76573@group.calendar.google.com,09_9_2026_2027_0053e37a@schoolgus.ukr.education,09_9_2026_2027_teachers_159b141d@schoolgus.ukr.education,1mbKKn4XMiJpGAWtXwbZzcTOzubIsvmWBF52NzdsS6qurorcr0Oqibf_Sn-xB6cKISZg6mnHl,09. 9-В клас. Зарубіжна література (2026-2027),https://drive.google.com/drive/folders/1mbKKn4XMiJpGAWtXwbZzcTOzubIsvmWBF52NzdsS6qurorcr0Oqibf_Sn-xB6cKISZg6mnHl,TOTAL_POINTS,HIDE_OVERALL_GRADE
867787178745,09. 9-Б клас. Основи християнської етики (2026-2027),ACTIVE,,b2un2egg,True,https://classroom.google.com/c/ODY3Nzg3MTc4NzQ1,112650800097094238847,2026-06-12T13:42:49Z,2026-06-12T13:42:49Z,c_classroombac6eb83@group.calendar.google.com,09_9_2026_2027_91b17dba@schoolgus.ukr.education,09_9_2026_2027_teachers_4dff3498@schoolgus.ukr.education,1rJjUeG6MGnqKTBRaBGr27bfMh9SOd-rsdeJg1Q8_y8Ux5qwCaqS3QiUntI5pCFa49pBpgvWU,09. 9-Б клас. Основи християнської етики (2026-2027),https://drive.google.com/drive/folders/1rJjUeG6MGnqKTBRaBGr27bfMh9SOd-rsdeJg1Q8_y8Ux5qwCaqS3QiUntI5pCFa49pBpgvWU,TOTAL_POINTS,HIDE_OVERALL_GRADE
867786895917,09. 9-В клас. Українська література (2026-2027),ACTIVE,,5cdgxlyi,True,https://classroom.google.com/c/ODY3Nzg2ODk1OTE3,112650800097094238847,2026-06-12T13:42:50Z,2026-06-12T13:42:50Z,c_classroom67714e72@group.calendar.google.com,09_9_2026_2027_257b4c53@schoolgus.ukr.education,09_9_2026_2027_teachers_f551fc8d@schoolgus.ukr.education,1SND1g9jdeRpF_ytWvSIRFqVwMypJaUMKKVUVhulaTWMQt_oLeTcCmXpKhNpfA19WSi8u2WWX,09. 9-В клас. Українська література (2026-2027),https://drive.google.com/drive/folders/1SND1g9jdeRpF_ytWvSIRFqVwMypJaUMKKVUVhulaTWMQt_oLeTcCmXpKhNpfA19WSi8u2WWX,TOTAL_POINTS,HIDE_OVERALL_GRADE
867786997803,09. 9-В клас. Українська мова (2026-2027),ACTIVE,,xx7iyj5v,True,https://classroom.google.com/c/ODY3Nzg2OTk3ODAz,112650800097094238847,2026-06-12T13:42:51Z,2026-06-12T13:42:51Z,,09_9_2026_2027_02ac100f@schoolgus.ukr.education,09_9_2026_2027_teachers_01b73401@schoolgus.ukr.education,1PW5NGFkOFylVjIt1xNaz4Xh8tIjG1mKrOZkduzWy4XNxr9lsEWI1Pi8GqYUm-14I1N1LEnH1,09. 9-В клас. Українська мова (2026-2027),https://drive.google.com/drive/folders/1PW5NGFkOFylVjIt1xNaz4Xh8tIjG1mKrOZkduzWy4XNxr9lsEWI1Pi8GqYUm-14I1N1LEnH1,TOTAL_POINTS,HIDE_OVERALL_GRADE
867786496575,09. 9-Б клас. Фізична культура (2026-2027),ACTIVE,,4yh53zjh,True,https://classroom.google.com/c/ODY3Nzg2NDk2NTc1,112650800097094238847,2026-06-12T13:42:48Z,2026-06-12T13:42:48Z,c_classroomd0682bcc@group.calendar.google.com,09_9_2026_2027_eeac7274@schoolgus.ukr.education,09_9_2026_2027_teachers_2a86e263@schoolgus.ukr.education,15t06T-_lVfn6g3yO0NME1cG_mhXMS_J4KEvF062Enx8FHE8iIYJzVkofqAGGz8FXkFNIDYlc,09. 9-Б клас. Фізична культура (2026-2027),https://drive.google.com/drive/folders/15t06T-_lVfn6g3yO0NME1cG_mhXMS_J4KEvF062Enx8FHE8iIYJzVkofqAGGz8FXkFNIDYlc,TOTAL_POINTS,HIDE_OVERALL_GRADE
867786786402,09. 9-Б клас. Здоров'я безпека та добробут (2026-2027),ACTIVE,,2z2hnooj,True,https://classroom.google.com/c/ODY3Nzg2Nzg2NDAy,112650800097094238847,2026-06-12T13:42:47Z,2026-06-12T13:42:47Z,c_classroome35bc717@group.calendar.google.com,09_9_2026_2027_ab029971@schoolgus.ukr.education,09_9_2026_2027_teachers_1fbde6f5@schoolgus.ukr.education,1BV7H5KIpwDUimDzdIA9VaxvURVsz36mLWzNNQlB9afaAm_rnJYCGofZaj5ocGEAnA3tpHnR5,09. 9-Б клас. Здоров'я безпека та добробут (2026-2027),https://drive.google.com/drive/folders/1BV7H5KIpwDUimDzdIA9VaxvURVsz36mLWzNNQlB9afaAm_rnJYCGofZaj5ocGEAnA3tpHnR5,TOTAL_POINTS,HIDE_OVERALL_GRADE
867785486255,09. 9-Б клас. Мистецтво (2026-2027),ACTIVE,,tlp67ean,True,https://classroom.google.com/c/ODY3Nzg1NDg2MjU1,112650800097094238847,2026-06-12T13:42:47Z,2026-06-12T13:42:47Z,,09_9_2026_2027_b06394d6@schoolgus.ukr.education,09_9_2026_2027_teachers_0c7e1ec6@schoolgus.ukr.education,1c3l9G3knc5HUnepXKJ3oU-Gi12oXdMsp2MQ45EF4r_MSgUrKhdeepNAevbF6xcn0cT6sUlFE,09. 9-Б клас. Мистецтво (2026-2027),https://drive.google.com/drive/folders/1c3l9G3knc5HUnepXKJ3oU-Gi12oXdMsp2MQ45EF4r_MSgUrKhdeepNAevbF6xcn0cT6sUlFE,TOTAL_POINTS,HIDE_OVERALL_GRADE
867786000656,09. 9-Б клас. Технології (2026-2027),ACTIVE,,oxrbdpro,True,https://classroom.google.com/c/ODY3Nzg2MDAwNjU2,112650800097094238847,2026-06-12T13:42:48Z,2026-06-12T13:42:48Z,c_classroom2c966260@group.calendar.google.com,09_9_2026_2027_5e0547e7@schoolgus.ukr.education,09_9_2026_2027_teachers_62638e9e@schoolgus.ukr.education,1jfBwCzMrxYKtrQWfjqZq19YE-JIXGdV5dwxnIAguzULsL5gpYJR0ZzER4FolbbZ8WL-8esKM,09. 9-Б клас. Технології (2026-2027),https://drive.google.com/drive/folders/1jfBwCzMrxYKtrQWfjqZq19YE-JIXGdV5dwxnIAguzULsL5gpYJR0ZzER4FolbbZ8WL-8esKM,TOTAL_POINTS,HIDE_OVERALL_GRADE
867786773337,09. 9-Б клас. Інформатика (2026-2027),ACTIVE,,g5jlv46m,True,https://classroom.google.com/c/ODY3Nzg2NzczMzM3,112650800097094238847,2026-06-12T13:42:45Z,2026-06-12T13:42:45Z,,09_9_2026_2027_c32b9c6f@schoolgus.ukr.education,09_9_2026_2027_teachers_c9fefbd6@schoolgus.ukr.education,1MpIe_cOYK2j5XF7pTFT7c0zgGYrVEe1_VKJ8M7CTD6WeYC1rS9nE9eBZXoNQaPi0DU-qr_wf,09. 9-Б клас. Інформатика (2026-2027),https://drive.google.com/drive/folders/1MpIe_cOYK2j5XF7pTFT7c0zgGYrVEe1_VKJ8M7CTD6WeYC1rS9nE9eBZXoNQaPi0DU-qr_wf,TOTAL_POINTS,HIDE_OVERALL_GRADE
867787578814,09. 9-Б клас. Хімія (2026-2027),ACTIVE,,35mehwyd,True,https://classroom.google.com/c/ODY3Nzg3NTc4ODE0,112650800097094238847,2026-06-12T13:42:45Z,2026-06-12T13:42:45Z,c_classroom8815c31c@group.calendar.google.com,09_9_2026_2027_0caa0a8b@schoolgus.ukr.education,09_9_2026_2027_teachers_6ac3c528@schoolgus.ukr.education,1FRGdRPv5aIveWjiFKVuXvz2HgRakLlxLiJAdU2tt0UunVOyxc-l7bHjd1tlx0x7sk8-ZTqZe,09. 9-Б клас. Хімія (2026-2027),https://drive.google.com/drive/folders/1FRGdRPv5aIveWjiFKVuXvz2HgRakLlxLiJAdU2tt0UunVOyxc-l7bHjd1tlx0x7sk8-ZTqZe,TOTAL_POINTS,HIDE_OVERALL_GRADE
867776422164,09. 9-Б клас. Біологія (2026-2027),ACTIVE,,xb4xfkab,True,https://classroom.google.com/c/ODY3Nzc2NDIyMTY0,112650800097094238847,2026-06-12T13:42:44Z,2026-06-12T13:42:44Z,c_classroom585e4a49@group.calendar.google.com,09_9_2026_2027_fd016246@schoolgus.ukr.education,09_9_2026_2027_teachers_aeed50aa@schoolgus.ukr.education,1yHcmiryaqmi4KUTpV7WB9im02XtafDC89s0h-2axDid73DI4sGeD0f8--R1VDEu_S9tLbK_l,09. 9-Б клас. Біологія (2026-2027),https://drive.google.com/drive/folders/1yHcmiryaqmi4KUTpV7WB9im02XtafDC89s0h-2axDid73DI4sGeD0f8--R1VDEu_S9tLbK_l,TOTAL_POINTS,HIDE_OVERALL_GRADE
867785721891,09. 9-Б клас. Фізика (2026-2027),ACTIVE,,6sdczyby,True,https://classroom.google.com/c/ODY3Nzg1NzIxODkx,112650800097094238847,2026-06-12T13:42:44Z,2026-06-12T13:42:44Z,c_classroome82bae61@group.calendar.google.com,09_9_2026_2027_9e5ffd43@schoolgus.ukr.education,09_9_2026_2027_teachers_7a119630@schoolgus.ukr.education,1fJwwNcTBl63q2rCqRFIe9V-ctvjSUITxyDmR9yX42lYwE1JLrZuCtGEk12TEF5PuTt7EzxTj,09. 9-Б клас. Фізика (2026-2027),https://drive.google.com/drive/folders/1fJwwNcTBl63q2rCqRFIe9V-ctvjSUITxyDmR9yX42lYwE1JLrZuCtGEk12TEF5PuTt7EzxTj,TOTAL_POINTS,HIDE_OVERALL_GRADE
798182757897,09. 9-Б клас. Географія (2026-2027),ACTIVE,,x7oblh4t,True,https://classroom.google.com/c/Nzk4MTgyNzU3ODk3,112650800097094238847,2026-06-12T13:42:43Z,2026-06-12T13:42:43Z,c_classroom2bfab43f@group.calendar.google.com,09_9_2026_2027_b8b7f1b2@schoolgus.ukr.education,09_9_2026_2027_teachers_a9e75e05@schoolgus.ukr.education,1KJDpaNJn9qbwlO8pTgctUm7VOtXJuVp7Ad-OCFtBYVnlnpxtPtZuB1QIbCUBhWxQWcAGi26c,09. 9-Б клас. Географія (2026-2027),https://drive.google.com/drive/folders/1KJDpaNJn9qbwlO8pTgctUm7VOtXJuVp7Ad-OCFtBYVnlnpxtPtZuB1QIbCUBhWxQWcAGi26c,TOTAL_POINTS,HIDE_OVERALL_GRADE
867786358395,09. 9-Б клас. Геометрія (2026-2027),ACTIVE,,n4rpwbdd,True,https://classroom.google.com/c/ODY3Nzg2MzU4Mzk1,112650800097094238847,2026-06-12T13:42:42Z,2026-06-12T13:42:42Z,c_classroomccbc261a@group.calendar.google.com,09_9_2026_2027_deb23410@schoolgus.ukr.education,09_9_2026_2027_teachers_6f68c332@schoolgus.ukr.education,1t-GrsEE8qhoJP2yLFXi19X3Vec1GG2mEEia9BcaIaRMfbVchp51GP2eDLDky6if7hmBAh2Nd,09. 9-Б клас. Геометрія (2026-2027),https://drive.google.com/drive/folders/1t-GrsEE8qhoJP2yLFXi19X3Vec1GG2mEEia9BcaIaRMfbVchp51GP2eDLDky6if7hmBAh2Nd,TOTAL_POINTS,HIDE_OVERALL_GRADE
867787218389,09. 9-Б клас. Алгебра (2026-2027),ACTIVE,,nttxbfpv,True,https://classroom.google.com/c/ODY3Nzg3MjE4Mzg5,112650800097094238847,2026-06-12T13:42:42Z,2026-06-12T13:42:42Z,c_classroom731fc9d7@group.calendar.google.com,09_9_2026_2027_77a66135@schoolgus.ukr.education,09_9_2026_2027_teachers_58422d14@schoolgus.ukr.education,1olDPWpkrxmqTjfF6XWiGGX9s8vzq6PmXhfZ2jAS73ox0J3gfmbRP-WNxSPKs0f8VYslGYwhE,09. 9-Б клас. Алгебра (2026-2027),https://drive.google.com/drive/folders/1olDPWpkrxmqTjfF6XWiGGX9s8vzq6PmXhfZ2jAS73ox0J3gfmbRP-WNxSPKs0f8VYslGYwhE,TOTAL_POINTS,HIDE_OVERALL_GRADE
867786884316,09. 9-Б клас. Історія України (2026-2027),ACTIVE,,5nfi77f2,True,https://classroom.google.com/c/ODY3Nzg2ODg0MzE2,112650800097094238847,2026-06-12T13:42:40Z,2026-06-12T13:42:40Z,c_classroom472aaf57@group.calendar.google.com,09_9_2026_2027_f74ead90@schoolgus.ukr.education,09_9_2026_2027_teachers_e406b76e@schoolgus.ukr.education,1oG6RL7U8utgpFocSE39dRpS6mXOezGlOudlt5LEyzYjctq1IwS_LP4sCzY8I-b-xi7fCo_H9,09. 9-Б клас. Історія України (2026-2027),https://drive.google.com/drive/folders/1oG6RL7U8utgpFocSE39dRpS6mXOezGlOudlt5LEyzYjctq1IwS_LP4sCzY8I-b-xi7fCo_H9,TOTAL_POINTS,HIDE_OVERALL_GRADE
867786283682,09. 9-Б клас. Всесвітня історія (2026-2027),ACTIVE,,vutajkyf,True,https://classroom.google.com/c/ODY3Nzg2MjgzNjgy,112650800097094238847,2026-06-12T13:42:40Z,2026-06-12T13:42:40Z,,09_9_2026_2027_39911475@schoolgus.ukr.education,09_9_2026_2027_teachers_8ae792ce@schoolgus.ukr.education,1XklDkcEKlcdOoDpGAWAM0cJCh9T7mgDn_V5H3rrG7Ioff_AB-SNbQ0iSeLQv6FYVplRkFrZc,09. 9-Б клас. Всесвітня історія (2026-2027),https://drive.google.com/drive/folders/1XklDkcEKlcdOoDpGAWAM0cJCh9T7mgDn_V5H3rrG7Ioff_AB-SNbQ0iSeLQv6FYVplRkFrZc,TOTAL_POINTS,HIDE_OVERALL_GRADE
867786418185,09. 9-Б клас. Основи правознавства (2026-2027),ACTIVE,,jph3nuyn,True,https://classroom.google.com/c/ODY3Nzg2NDE4MTg1,112650800097094238847,2026-06-12T13:42:40Z,2026-06-12T13:42:40Z,,09_9_2026_2027_d8722e30@schoolgus.ukr.education,09_9_2026_2027_teachers_4a4138b3@schoolgus.ukr.education,1dnHidy2De0j6vqXt1cwQN62jJvd3_Fl6cIEOuhSoxRC0zDWkbfvWS2SRGYppAp-Gev63MYv7,09. 9-Б клас. Основи правознавства (2026-2027),https://drive.google.com/drive/folders/1dnHidy2De0j6vqXt1cwQN62jJvd3_Fl6cIEOuhSoxRC0zDWkbfvWS2SRGYppAp-Gev63MYv7,TOTAL_POINTS,HIDE_OVERALL_GRADE
867778951804,09. 9-Б клас. Друга іноземна мова (Німецька) (2026-2027),ACTIVE,,eboa3ino,True,https://classroom.google.com/c/ODY3Nzc4OTUxODA0,112650800097094238847,2026-06-12T13:42:38Z,2026-06-12T13:42:38Z,c_classroomce08fed4@group.calendar.google.com,09_9_2026_2027_a3510ddb@schoolgus.ukr.education,09_9_2026_2027_teachers_9adffe52@schoolgus.ukr.education,19EWnqVLgRMCt_ts46G5K06GP85t6wBZnN-C3MeguW3p-_Tog74Um9yv9t4dUuqJ2CWjOq3Jy,09. 9-Б клас. Друга іноземна мова (Німецька) (2026-2027),https://drive.google.com/drive/folders/19EWnqVLgRMCt_ts46G5K06GP85t6wBZnN-C3MeguW3p-_Tog74Um9yv9t4dUuqJ2CWjOq3Jy,TOTAL_POINTS,HIDE_OVERALL_GRADE
867786392178,09. 9-Б клас. Англійська мова (2026-2027),ACTIVE,,nsiqmdjx,True,https://classroom.google.com/c/ODY3Nzg2MzkyMTc4,112650800097094238847,2026-06-12T13:42:37Z,2026-06-12T13:42:37Z,c_classroom7137763b@group.calendar.google.com,09_9_2026_2027_8b201566@schoolgus.ukr.education,09_9_2026_2027_teachers_d3b4d5dd@schoolgus.ukr.education,1cQwjeXwCtR3f5I_V5BI8I79B7ZwgDTbI4u6MVG7Ni1ZLXxcCHrU6WFHFkijqg4SBTlO5K5xF,09. 9-Б клас. Англійська мова (2026-2027),https://drive.google.com/drive/folders/1cQwjeXwCtR3f5I_V5BI8I79B7ZwgDTbI4u6MVG7Ni1ZLXxcCHrU6WFHFkijqg4SBTlO5K5xF,TOTAL_POINTS,HIDE_OVERALL_GRADE
867786590511,09. 9-Б клас. Українська мова (2026-2027),ACTIVE,,7kkrdt3v,True,https://classroom.google.com/c/ODY3Nzg2NTkwNTEx,112650800097094238847,2026-06-12T13:42:37Z,2026-06-12T13:42:37Z,,09_9_2026_2027_e8d1fa82@schoolgus.ukr.education,09_9_2026_2027_teachers_def5d795@schoolgus.ukr.education,1UUK9zkjXAUQFDuPOgfU1TsJ9NXHW032HAqL1onpSZlC-Te2CWnXf9pAWXmgI3bazqYuY6HFO,09. 9-Б клас. Українська мова (2026-2027),https://drive.google.com/drive/folders/1UUK9zkjXAUQFDuPOgfU1TsJ9NXHW032HAqL1onpSZlC-Te2CWnXf9pAWXmgI3bazqYuY6HFO,TOTAL_POINTS,HIDE_OVERALL_GRADE
867787078413,09. 9-Б клас. Українська література (2026-2027),ACTIVE,,f2ehmfqr,True,https://classroom.google.com/c/ODY3Nzg3MDc4NDEz,112650800097094238847,2026-06-12T13:42:37Z,2026-06-12T13:42:37Z,c_classroom08d88121@group.calendar.google.com,09_9_2026_2027_b83ac924@schoolgus.ukr.education,09_9_2026_2027_teachers_1074e8fd@schoolgus.ukr.education,1FU-PDRSrbaAykUc4TMEoOInjQl5GXAyULoej8szgjoht1oIu9SoYEhY_IVcBSNhAzVDRQ-X5,09. 9-Б клас. Українська література (2026-2027),https://drive.google.com/drive/folders/1FU-PDRSrbaAykUc4TMEoOInjQl5GXAyULoej8szgjoht1oIu9SoYEhY_IVcBSNhAzVDRQ-X5,TOTAL_POINTS,HIDE_OVERALL_GRADE
867787238281,09. 9-Б клас. Зарубіжна література (2026-2027),ACTIVE,,otoj32y3,True,https://classroom.google.com/c/ODY3Nzg3MjM4Mjgx,112650800097094238847,2026-06-12T13:42:37Z,2026-06-12T13:42:37Z,,09_9_2026_2027_b3df8ea7@schoolgus.ukr.education,09_9_2026_2027_teachers_27c4b250@schoolgus.ukr.education,1om4q0Zc_2n5ZQgD-d7tnJyNM_mkzjyv1kwYAyOW8YKbEcS07CoCHyRw5DRkAprGicORwqbGE,09. 9-Б клас. Зарубіжна література (2026-2027),https://drive.google.com/drive/folders/1om4q0Zc_2n5ZQgD-d7tnJyNM_mkzjyv1kwYAyOW8YKbEcS07CoCHyRw5DRkAprGicORwqbGE,TOTAL_POINTS,HIDE_OVERALL_GRADE
867787200754,09. 9-А клас. Основи християнської етики (2026-2027),ACTIVE,,h64lxca5,True,https://classroom.google.com/c/ODY3Nzg3MjAwNzU0,112650800097094238847,2026-06-12T13:42:34Z,2026-06-12T13:42:34Z,,09_9_2026_2027_31ebf8f8@schoolgus.ukr.education,09_9_2026_2027_teachers_98f24f15@schoolgus.ukr.education,1CoBOyFFQcbqNviDGlQXZBdl1BInmcytymIf9fXJJJIiWJ85iqP1n3c1padBLy5U6QdkijOUC,09. 9-А клас. Основи християнської етики (2026-2027),https://drive.google.com/drive/folders/1CoBOyFFQcbqNviDGlQXZBdl1BInmcytymIf9fXJJJIiWJ85iqP1n3c1padBLy5U6QdkijOUC,TOTAL_POINTS,HIDE_OVERALL_GRADE
867786003267,09. 9-А клас. Фізична культура (2026-2027),ACTIVE,,uahlflfa,True,https://classroom.google.com/c/ODY3Nzg2MDAzMjY3,112650800097094238847,2026-06-12T13:42:34Z,2026-06-12T13:42:34Z,,09_9_2026_2027_52881786@schoolgus.ukr.education,09_9_2026_2027_teachers_95ec8d27@schoolgus.ukr.education,1K1Q1wDlWzdGvTVLY5pdNOmO53otlSBSMC7CC20l2yeQ2yCah__VTEtXrZGKC-qOhdOhDGMOU,09. 9-А клас. Фізична культура (2026-2027),https://drive.google.com/drive/folders/1K1Q1wDlWzdGvTVLY5pdNOmO53otlSBSMC7CC20l2yeQ2yCah__VTEtXrZGKC-qOhdOhDGMOU,TOTAL_POINTS,HIDE_OVERALL_GRADE
867783897968,09. 9-А клас. Технології (2026-2027),ACTIVE,,4c6xfeqz,True,https://classroom.google.com/c/ODY3NzgzODk3OTY4,112650800097094238847,2026-06-12T13:42:33Z,2026-06-12T13:42:33Z,c_classroom027b5ec6@group.calendar.google.com,09_9_2026_2027_dbe75eb8@schoolgus.ukr.education,09_9_2026_2027_teachers_dc5ae53b@schoolgus.ukr.education,1ZVdFdNFS9JyQn2M1OOtePi7N5M-ksZAWbhBeQJ-NaTZTYTaxvalLQe3zq3hF1y2RguQGXBOo,09. 9-А клас. Технології (2026-2027),https://drive.google.com/drive/folders/1ZVdFdNFS9JyQn2M1OOtePi7N5M-ksZAWbhBeQJ-NaTZTYTaxvalLQe3zq3hF1y2RguQGXBOo,TOTAL_POINTS,HIDE_OVERALL_GRADE
867785609614,09. 9-А клас. Здоров'я безпека та добробут (2026-2027),ACTIVE,,oci5x753,True,https://classroom.google.com/c/ODY3Nzg1NjA5NjE0,112650800097094238847,2026-06-12T13:42:34Z,2026-06-12T13:42:34Z,,09_9_2026_2027_442f1942@schoolgus.ukr.education,09_9_2026_2027_teachers_e5ce6ed7@schoolgus.ukr.education,1QSInoWn_EYdfLTu3Cz4OmYPGvjDVrXBfRlcuNlTaTUDHE2cEKa5pcVSFL8oibcM9AMcRUCKF,09. 9-А клас. Здоров'я безпека та добробут (2026-2027),https://drive.google.com/drive/folders/1QSInoWn_EYdfLTu3Cz4OmYPGvjDVrXBfRlcuNlTaTUDHE2cEKa5pcVSFL8oibcM9AMcRUCKF,TOTAL_POINTS,HIDE_OVERALL_GRADE
867786626279,09. 9-А клас. Мистецтво (2026-2027),ACTIVE,,akkc72s6,True,https://classroom.google.com/c/ODY3Nzg2NjI2Mjc5,112650800097094238847,2026-06-12T13:42:33Z,2026-06-12T13:42:33Z,,09_9_2026_2027_6999cb02@schoolgus.ukr.education,09_9_2026_2027_teachers_eba9c0a5@schoolgus.ukr.education,1sUtWPx7mYC9QebN6lWHGhXgcespmuMt16Kw9C87k571jr52mYNxan_xrY7QpH8DqQX_LOh9S,09. 9-А клас. Мистецтво (2026-2027),https://drive.google.com/drive/folders/1sUtWPx7mYC9QebN6lWHGhXgcespmuMt16Kw9C87k571jr52mYNxan_xrY7QpH8DqQX_LOh9S,TOTAL_POINTS,HIDE_OVERALL_GRADE
867786796019,09. 9-А клас. Інформатика (2026-2027),ACTIVE,,cxu4yu5j,True,https://classroom.google.com/c/ODY3Nzg2Nzk2MDE5,112650800097094238847,2026-06-12T13:42:31Z,2026-06-12T13:42:31Z,,09_9_2026_2027_b3961dbc@schoolgus.ukr.education,09_9_2026_2027_teachers_6b4eef1c@schoolgus.ukr.education,138qT0G1lCIoAuV2m1C9Ieg7o5HkZdKUyrRLHWjOCqI1Skm9uD9S29vc-V7CzYfDp4KFEAQhS,09. 9-А клас. Інформатика (2026-2027),https://drive.google.com/drive/folders/138qT0G1lCIoAuV2m1C9Ieg7o5HkZdKUyrRLHWjOCqI1Skm9uD9S29vc-V7CzYfDp4KFEAQhS,TOTAL_POINTS,HIDE_OVERALL_GRADE
867786849851,09. 9-А клас. Хімія (2026-2027),ACTIVE,,wionston,True,https://classroom.google.com/c/ODY3Nzg2ODQ5ODUx,112650800097094238847,2026-06-12T13:42:30Z,2026-06-12T13:42:30Z,,09_9_2026_2027_696deb84@schoolgus.ukr.education,09_9_2026_2027_teachers_78cd8b64@schoolgus.ukr.education,1mcHx9mG5-FyJn55i9eRJZAZJvw64TpXK_7pCH1j6s_stOqvH4QmTw5E0SSMrS1Jz-aJXejJ7,09. 9-А клас. Хімія (2026-2027),https://drive.google.com/drive/folders/1mcHx9mG5-FyJn55i9eRJZAZJvw64TpXK_7pCH1j6s_stOqvH4QmTw5E0SSMrS1Jz-aJXejJ7,TOTAL_POINTS,HIDE_OVERALL_GRADE
867785549520,09. 9-А клас. Географія (2026-2027),ACTIVE,,2htrhdjg,True,https://classroom.google.com/c/ODY3Nzg1NTQ5NTIw,112650800097094238847,2026-06-12T13:42:30Z,2026-06-12T13:42:30Z,c_classroom1f8589e7@group.calendar.google.com,09_9_2026_2027_f0f8cc2b@schoolgus.ukr.education,09_9_2026_2027_teachers_a0835758@schoolgus.ukr.education,17CwV9Behov13c8RJ0G-pDNayZ8nhq12YqWzHiG5sLstnzaqjM7TvlQQ-98cjzCtx7lAA6lEt,09. 9-А клас. Географія (2026-2027),https://drive.google.com/drive/folders/17CwV9Behov13c8RJ0G-pDNayZ8nhq12YqWzHiG5sLstnzaqjM7TvlQQ-98cjzCtx7lAA6lEt,TOTAL_POINTS,HIDE_OVERALL_GRADE
867786686999,09. 9-А клас. Біологія (2026-2027),ACTIVE,,thdb6tph,True,https://classroom.google.com/c/ODY3Nzg2Njg2OTk5,112650800097094238847,2026-06-12T13:42:30Z,2026-06-12T13:42:30Z,,09_9_2026_2027_67215e1e@schoolgus.ukr.education,09_9_2026_2027_teachers_c48bae27@schoolgus.ukr.education,1peuGkONX3ljxXAxtyyeDKCffVDAyBYEwN_JIt7iIZHsJXDW_d17dhalDn5ohRAO7iypCbMkp,09. 9-А клас. Біологія (2026-2027),https://drive.google.com/drive/folders/1peuGkONX3ljxXAxtyyeDKCffVDAyBYEwN_JIt7iIZHsJXDW_d17dhalDn5ohRAO7iypCbMkp,TOTAL_POINTS,HIDE_OVERALL_GRADE
867787010260,09. 9-А клас. Фізика (2026-2027),ACTIVE,,akcffrbw,True,https://classroom.google.com/c/ODY3Nzg3MDEwMjYw,112650800097094238847,2026-06-12T13:42:30Z,2026-06-12T13:42:30Z,,09_9_2026_2027_151e4431@schoolgus.ukr.education,09_9_2026_2027_teachers_e0492af4@schoolgus.ukr.education,1vCHHgbAjrsrEbU95qH2OrRYqS_5hx9pc8QMxzBPnfYvmqcDsQHymjvRmjtypc8w6GmJeJRKW,09. 9-А клас. Фізика (2026-2027),https://drive.google.com/drive/folders/1vCHHgbAjrsrEbU95qH2OrRYqS_5hx9pc8QMxzBPnfYvmqcDsQHymjvRmjtypc8w6GmJeJRKW,TOTAL_POINTS,HIDE_OVERALL_GRADE
867786784658,09. 9-А клас. Алгебра (2026-2027),ACTIVE,,qmeqx7wo,True,https://classroom.google.com/c/ODY3Nzg2Nzg0NjU4,112650800097094238847,2026-06-12T13:42:27Z,2026-06-12T13:42:27Z,,09_9_2026_2027_d37e8f60@schoolgus.ukr.education,09_9_2026_2027_teachers_9aaaf0fd@schoolgus.ukr.education,1qVn7ottYCuxBBDIAbIq-psDXiwqnXR2_Lj8TVqimoYUR-qTgc37Dlcl12hAYmkvB0uOx82NE,09. 9-А клас. Алгебра (2026-2027),https://drive.google.com/drive/folders/1qVn7ottYCuxBBDIAbIq-psDXiwqnXR2_Lj8TVqimoYUR-qTgc37Dlcl12hAYmkvB0uOx82NE,TOTAL_POINTS,HIDE_OVERALL_GRADE
867786318073,09. 9-А клас. Всесвітня історія (2026-2027),ACTIVE,,lf7t56pa,True,https://classroom.google.com/c/ODY3Nzg2MzE4MDcz,112650800097094238847,2026-06-12T13:42:27Z,2026-06-12T13:42:27Z,c_classroom67609841@group.calendar.google.com,09_9_2026_2027_6bfc85f9@schoolgus.ukr.education,09_9_2026_2027_teachers_0d78f9b5@schoolgus.ukr.education,1V96sJONPf3G_i8r6wI8CWEBADDgrjjw44W60kxLs7DnSOfJ-_wFnQ7Q6Vtigqs8jqkBkz1_9,09. 9-А клас. Всесвітня історія (2026-2027),https://drive.google.com/drive/folders/1V96sJONPf3G_i8r6wI8CWEBADDgrjjw44W60kxLs7DnSOfJ-_wFnQ7Q6Vtigqs8jqkBkz1_9,TOTAL_POINTS,HIDE_OVERALL_GRADE
867786468876,09. 9-А клас. Геометрія (2026-2027),ACTIVE,,46yf4x3w,True,https://classroom.google.com/c/ODY3Nzg2NDY4ODc2,112650800097094238847,2026-06-12T13:42:27Z,2026-06-12T13:42:27Z,,09_9_2026_2027_57afbdc1@schoolgus.ukr.education,09_9_2026_2027_teachers_22d568ab@schoolgus.ukr.education,1aMgigGntVuqvpFdO0v8imrNQeo-6p6AQbLYAC_3amSmTKJaL-k9vEF6kgcsRGPHjx_7G0_yV,09. 9-А клас. Геометрія (2026-2027),https://drive.google.com/drive/folders/1aMgigGntVuqvpFdO0v8imrNQeo-6p6AQbLYAC_3amSmTKJaL-k9vEF6kgcsRGPHjx_7G0_yV,TOTAL_POINTS,HIDE_OVERALL_GRADE
867786492937,09. 9-А клас. Основи правознавства (2026-2027),ACTIVE,,kuj3r2fn,True,https://classroom.google.com/c/ODY3Nzg2NDkyOTM3,112650800097094238847,2026-06-12T13:42:27Z,2026-06-12T13:42:27Z,,09_9_2026_2027_d07e6f5d@schoolgus.ukr.education,09_9_2026_2027_teachers_a9da0936@schoolgus.ukr.education,1rvVHTU7oU8NfNmZH1EXNVCw_iqUoFD5tikUamMZaL3EXcU7ceAO3USStwIy-xAd9FtFKGQY0,09. 9-А клас. Основи правознавства (2026-2027),https://drive.google.com/drive/folders/1rvVHTU7oU8NfNmZH1EXNVCw_iqUoFD5tikUamMZaL3EXcU7ceAO3USStwIy-xAd9FtFKGQY0,TOTAL_POINTS,HIDE_OVERALL_GRADE
867786632646,09. 9-А клас. Історія України (2026-2027),ACTIVE,,wcy7nrqe,True,https://classroom.google.com/c/ODY3Nzg2NjMyNjQ2,112650800097094238847,2026-06-12T13:42:27Z,2026-06-12T13:42:27Z,,09_9_2026_2027_40e9b92f@schoolgus.ukr.education,09_9_2026_2027_teachers_21b574f5@schoolgus.ukr.education,1jXxKsC6SBX8j_IZqwugwk_NCcZuHQAYhrGSwaYHQJA54WFXmWrmniYqkkTdiia_-Esz25hUv,09. 9-А клас. Історія України (2026-2027),https://drive.google.com/drive/folders/1jXxKsC6SBX8j_IZqwugwk_NCcZuHQAYhrGSwaYHQJA54WFXmWrmniYqkkTdiia_-Esz25hUv,TOTAL_POINTS,HIDE_OVERALL_GRADE
867786402913,09. 9-А клас. Зарубіжна література (2026-2027),ACTIVE,,yvekvyl5,True,https://classroom.google.com/c/ODY3Nzg2NDAyOTEz,112650800097094238847,2026-06-12T13:42:24Z,2026-06-12T13:42:24Z,c_classroom9f54b8e4@group.calendar.google.com,09_9_2026_2027_ccf3e16b@schoolgus.ukr.education,09_9_2026_2027_teachers_2af4005b@schoolgus.ukr.education,1JfjHK64QXugywGqHseczNvCSO3AbOIWu62venXIUYAqVkRdtRxuX3aZLayL8PCZViRyJ226n,09. 9-А клас. Зарубіжна література (2026-2027),https://drive.google.com/drive/folders/1JfjHK64QXugywGqHseczNvCSO3AbOIWu62venXIUYAqVkRdtRxuX3aZLayL8PCZViRyJ226n,TOTAL_POINTS,HIDE_OVERALL_GRADE
867787147226,09. 9-А клас. Друга іноземна мова (Німецька) (2026-2027),ACTIVE,,csaiovea,True,https://classroom.google.com/c/ODY3Nzg3MTQ3MjI2,112650800097094238847,2026-06-12T13:42:24Z,2026-06-12T13:42:24Z,c_classroombe2e3db3@group.calendar.google.com,09_9_2026_2027_34b83eff@schoolgus.ukr.education,09_9_2026_2027_teachers_d3263236@schoolgus.ukr.education,1VArogwbsDf5kHhc3DIbT8Po3y32Q12SCq9R5zWLa8oUa4UR3RM3qAiXg0pjXf0vvd5BoiVjK,09. 9-А клас. Друга іноземна мова (Німецька) (2026-2027),https://drive.google.com/drive/folders/1VArogwbsDf5kHhc3DIbT8Po3y32Q12SCq9R5zWLa8oUa4UR3RM3qAiXg0pjXf0vvd5BoiVjK,TOTAL_POINTS,HIDE_OVERALL_GRADE
867781819138,09. 9-А клас. Українська література (2026-2027),ACTIVE,,kecin47z,True,https://classroom.google.com/c/ODY3NzgxODE5MTM4,112650800097094238847,2026-06-12T13:42:24Z,2026-06-12T13:42:24Z,,09_9_2026_2027_b45d09ea@schoolgus.ukr.education,09_9_2026_2027_teachers_581fa7c4@schoolgus.ukr.education,1Xmc0s3W3_7PFblJuIX64xTckYK9BVkISqXmn9AnODyZt9QdsvlmSM3lNmuP0d4PSf25tTDP7,09. 9-А клас. Українська література (2026-2027),https://drive.google.com/drive/folders/1Xmc0s3W3_7PFblJuIX64xTckYK9BVkISqXmn9AnODyZt9QdsvlmSM3lNmuP0d4PSf25tTDP7,TOTAL_POINTS,HIDE_OVERALL_GRADE
798182761202,09. 9-А клас. Українська мова (2026-2027),ACTIVE,,pjysncxd,True,https://classroom.google.com/c/Nzk4MTgyNzYxMjAy,112650800097094238847,2026-06-12T13:42:24Z,2026-06-12T13:42:24Z,,09_9_2026_2027_df728875@schoolgus.ukr.education,09_9_2026_2027_teachers_ac4a4641@schoolgus.ukr.education,1V3YvCB0AO68Py7rnUPG0FWgpFg0RGSlmzpRNZLFHRhXpGjN_tx4xYbDQOk4Y7tZDY4Hk8Xj9,09. 9-А клас. Українська мова (2026-2027),https://drive.google.com/drive/folders/1V3YvCB0AO68Py7rnUPG0FWgpFg0RGSlmzpRNZLFHRhXpGjN_tx4xYbDQOk4Y7tZDY4Hk8Xj9,TOTAL_POINTS,HIDE_OVERALL_GRADE
867786127462,09. 9-А клас. Англійська мова (2026-2027),ACTIVE,,nlkslict,True,https://classroom.google.com/c/ODY3Nzg2MTI3NDYy,112650800097094238847,2026-06-12T13:42:24Z,2026-06-12T13:42:24Z,,09_9_2026_2027_efc60290@schoolgus.ukr.education,09_9_2026_2027_teachers_415605ff@schoolgus.ukr.education,1VOSulfnj5GZJCJVVK4koQ4WLbzjSglJGj9yVJ1m0qH7akm1iLMvMulicbgGB2bEbpF9af53v,09. 9-А клас. Англійська мова (2026-2027),https://drive.google.com/drive/folders/1VOSulfnj5GZJCJVVK4koQ4WLbzjSglJGj9yVJ1m0qH7akm1iLMvMulicbgGB2bEbpF9af53v,TOTAL_POINTS,HIDE_OVERALL_GRADE
867785971111,09. 9 клас. Екстернат (2026-2027),ACTIVE,,as2hkkzv,True,https://classroom.google.com/c/ODY3Nzg1OTcxMTEx,112650800097094238847,2026-06-12T13:38:01Z,2026-06-12T13:41:18Z,,09_9_2026_2027_53b06921@schoolgus.ukr.education,09_9_2026_2027_teachers_6c3c6fbc@schoolgus.ukr.education,1Dk9mR4GQuU06YsT42ICF2LntyoAjN1oib2K-ZtdbckUrjAz6uYj3LFmS2Tf-3K4CXegNNdn1,09. 9 клас. Екстернат (2026-2027),https://drive.google.com/drive/folders/1Dk9mR4GQuU06YsT42ICF2LntyoAjN1oib2K-ZtdbckUrjAz6uYj3LFmS2Tf-3K4CXegNNdn1,TOTAL_POINTS,HIDE_OVERALL_GRADE
867774223740,08. 8-Г клас. Основи християнської етики (2026-2027),ACTIVE,,vvyftqt5,True,https://classroom.google.com/c/ODY3Nzc0MjIzNzQw,112650800097094238847,2026-06-12T10:30:17Z,2026-06-12T10:30:17Z,,08_8_2026_2027_ee13ed76@schoolgus.ukr.education,08_8_2026_2027_teachers_bda459f3@schoolgus.ukr.education,1lZIXBfQoryaLdz9blgCX5vYEVDsyzYAnnnVe9xpRMU7m5lv8yfTD12i2LBHSq2lGZdrYDke5,08. 8-Г клас. Основи християнської етики (2026-2027),https://drive.google.com/drive/folders/1lZIXBfQoryaLdz9blgCX5vYEVDsyzYAnnnVe9xpRMU7m5lv8yfTD12i2LBHSq2lGZdrYDke5,TOTAL_POINTS,HIDE_OVERALL_GRADE
867773305349,08. 8-Г клас. Фізична культура (2026-2027),ACTIVE,,os6iu2td,True,https://classroom.google.com/c/ODY3NzczMzA1MzQ5,112650800097094238847,2026-06-12T10:30:16Z,2026-06-12T10:30:16Z,c_classroom36357626@group.calendar.google.com,08_8_2026_2027_c68130ee@schoolgus.ukr.education,08_8_2026_2027_teachers_50b9b0d2@schoolgus.ukr.education,1e2cyspoPeBIfT_x1um7ghMP1hDjJvt_BwgVGqsaC3_7TKYIPfTSse4FBBLGM9YukPi4y4e-w,08. 8-Г клас. Фізична культура (2026-2027),https://drive.google.com/drive/folders/1e2cyspoPeBIfT_x1um7ghMP1hDjJvt_BwgVGqsaC3_7TKYIPfTSse4FBBLGM9YukPi4y4e-w,TOTAL_POINTS,HIDE_OVERALL_GRADE
867774182736,08. 8-Г клас. Технології (2026-2027),ACTIVE,,nuuhsxd7,True,https://classroom.google.com/c/ODY3Nzc0MTgyNzM2,112650800097094238847,2026-06-12T10:30:15Z,2026-06-12T10:30:15Z,c_classroomeb087695@group.calendar.google.com,08_8_2026_2027_249a5321@schoolgus.ukr.education,08_8_2026_2027_teachers_8e0b98c6@schoolgus.ukr.education,1mF6TP_DuXim6NOmZ7JJZ7Z-Uee-wW58UV4C3M_jseTvC5A1wAylc8-Hr67KODk06x_pqyAK-,08. 8-Г клас. Технології (2026-2027),https://drive.google.com/drive/folders/1mF6TP_DuXim6NOmZ7JJZ7Z-Uee-wW58UV4C3M_jseTvC5A1wAylc8-Hr67KODk06x_pqyAK-,TOTAL_POINTS,HIDE_OVERALL_GRADE
867773924931,08. 8-Г клас. Інформатика (2026-2027),ACTIVE,,rgya7vlp,True,https://classroom.google.com/c/ODY3NzczOTI0OTMx,112650800097094238847,2026-06-12T10:30:14Z,2026-06-12T10:30:14Z,c_classroom226cfecc@group.calendar.google.com,08_8_2026_2027_451e7e72@schoolgus.ukr.education,08_8_2026_2027_teachers_8ccd4908@schoolgus.ukr.education,13yYA75gqBbfpovcxvUhjSEWEpoqlKx1BKUFaljrhdcSdYb2qxE7f1x72Da7laq0Why740uY2,08. 8-Г клас. Інформатика (2026-2027),https://drive.google.com/drive/folders/13yYA75gqBbfpovcxvUhjSEWEpoqlKx1BKUFaljrhdcSdYb2qxE7f1x72Da7laq0Why740uY2,TOTAL_POINTS,HIDE_OVERALL_GRADE
867774122525,08. 8-Г клас. Мистецтво (2026-2027),ACTIVE,,5godnwvt,True,https://classroom.google.com/c/ODY3Nzc0MTIyNTI1,112650800097094238847,2026-06-12T10:30:14Z,2026-06-12T10:30:14Z,,08_8_2026_2027_437318f1@schoolgus.ukr.education,08_8_2026_2027_teachers_0e4eff03@schoolgus.ukr.education,191YOiDjAN82XW8SsTzsCE0Ws1Qw-iiFkQQqx2Mji6vmtR2aU6VJ8U3YXHI7m60WQ2HcNVp3I,08. 8-Г клас. Мистецтво (2026-2027),https://drive.google.com/drive/folders/191YOiDjAN82XW8SsTzsCE0Ws1Qw-iiFkQQqx2Mji6vmtR2aU6VJ8U3YXHI7m60WQ2HcNVp3I,TOTAL_POINTS,HIDE_OVERALL_GRADE
867772181521,08. 8-Г клас. Здоров'я безпека та добробут (2026-2027),ACTIVE,,5uizxwf4,True,https://classroom.google.com/c/ODY3NzcyMTgxNTIx,112650800097094238847,2026-06-12T10:30:16Z,2026-06-12T10:30:16Z,,08_8_2026_2027_266ac8ad@schoolgus.ukr.education,08_8_2026_2027_teachers_4ac8657b@schoolgus.ukr.education,1W_2DD2oPVrgmbR2737GarNIZpIeB-zxT1G0Xs-ycDP40-RkfCaemaWHScMXSO0CWcmFaTVZs,08. 8-Г клас. Здоров'я безпека та добробут (2026-2027),https://drive.google.com/drive/folders/1W_2DD2oPVrgmbR2737GarNIZpIeB-zxT1G0Xs-ycDP40-RkfCaemaWHScMXSO0CWcmFaTVZs,TOTAL_POINTS,HIDE_OVERALL_GRADE
867771594798,08. 8-Г клас. Хімія (2026-2027),ACTIVE,,apk5ibh7,True,https://classroom.google.com/c/ODY3NzcxNTk0Nzk4,112650800097094238847,2026-06-12T10:30:13Z,2026-06-12T10:30:13Z,,08_8_2026_2027_b9aa0a84@schoolgus.ukr.education,08_8_2026_2027_teachers_f182c724@schoolgus.ukr.education,1Mclb1Qd_GB1hSueG6QpPmIBLE4ZaTivpR1wFw9971K1Aou1PIQO5qPDAOEdzt10Boz0sgaLS,08. 8-Г клас. Хімія (2026-2027),https://drive.google.com/drive/folders/1Mclb1Qd_GB1hSueG6QpPmIBLE4ZaTivpR1wFw9971K1Aou1PIQO5qPDAOEdzt10Boz0sgaLS,TOTAL_POINTS,HIDE_OVERALL_GRADE
867774483586,08. 8-Г клас. Географія (2026-2027),ACTIVE,,jur4gpfe,True,https://classroom.google.com/c/ODY3Nzc0NDgzNTg2,112650800097094238847,2026-06-12T10:30:11Z,2026-06-12T10:30:11Z,,08_8_2026_2027_f6c18922@schoolgus.ukr.education,08_8_2026_2027_teachers_cdbfcaf1@schoolgus.ukr.education,1W2TDPtV9LDmcUE7U9qBkbBJC3sZ02sGHeKhRys1_fxJT5J-gu8TYxw7Y9lobVS7eDHOjYBfA,08. 8-Г клас. Географія (2026-2027),https://drive.google.com/drive/folders/1W2TDPtV9LDmcUE7U9qBkbBJC3sZ02sGHeKhRys1_fxJT5J-gu8TYxw7Y9lobVS7eDHOjYBfA,TOTAL_POINTS,HIDE_OVERALL_GRADE
867773940405,08. 8-Г клас. Фізика (2026-2027),ACTIVE,,caferzi3,True,https://classroom.google.com/c/ODY3NzczOTQwNDA1,112650800097094238847,2026-06-12T10:30:13Z,2026-06-12T10:30:13Z,c_classroom09d9adc5@group.calendar.google.com,08_8_2026_2027_aabb7840@schoolgus.ukr.education,08_8_2026_2027_teachers_d558bc63@schoolgus.ukr.education,1awPDlLdYKlb5upmbcT6b6g9Lpaii0Jit_w2Kq0q7DVD7iaEajIycySoJL7bKCNmDg3G57yTB,08. 8-Г клас. Фізика (2026-2027),https://drive.google.com/drive/folders/1awPDlLdYKlb5upmbcT6b6g9Lpaii0Jit_w2Kq0q7DVD7iaEajIycySoJL7bKCNmDg3G57yTB,TOTAL_POINTS,HIDE_OVERALL_GRADE
855102311558,08. 8-Г клас. Біологія (2026-2027),ACTIVE,,akjbb2dm,True,https://classroom.google.com/c/ODU1MTAyMzExNTU4,112650800097094238847,2026-06-12T10:30:11Z,2026-06-12T10:30:11Z,,08_8_2026_2027_f3023dc2@schoolgus.ukr.education,08_8_2026_2027_teachers_572e9c3c@schoolgus.ukr.education,1WnB12BPArqnF_q8Enx598UO5NJ3Oo90OTeYmufS2G9IF6TBkIiddcmLZvC0P_tdVj7bZhsT0,08. 8-Г клас. Біологія (2026-2027),https://drive.google.com/drive/folders/1WnB12BPArqnF_q8Enx598UO5NJ3Oo90OTeYmufS2G9IF6TBkIiddcmLZvC0P_tdVj7bZhsT0,TOTAL_POINTS,HIDE_OVERALL_GRADE
867773944734,08. 8-Г клас. Геометрія (2026-2027),ACTIVE,,dyrbqkyv,True,https://classroom.google.com/c/ODY3NzczOTQ0NzM0,112650800097094238847,2026-06-12T10:30:10Z,2026-06-12T10:30:10Z,,08_8_2026_2027_9288bb21@schoolgus.ukr.education,08_8_2026_2027_teachers_5af29c17@schoolgus.ukr.education,1AjqDGGV72jI7ykMAUVtUaGTRrmb_KFWwCCleUfN6VcZBIazf_8YCvP2tMdi7XjfLsRsbvgwZ,08. 8-Г клас. Геометрія (2026-2027),https://drive.google.com/drive/folders/1AjqDGGV72jI7ykMAUVtUaGTRrmb_KFWwCCleUfN6VcZBIazf_8YCvP2tMdi7XjfLsRsbvgwZ,TOTAL_POINTS,HIDE_OVERALL_GRADE
867773139942,08. 8-Г клас. Алгебра (2026-2027),ACTIVE,,w7guwgjk,True,https://classroom.google.com/c/ODY3NzczMTM5OTQy,112650800097094238847,2026-06-12T10:30:10Z,2026-06-12T10:30:10Z,c_classroom942acdff@group.calendar.google.com,08_8_2026_2027_b1daeb6e@schoolgus.ukr.education,08_8_2026_2027_teachers_39baca03@schoolgus.ukr.education,1DDpU4hzt7Ph3SDkRTadh4i5oKCn53Piqzq5OKTvSoSIXHzsFACV6Chku0vd95YGrfJLw-22q,08. 8-Г клас. Алгебра (2026-2027),https://drive.google.com/drive/folders/1DDpU4hzt7Ph3SDkRTadh4i5oKCn53Piqzq5OKTvSoSIXHzsFACV6Chku0vd95YGrfJLw-22q,TOTAL_POINTS,HIDE_OVERALL_GRADE
867772127240,08. 8-Г клас. Англійська мова (2026-2027),ACTIVE,,qmysi54y,True,https://classroom.google.com/c/ODY3NzcyMTI3MjQw,112650800097094238847,2026-06-12T10:30:07Z,2026-06-12T10:30:07Z,c_classroomdc45b6c7@group.calendar.google.com,08_8_2026_2027_16338438@schoolgus.ukr.education,08_8_2026_2027_teachers_1d1482b9@schoolgus.ukr.education,1simBt0vyH1cTV-SoXRwg6E8qlKVqT-DC_6ITJS0ik2j4dIVYHj87yInIStBOsk7nhrOlUQVG,08. 8-Г клас. Англійська мова (2026-2027),https://drive.google.com/drive/folders/1simBt0vyH1cTV-SoXRwg6E8qlKVqT-DC_6ITJS0ik2j4dIVYHj87yInIStBOsk7nhrOlUQVG,TOTAL_POINTS,HIDE_OVERALL_GRADE
867773065413,08. 8-Г клас. Друга іноземна мова (Німецька) (2026-2027),ACTIVE,,ljptu5az,True,https://classroom.google.com/c/ODY3NzczMDY1NDEz,112650800097094238847,2026-06-12T10:30:08Z,2026-06-12T10:30:08Z,c_classroom235c8318@group.calendar.google.com,08_8_2026_2027_1fe123a2@schoolgus.ukr.education,08_8_2026_2027_teachers_4dcf2f79@schoolgus.ukr.education,11Q1gvVNMgG_6rsiy6sZAI1SRz-iv_toqBZVMWta0UvVWvI5D_SyojXa366NL0tELf-UvEy8Y,08. 8-Г клас. Друга іноземна мова (Німецька) (2026-2027),https://drive.google.com/drive/folders/11Q1gvVNMgG_6rsiy6sZAI1SRz-iv_toqBZVMWta0UvVWvI5D_SyojXa366NL0tELf-UvEy8Y,TOTAL_POINTS,HIDE_OVERALL_GRADE
867774054220,08. 8-Г клас. Всесвітня історія (2026-2027),ACTIVE,,yxz6osri,True,https://classroom.google.com/c/ODY3Nzc0MDU0MjIw,112650800097094238847,2026-06-12T10:30:10Z,2026-06-12T10:30:10Z,c_classroomd424400c@group.calendar.google.com,08_8_2026_2027_dbdbb80d@schoolgus.ukr.education,08_8_2026_2027_teachers_a329dc49@schoolgus.ukr.education,1KorjPV5T5N_vU66AWvjd-AvlB0snl_wKbMMRu2vXk7Z9HJftxW-u6OazlMguYEakyY5qd_xF,08. 8-Г клас. Всесвітня історія (2026-2027),https://drive.google.com/drive/folders/1KorjPV5T5N_vU66AWvjd-AvlB0snl_wKbMMRu2vXk7Z9HJftxW-u6OazlMguYEakyY5qd_xF,TOTAL_POINTS,HIDE_OVERALL_GRADE
855102447799,08. 8-Г клас. Історія України (2026-2027),ACTIVE,,6cctywxt,True,https://classroom.google.com/c/ODU1MTAyNDQ3Nzk5,112650800097094238847,2026-06-12T10:30:08Z,2026-06-12T10:30:08Z,c_classroombd968125@group.calendar.google.com,08_8_2026_2027_07e78b49@schoolgus.ukr.education,08_8_2026_2027_teachers_89d0ec53@schoolgus.ukr.education,1jUC5tB2Z8on-a4EsOlXXug3Ul_41Ibg6KTuMoh-8NbsfYPy_I26HoVUsqDWTPo2bxd9nk6be,08. 8-Г клас. Історія України (2026-2027),https://drive.google.com/drive/folders/1jUC5tB2Z8on-a4EsOlXXug3Ul_41Ibg6KTuMoh-8NbsfYPy_I26HoVUsqDWTPo2bxd9nk6be,TOTAL_POINTS,HIDE_OVERALL_GRADE
867773975059,08. 8-Г клас. Зарубіжна література (2026-2027),ACTIVE,,mtqxfba4,True,https://classroom.google.com/c/ODY3NzczOTc1MDU5,112650800097094238847,2026-06-12T10:30:07Z,2026-06-12T10:30:07Z,c_classroom5f798517@group.calendar.google.com,08_8_2026_2027_2d8ddc61@schoolgus.ukr.education,08_8_2026_2027_teachers_03663327@schoolgus.ukr.education,1mtGPhjb94MjPjN7YacK6nXp0bgpOPk2y9ghml52_Fcjp4ewvgU0W0dsY1mJsj1RsXCi7HRc-,08. 8-Г клас. Зарубіжна література (2026-2027),https://drive.google.com/drive/folders/1mtGPhjb94MjPjN7YacK6nXp0bgpOPk2y9ghml52_Fcjp4ewvgU0W0dsY1mJsj1RsXCi7HRc-,TOTAL_POINTS,HIDE_OVERALL_GRADE
867774101037,08. 8-В клас. Основи християнської етики (2026-2027),ACTIVE,,dbwxvskl,True,https://classroom.google.com/c/ODY3Nzc0MTAxMDM3,112650800097094238847,2026-06-12T10:30:04Z,2026-06-12T10:30:04Z,c_classroome29934d5@group.calendar.google.com,08_8_2026_2027_fdcdd9a5@schoolgus.ukr.education,08_8_2026_2027_teachers_f9180f0b@schoolgus.ukr.education,1s4gDNxQ0L7lVKlcfofgg8FjgjQhe9kikvq5PryqL-xQXRy5Utqkg1KNZMiDZ0kuuF7EyyOC0,08. 8-В клас. Основи християнської етики (2026-2027),https://drive.google.com/drive/folders/1s4gDNxQ0L7lVKlcfofgg8FjgjQhe9kikvq5PryqL-xQXRy5Utqkg1KNZMiDZ0kuuF7EyyOC0,TOTAL_POINTS,HIDE_OVERALL_GRADE
867773856296,08. 8-В клас. Фізична культура (2026-2027),ACTIVE,,ydnqq6te,True,https://classroom.google.com/c/ODY3NzczODU2Mjk2,112650800097094238847,2026-06-12T10:30:04Z,2026-06-12T10:30:04Z,,08_8_2026_2027_1e3e4967@schoolgus.ukr.education,08_8_2026_2027_teachers_db38e48c@schoolgus.ukr.education,1BQ4hfUaTagTUMxCtc8BlX5bjTgB3bWt8Jw61oWRflzgMmxEI4zV16FuZ-GlM3ViqNVebf47R,08. 8-В клас. Фізична культура (2026-2027),https://drive.google.com/drive/folders/1BQ4hfUaTagTUMxCtc8BlX5bjTgB3bWt8Jw61oWRflzgMmxEI4zV16FuZ-GlM3ViqNVebf47R,TOTAL_POINTS,HIDE_OVERALL_GRADE
867774302044,08. 8-Г клас. Українська література (2026-2027),ACTIVE,,af27izfj,True,https://classroom.google.com/c/ODY3Nzc0MzAyMDQ0,112650800097094238847,2026-06-12T10:30:07Z,2026-06-12T10:30:07Z,,08_8_2026_2027_e27ef98b@schoolgus.ukr.education,08_8_2026_2027_teachers_81d05846@schoolgus.ukr.education,1iaOXWXc3LfwobDdUO-CHrDhQ4yp1rV70yNM1IKQpmbZe9eSHV8rCKUMvKYJl77fpkAnHXqsm,08. 8-Г клас. Українська література (2026-2027),https://drive.google.com/drive/folders/1iaOXWXc3LfwobDdUO-CHrDhQ4yp1rV70yNM1IKQpmbZe9eSHV8rCKUMvKYJl77fpkAnHXqsm,TOTAL_POINTS,HIDE_OVERALL_GRADE
867773633196,08. 8-Г клас. Українська мова (2026-2027),ACTIVE,,lgmenjcb,True,https://classroom.google.com/c/ODY3NzczNjMzMTk2,112650800097094238847,2026-06-12T10:30:05Z,2026-06-12T10:30:05Z,c_classroom15ae7b95@group.calendar.google.com,08_8_2026_2027_65182b4f@schoolgus.ukr.education,08_8_2026_2027_teachers_ca909dd6@schoolgus.ukr.education,1z3GKxnXQX1oSABWJvqjNUCptZnOImwNkkE4H95L0QmRFMr_DQiGApDNajwEVyNvFGRnmSNuJ,08. 8-Г клас. Українська мова (2026-2027),https://drive.google.com/drive/folders/1z3GKxnXQX1oSABWJvqjNUCptZnOImwNkkE4H95L0QmRFMr_DQiGApDNajwEVyNvFGRnmSNuJ,TOTAL_POINTS,HIDE_OVERALL_GRADE
867774361523,08. 8-В клас. Здоров'я безпека та добробут (2026-2027),ACTIVE,,bo5gzaen,True,https://classroom.google.com/c/ODY3Nzc0MzYxNTIz,112650800097094238847,2026-06-12T10:30:04Z,2026-06-12T10:30:04Z,,08_8_2026_2027_3545df17@schoolgus.ukr.education,08_8_2026_2027_teachers_a677c94b@schoolgus.ukr.education,1W7Z4uA2aUwI50vmQAIRWscpZ99IHKzhnOhk2YttAEJ_dGegrxvPaHlM1JKff7n7Wy2cKimUw,08. 8-В клас. Здоров'я безпека та добробут (2026-2027),https://drive.google.com/drive/folders/1W7Z4uA2aUwI50vmQAIRWscpZ99IHKzhnOhk2YttAEJ_dGegrxvPaHlM1JKff7n7Wy2cKimUw,TOTAL_POINTS,HIDE_OVERALL_GRADE
867774137225,08. 8-В клас. Хімія (2026-2027),ACTIVE,,o32aybxt,True,https://classroom.google.com/c/ODY3Nzc0MTM3MjI1,112650800097094238847,2026-06-12T10:30:01Z,2026-06-12T10:30:01Z,c_classroom87d10617@group.calendar.google.com,08_8_2026_2027_8a484add@schoolgus.ukr.education,08_8_2026_2027_teachers_76451533@schoolgus.ukr.education,1OlPfVWGAY85YcRtI8SDW-6HoIprFU3wkzweYR18YJ7o5POkKLEbQy-5Pwb28cdBQNLjpF1cC,08. 8-В клас. Хімія (2026-2027),https://drive.google.com/drive/folders/1OlPfVWGAY85YcRtI8SDW-6HoIprFU3wkzweYR18YJ7o5POkKLEbQy-5Pwb28cdBQNLjpF1cC,TOTAL_POINTS,HIDE_OVERALL_GRADE
867773792680,08. 8-В клас. Інформатика (2026-2027),ACTIVE,,fd5yoaoj,True,https://classroom.google.com/c/ODY3NzczNzkyNjgw,112650800097094238847,2026-06-12T10:30:01Z,2026-06-12T10:30:01Z,,08_8_2026_2027_4c7f898d@schoolgus.ukr.education,08_8_2026_2027_teachers_7cd9d1b5@schoolgus.ukr.education,16ReUhbwK8eWBdns7Od1WY2BFiqm6UXjCKMwXmsEotAQHRSPd4A4dRYX8DUYJthjBg2FSZk9c,08. 8-В клас. Інформатика (2026-2027),https://drive.google.com/drive/folders/16ReUhbwK8eWBdns7Od1WY2BFiqm6UXjCKMwXmsEotAQHRSPd4A4dRYX8DUYJthjBg2FSZk9c,TOTAL_POINTS,HIDE_OVERALL_GRADE
855102224542,08. 8-В клас. Технології (2026-2027),ACTIVE,,vltb23dl,True,https://classroom.google.com/c/ODU1MTAyMjI0NTQy,112650800097094238847,2026-06-12T10:30:03Z,2026-06-12T10:30:03Z,,08_8_2026_2027_1e2fa197@schoolgus.ukr.education,08_8_2026_2027_teachers_51eaedef@schoolgus.ukr.education,1A6K0KvzxBAuY9h4oUf1YPqtnfO3LdgpC4KXYzMTxbGI7xZJIu02cI0isL2zVeLLpSit7PURd,08. 8-В клас. Технології (2026-2027),https://drive.google.com/drive/folders/1A6K0KvzxBAuY9h4oUf1YPqtnfO3LdgpC4KXYzMTxbGI7xZJIu02cI0isL2zVeLLpSit7PURd,TOTAL_POINTS,HIDE_OVERALL_GRADE
867774095517,08. 8-В клас. Мистецтво (2026-2027),ACTIVE,,legfeimm,True,https://classroom.google.com/c/ODY3Nzc0MDk1NTE3,112650800097094238847,2026-06-12T10:30:02Z,2026-06-12T10:30:02Z,c_classroom6f497db6@group.calendar.google.com,08_8_2026_2027_4474c689@schoolgus.ukr.education,08_8_2026_2027_teachers_fb0352af@schoolgus.ukr.education,19dbN3dxdtjxQZh4VhAmNggr7C6WOW1xLYaw_ubcnzS12ZZZ0MA-yecIDSIgbl8N2pAc-7_WR,08. 8-В клас. Мистецтво (2026-2027),https://drive.google.com/drive/folders/19dbN3dxdtjxQZh4VhAmNggr7C6WOW1xLYaw_ubcnzS12ZZZ0MA-yecIDSIgbl8N2pAc-7_WR,TOTAL_POINTS,HIDE_OVERALL_GRADE
867773120448,08. 8-В клас. Фізика (2026-2027),ACTIVE,,w6sdv6zt,True,https://classroom.google.com/c/ODY3NzczMTIwNDQ4,112650800097094238847,2026-06-12T10:30:00Z,2026-06-12T10:30:00Z,,08_8_2026_2027_1d572338@schoolgus.ukr.education,08_8_2026_2027_teachers_1c424904@schoolgus.ukr.education,1yfAEFh6gNmEJ7S5e6EXFxM7dDY_SKwPI--qOZ-ImYfILU9JTWnEVIMuvOpNN4n1u2BJFkLY1,08. 8-В клас. Фізика (2026-2027),https://drive.google.com/drive/folders/1yfAEFh6gNmEJ7S5e6EXFxM7dDY_SKwPI--qOZ-ImYfILU9JTWnEVIMuvOpNN4n1u2BJFkLY1,TOTAL_POINTS,HIDE_OVERALL_GRADE
867774176939,08. 8-В клас. Алгебра (2026-2027),ACTIVE,,y7zxuiu4,True,https://classroom.google.com/c/ODY3Nzc0MTc2OTM5,112650800097094238847,2026-06-12T10:29:58Z,2026-06-12T10:29:58Z,,08_8_2026_2027_46e8ac79@schoolgus.ukr.education,08_8_2026_2027_teachers_1137067e@schoolgus.ukr.education,1dVmQ2kDlRXSct7wXJUes9th__i52-h56ByisCYjrnEmW30W7x8MCcJXnkf5n3MGCZAZueC8d,08. 8-В клас. Алгебра (2026-2027),https://drive.google.com/drive/folders/1dVmQ2kDlRXSct7wXJUes9th__i52-h56ByisCYjrnEmW30W7x8MCcJXnkf5n3MGCZAZueC8d,TOTAL_POINTS,HIDE_OVERALL_GRADE
867762876220,08. 8-В клас. Біологія (2026-2027),ACTIVE,,x5k2pzmi,True,https://classroom.google.com/c/ODY3NzYyODc2MjIw,112650800097094238847,2026-06-12T10:29:59Z,2026-06-12T10:29:59Z,,08_8_2026_2027_775ee6c7@schoolgus.ukr.education,08_8_2026_2027_teachers_e54dce4d@schoolgus.ukr.education,1zkQqNm_wp8nwB0bt1vihLlKBu1IgeWl8wI_wAyjylKCfDp2Xq_YhTLlO92tj5JaPGNkxLgsh,08. 8-В клас. Біологія (2026-2027),https://drive.google.com/drive/folders/1zkQqNm_wp8nwB0bt1vihLlKBu1IgeWl8wI_wAyjylKCfDp2Xq_YhTLlO92tj5JaPGNkxLgsh,TOTAL_POINTS,HIDE_OVERALL_GRADE
867772725310,08. 8-В клас. Геометрія (2026-2027),ACTIVE,,kf43lvzi,True,https://classroom.google.com/c/ODY3NzcyNzI1MzEw,112650800097094238847,2026-06-12T10:29:58Z,2026-06-12T10:29:58Z,,08_8_2026_2027_14462417@schoolgus.ukr.education,08_8_2026_2027_teachers_955944ba@schoolgus.ukr.education,1z23d9iD4x-Zr0vxkCkWvhlOLGu70_BkG-L3lACfMzlN4pOdL4XesOBah7L1v9e2DNcW0Tvug,08. 8-В клас. Геометрія (2026-2027),https://drive.google.com/drive/folders/1z23d9iD4x-Zr0vxkCkWvhlOLGu70_BkG-L3lACfMzlN4pOdL4XesOBah7L1v9e2DNcW0Tvug,TOTAL_POINTS,HIDE_OVERALL_GRADE
867773901538,08. 8-В клас. Географія (2026-2027),ACTIVE,,h2aywmwe,True,https://classroom.google.com/c/ODY3NzczOTAxNTM4,112650800097094238847,2026-06-12T10:29:59Z,2026-06-12T10:29:59Z,,08_8_2026_2027_f86f2897@schoolgus.ukr.education,08_8_2026_2027_teachers_adfe3674@schoolgus.ukr.education,1PlsfWxL2TT5HQH9cRZymH7u7iSimr--JiAkBjOJODpkYw6dXVwyYTVkFPmnM10olm3NtZqqr,08. 8-В клас. Географія (2026-2027),https://drive.google.com/drive/folders/1PlsfWxL2TT5HQH9cRZymH7u7iSimr--JiAkBjOJODpkYw6dXVwyYTVkFPmnM10olm3NtZqqr,TOTAL_POINTS,HIDE_OVERALL_GRADE
867773979149,08. 8-В клас. Всесвітня історія (2026-2027),ACTIVE,,optaj5vm,True,https://classroom.google.com/c/ODY3NzczOTc5MTQ5,112650800097094238847,2026-06-12T10:29:56Z,2026-06-12T10:29:56Z,,08_8_2026_2027_3ec95c0f@schoolgus.ukr.education,08_8_2026_2027_teachers_41c84c6d@schoolgus.ukr.education,1mcyUZ_3DXgBbBrXfw70L4brVj3PAuOW_JafEvKgHT9Ptgo336uBBlW5pHBk8PN63Bwtq8y3w,08. 8-В клас. Всесвітня історія (2026-2027),https://drive.google.com/drive/folders/1mcyUZ_3DXgBbBrXfw70L4brVj3PAuOW_JafEvKgHT9Ptgo336uBBlW5pHBk8PN63Bwtq8y3w,TOTAL_POINTS,HIDE_OVERALL_GRADE
867774280674,08. 8-В клас. Англійська мова (2026-2027),ACTIVE,,tjeocsjs,True,https://classroom.google.com/c/ODY3Nzc0MjgwNjc0,112650800097094238847,2026-06-12T10:29:55Z,2026-06-12T10:29:55Z,c_classroom6a7a5a6c@group.calendar.google.com,08_8_2026_2027_7b8dd8a7@schoolgus.ukr.education,08_8_2026_2027_teachers_7fa0d08a@schoolgus.ukr.education,1jpIy9RBD2oLt8Q6UX49JJ0ZHQPTizoJjAZnjyXQL4T6MoqjhMU8K_OisydNnbjhtT4713FZ4,08. 8-В клас. Англійська мова (2026-2027),https://drive.google.com/drive/folders/1jpIy9RBD2oLt8Q6UX49JJ0ZHQPTizoJjAZnjyXQL4T6MoqjhMU8K_OisydNnbjhtT4713FZ4,TOTAL_POINTS,HIDE_OVERALL_GRADE
867769660591,08. 8-В клас. Історія України (2026-2027),ACTIVE,,wnma4brf,True,https://classroom.google.com/c/ODY3NzY5NjYwNTkx,112650800097094238847,2026-06-12T10:29:56Z,2026-06-12T10:29:56Z,c_classroom56584188@group.calendar.google.com,08_8_2026_2027_abeaa2e2@schoolgus.ukr.education,08_8_2026_2027_teachers_e07a03d7@schoolgus.ukr.education,1GTW12Gy0SWeBfP0ftNti1knYT6nv92H0wF6M1028qaRzc_bGotry3GRMeRzIiKw0VgmRunco,08. 8-В клас. Історія України (2026-2027),https://drive.google.com/drive/folders/1GTW12Gy0SWeBfP0ftNti1knYT6nv92H0wF6M1028qaRzc_bGotry3GRMeRzIiKw0VgmRunco,TOTAL_POINTS,HIDE_OVERALL_GRADE
867774030578,08. 8-В клас. Друга іноземна мова (Німецька) (2026-2027),ACTIVE,,4uedohop,True,https://classroom.google.com/c/ODY3Nzc0MDMwNTc4,112650800097094238847,2026-06-12T10:29:56Z,2026-06-12T10:29:56Z,c_classroom72938366@group.calendar.google.com,08_8_2026_2027_ce35a42e@schoolgus.ukr.education,08_8_2026_2027_teachers_cccb8e4b@schoolgus.ukr.education,1GuTL5-tVeAJAkQoRIAaDfcSqX2kbojBwWYXLE5NeOsrJc5Pkv9_jVyI3Rbq5MJFolFcScT_5,08. 8-В клас. Друга іноземна мова (Німецька) (2026-2027),https://drive.google.com/drive/folders/1GuTL5-tVeAJAkQoRIAaDfcSqX2kbojBwWYXLE5NeOsrJc5Pkv9_jVyI3Rbq5MJFolFcScT_5,TOTAL_POINTS,HIDE_OVERALL_GRADE
867772403716,08. 8-В клас. Зарубіжна література (2026-2027),ACTIVE,,7xkgbjho,True,https://classroom.google.com/c/ODY3NzcyNDAzNzE2,112650800097094238847,2026-06-12T10:29:55Z,2026-06-12T10:29:55Z,,08_8_2026_2027_345c3002@schoolgus.ukr.education,08_8_2026_2027_teachers_83ea86f0@schoolgus.ukr.education,1nb7hOhWKOkOG2PLn78w4Sv383CyTJnvm1zvNtQ0ahSyXtfkCAJ2Lm4dSIvQ2KCpEBgu-oDDN,08. 8-В клас. Зарубіжна література (2026-2027),https://drive.google.com/drive/folders/1nb7hOhWKOkOG2PLn78w4Sv383CyTJnvm1zvNtQ0ahSyXtfkCAJ2Lm4dSIvQ2KCpEBgu-oDDN,TOTAL_POINTS,HIDE_OVERALL_GRADE
867774106412,08. 8-В клас. Українська література (2026-2027),ACTIVE,,iczv22l2,True,https://classroom.google.com/c/ODY3Nzc0MTA2NDEy,112650800097094238847,2026-06-12T10:29:53Z,2026-06-12T10:29:53Z,,08_8_2026_2027_dcb42be6@schoolgus.ukr.education,08_8_2026_2027_teachers_84bb5eab@schoolgus.ukr.education,1bi5ENkLCRBFxJ6I0rz8W8frhEt5VdOigYIFvGwXwNSLaXI68mOVQrrzBbL7BuwSg388GFiHn,08. 8-В клас. Українська література (2026-2027),https://drive.google.com/drive/folders/1bi5ENkLCRBFxJ6I0rz8W8frhEt5VdOigYIFvGwXwNSLaXI68mOVQrrzBbL7BuwSg388GFiHn,TOTAL_POINTS,HIDE_OVERALL_GRADE
867773988532,08. 8-Б клас. Здоров'я безпека та добробут (2026-2027),ACTIVE,,dtwt74mn,True,https://classroom.google.com/c/ODY3NzczOTg4NTMy,112650800097094238847,2026-06-12T10:29:52Z,2026-06-12T10:29:52Z,,08_8_2026_2027_83552674@schoolgus.ukr.education,08_8_2026_2027_teachers_48776694@schoolgus.ukr.education,1pG7Be8r4BZDIuEoTlHHSDExRZMdaAL60cJnYmcbUSWDaf8wsuNMRGXz_zL_h4lxThkjlYtT1,08. 8-Б клас. Здоров'я безпека та добробут (2026-2027),https://drive.google.com/drive/folders/1pG7Be8r4BZDIuEoTlHHSDExRZMdaAL60cJnYmcbUSWDaf8wsuNMRGXz_zL_h4lxThkjlYtT1,TOTAL_POINTS,HIDE_OVERALL_GRADE
867773278506,08. 8-Б клас. Основи християнської етики (2026-2027),ACTIVE,,gduvcqyu,True,https://classroom.google.com/c/ODY3NzczMjc4NTA2,112650800097094238847,2026-06-12T10:29:52Z,2026-06-12T10:29:52Z,c_classroom27bbdcf1@group.calendar.google.com,08_8_2026_2027_94fe4249@schoolgus.ukr.education,08_8_2026_2027_teachers_0adddcd5@schoolgus.ukr.education,1X1nkQxDRQjUPrlu3jaYorVbNG8m-7zjygAUYAYMcElggxA78BFDNtxZNR-emN7BC4CZMUrui,08. 8-Б клас. Основи християнської етики (2026-2027),https://drive.google.com/drive/folders/1X1nkQxDRQjUPrlu3jaYorVbNG8m-7zjygAUYAYMcElggxA78BFDNtxZNR-emN7BC4CZMUrui,TOTAL_POINTS,HIDE_OVERALL_GRADE
867773801949,08. 8-В клас. Українська мова (2026-2027),ACTIVE,,z6u74jme,True,https://classroom.google.com/c/ODY3NzczODAxOTQ5,112650800097094238847,2026-06-12T10:29:53Z,2026-06-12T10:29:53Z,,08_8_2026_2027_6132ec5b@schoolgus.ukr.education,08_8_2026_2027_teachers_5c75d10a@schoolgus.ukr.education,1o1xrkBCzScusNqiQkd4DOwk_HYDSRvYGUWmkF6qGgtYTAk-lW-F4H5Ezj1PzbWzDpBZgEbZ0,08. 8-В клас. Українська мова (2026-2027),https://drive.google.com/drive/folders/1o1xrkBCzScusNqiQkd4DOwk_HYDSRvYGUWmkF6qGgtYTAk-lW-F4H5Ezj1PzbWzDpBZgEbZ0,TOTAL_POINTS,HIDE_OVERALL_GRADE
867774166476,08. 8-Б клас. Фізична культура (2026-2027),ACTIVE,,7zp2ltao,True,https://classroom.google.com/c/ODY3Nzc0MTY2NDc2,112650800097094238847,2026-06-12T10:29:52Z,2026-06-12T10:29:52Z,c_classroome06d0884@group.calendar.google.com,08_8_2026_2027_535b914d@schoolgus.ukr.education,08_8_2026_2027_teachers_443033aa@schoolgus.ukr.education,1ZTlUqtDEQoMmzXIOZn8dFBfagS1JMkv6paBosXL4IpXHeyt18we6RXzYyfxTslOfXVZQSzRZ,08. 8-Б клас. Фізична культура (2026-2027),https://drive.google.com/drive/folders/1ZTlUqtDEQoMmzXIOZn8dFBfagS1JMkv6paBosXL4IpXHeyt18we6RXzYyfxTslOfXVZQSzRZ,TOTAL_POINTS,HIDE_OVERALL_GRADE
867774185813,08. 8-Б клас. Технології (2026-2027),ACTIVE,,ra5zgqzl,True,https://classroom.google.com/c/ODY3Nzc0MTg1ODEz,112650800097094238847,2026-06-12T10:29:50Z,2026-06-12T10:29:50Z,c_classroomdaf97b72@group.calendar.google.com,08_8_2026_2027_77cae634@schoolgus.ukr.education,08_8_2026_2027_teachers_23920a46@schoolgus.ukr.education,1ujHZxzsdzcSCjwCNyBezztxf51wMpiLfCsonq8lzsTr32smExqo_hLimE6y7aP9IDLb7syhe,08. 8-Б клас. Технології (2026-2027),https://drive.google.com/drive/folders/1ujHZxzsdzcSCjwCNyBezztxf51wMpiLfCsonq8lzsTr32smExqo_hLimE6y7aP9IDLb7syhe,TOTAL_POINTS,HIDE_OVERALL_GRADE
867773683352,08. 8-Б клас. Інформатика (2026-2027),ACTIVE,,74wxac34,True,https://classroom.google.com/c/ODY3NzczNjgzMzUy,112650800097094238847,2026-06-12T10:29:48Z,2026-06-12T10:29:48Z,,08_8_2026_2027_9f347ca6@schoolgus.ukr.education,08_8_2026_2027_teachers_9fc5a088@schoolgus.ukr.education,14vXZCdzkHtq9XvQAcW9kTcoizXTvkVdh4yBT74NDwBdFaG16r4NNIAmuhQj4o2CQB40uYBiQ,08. 8-Б клас. Інформатика (2026-2027),https://drive.google.com/drive/folders/14vXZCdzkHtq9XvQAcW9kTcoizXTvkVdh4yBT74NDwBdFaG16r4NNIAmuhQj4o2CQB40uYBiQ,TOTAL_POINTS,HIDE_OVERALL_GRADE
867773579251,08. 8-Б клас. Фізика (2026-2027),ACTIVE,,wk2utvu3,True,https://classroom.google.com/c/ODY3NzczNTc5MjUx,112650800097094238847,2026-06-12T10:29:49Z,2026-06-12T10:29:49Z,c_classroom90123656@group.calendar.google.com,08_8_2026_2027_7044180e@schoolgus.ukr.education,08_8_2026_2027_teachers_d916f71b@schoolgus.ukr.education,1v5pobl7lXiGMs97KlgBE58BD69Gc6VPVICoGk9TBsWjKtQDykdlobM6TECos_u7vpUHZqYvZ,08. 8-Б клас. Фізика (2026-2027),https://drive.google.com/drive/folders/1v5pobl7lXiGMs97KlgBE58BD69Gc6VPVICoGk9TBsWjKtQDykdlobM6TECos_u7vpUHZqYvZ,TOTAL_POINTS,HIDE_OVERALL_GRADE
867773948610,08. 8-Б клас. Мистецтво (2026-2027),ACTIVE,,zj5xplhk,True,https://classroom.google.com/c/ODY3NzczOTQ4NjEw,112650800097094238847,2026-06-12T10:29:50Z,2026-06-12T10:29:50Z,,08_8_2026_2027_6f7736a4@schoolgus.ukr.education,08_8_2026_2027_teachers_73e91409@schoolgus.ukr.education,1ECmhllVC6gxcoKu9iGir5_4XTXJYuwPGTpXPmsckI67--Ukn6MpXj6JV9r5IT6GLvP6_uYpz,08. 8-Б клас. Мистецтво (2026-2027),https://drive.google.com/drive/folders/1ECmhllVC6gxcoKu9iGir5_4XTXJYuwPGTpXPmsckI67--Ukn6MpXj6JV9r5IT6GLvP6_uYpz,TOTAL_POINTS,HIDE_OVERALL_GRADE
867773980942,08. 8-Б клас. Хімія (2026-2027),ACTIVE,,eo5gilqc,True,https://classroom.google.com/c/ODY3NzczOTgwOTQy,112650800097094238847,2026-06-12T10:29:48Z,2026-06-12T10:29:48Z,,08_8_2026_2027_e6a03da9@schoolgus.ukr.education,08_8_2026_2027_teachers_bb880f8d@schoolgus.ukr.education,1AnDw9qPMiyp9GjJW56aR-yoYuzq389yC2ujLprncNrxZ7KBVSQA0fRjktm13gsLrq72XsYcp,08. 8-Б клас. Хімія (2026-2027),https://drive.google.com/drive/folders/1AnDw9qPMiyp9GjJW56aR-yoYuzq389yC2ujLprncNrxZ7KBVSQA0fRjktm13gsLrq72XsYcp,TOTAL_POINTS,HIDE_OVERALL_GRADE
867773751988,08. 8-Б клас. Географія (2026-2027),ACTIVE,,s6pxfvdh,True,https://classroom.google.com/c/ODY3NzczNzUxOTg4,112650800097094238847,2026-06-12T10:29:47Z,2026-06-12T10:29:47Z,,08_8_2026_2027_222c9dcd@schoolgus.ukr.education,08_8_2026_2027_teachers_b7cf7ff5@schoolgus.ukr.education,1tg-ev1M45qf5Nb_jGG7Cc5KOpF9jbknsOS6hiV3IJU4dFdSN38GOF8w-qm5AJcqFgkIf9w7h,08. 8-Б клас. Географія (2026-2027),https://drive.google.com/drive/folders/1tg-ev1M45qf5Nb_jGG7Cc5KOpF9jbknsOS6hiV3IJU4dFdSN38GOF8w-qm5AJcqFgkIf9w7h,TOTAL_POINTS,HIDE_OVERALL_GRADE
867774242927,08. 8-Б клас. Біологія (2026-2027),ACTIVE,,e4bi5mdj,True,https://classroom.google.com/c/ODY3Nzc0MjQyOTI3,112650800097094238847,2026-06-12T10:29:47Z,2026-06-12T10:29:47Z,,08_8_2026_2027_aa1f8936@schoolgus.ukr.education,08_8_2026_2027_teachers_aae21a22@schoolgus.ukr.education,1gc1_kpyfBKFKup65ihupiycEU3BhscnYWUfgNSZAMRm7eWQkosbGlEPSNHAa9TwudodnxZQU,08. 8-Б клас. Біологія (2026-2027),https://drive.google.com/drive/folders/1gc1_kpyfBKFKup65ihupiycEU3BhscnYWUfgNSZAMRm7eWQkosbGlEPSNHAa9TwudodnxZQU,TOTAL_POINTS,HIDE_OVERALL_GRADE
867764268251,08. 8-Б клас. Геометрія (2026-2027),ACTIVE,,sypjmtgr,True,https://classroom.google.com/c/ODY3NzY0MjY4MjUx,112650800097094238847,2026-06-12T10:29:46Z,2026-06-12T10:29:46Z,,08_8_2026_2027_e67099cd@schoolgus.ukr.education,08_8_2026_2027_teachers_4ec05bbd@schoolgus.ukr.education,1_91nYQ2nUh_FJSMKlcJwBy8wRIBwoYSkwNTe8ftDRPNOXmcEZUvtCeODstam7dV5KYeJVtBA,08. 8-Б клас. Геометрія (2026-2027),https://drive.google.com/drive/folders/1_91nYQ2nUh_FJSMKlcJwBy8wRIBwoYSkwNTe8ftDRPNOXmcEZUvtCeODstam7dV5KYeJVtBA,TOTAL_POINTS,HIDE_OVERALL_GRADE
867772282143,08. 8-Б клас. Алгебра (2026-2027),ACTIVE,,rcrbghvl,True,https://classroom.google.com/c/ODY3NzcyMjgyMTQz,112650800097094238847,2026-06-12T10:29:46Z,2026-06-12T10:29:46Z,c_classroom672aa4d3@group.calendar.google.com,08_8_2026_2027_9bf3e30f@schoolgus.ukr.education,08_8_2026_2027_teachers_f074a0a9@schoolgus.ukr.education,18D8IQA0cytNgVQW5PBk6g7hRGMpf687M5eH4KlqLeCYkdrE52ysHG3t6LJX2l1sGJvNQjFm6,08. 8-Б клас. Алгебра (2026-2027),https://drive.google.com/drive/folders/18D8IQA0cytNgVQW5PBk6g7hRGMpf687M5eH4KlqLeCYkdrE52ysHG3t6LJX2l1sGJvNQjFm6,TOTAL_POINTS,HIDE_OVERALL_GRADE
867773315325,08. 8-Б клас. Всесвітня історія (2026-2027),ACTIVE,,b6z22zkl,True,https://classroom.google.com/c/ODY3NzczMzE1MzI1,112650800097094238847,2026-06-12T10:29:45Z,2026-06-12T10:29:45Z,c_classroom77bd2afb@group.calendar.google.com,08_8_2026_2027_8e62e971@schoolgus.ukr.education,08_8_2026_2027_teachers_905dceff@schoolgus.ukr.education,1gtxAbX46Nj8m3Fpgx8JWzMBIzu0zVkHv3Z4Zpex3MRC0xo4VRgcWu6dcBzbCdgAipNy9aw1M,08. 8-Б клас. Всесвітня історія (2026-2027),https://drive.google.com/drive/folders/1gtxAbX46Nj8m3Fpgx8JWzMBIzu0zVkHv3Z4Zpex3MRC0xo4VRgcWu6dcBzbCdgAipNy9aw1M,TOTAL_POINTS,HIDE_OVERALL_GRADE
867773366118,08. 8-Б клас. Історія України (2026-2027),ACTIVE,,qo3nt37t,True,https://classroom.google.com/c/ODY3NzczMzY2MTE4,112650800097094238847,2026-06-12T10:29:43Z,2026-06-12T10:29:43Z,c_classroomce048d54@group.calendar.google.com,08_8_2026_2027_8ecf17cf@schoolgus.ukr.education,08_8_2026_2027_teachers_8a776f3f@schoolgus.ukr.education,1tvhFtboiK4xldy42Db1wC-7nsgImDZZ_EyojP3eWa9NokTx0bOkkmZKbWbHYy8cOn_cZ4Um1,08. 8-Б клас. Історія України (2026-2027),https://drive.google.com/drive/folders/1tvhFtboiK4xldy42Db1wC-7nsgImDZZ_EyojP3eWa9NokTx0bOkkmZKbWbHYy8cOn_cZ4Um1,TOTAL_POINTS,HIDE_OVERALL_GRADE
867773261198,08. 8-Б клас. Друга іноземна мова (Німецька) (2026-2027),ACTIVE,,djuwczdt,True,https://classroom.google.com/c/ODY3NzczMjYxMTk4,112650800097094238847,2026-06-12T10:29:43Z,2026-06-12T10:29:43Z,,08_8_2026_2027_776a10a7@schoolgus.ukr.education,08_8_2026_2027_teachers_eff8f466@schoolgus.ukr.education,1K8aiAYVYVbci9gfbHpxVKWiHhxMHnxNAGV57770qhN-8qStDtuXw3BlHdGcLyqW9no-tdJ7Q,08. 8-Б клас. Друга іноземна мова (Німецька) (2026-2027),https://drive.google.com/drive/folders/1K8aiAYVYVbci9gfbHpxVKWiHhxMHnxNAGV57770qhN-8qStDtuXw3BlHdGcLyqW9no-tdJ7Q,TOTAL_POINTS,HIDE_OVERALL_GRADE
867773742881,08. 8-Б клас. Англійська мова (2026-2027),ACTIVE,,gkxuuywv,True,https://classroom.google.com/c/ODY3NzczNzQyODgx,112650800097094238847,2026-06-12T10:29:43Z,2026-06-12T10:29:43Z,,08_8_2026_2027_203c56dc@schoolgus.ukr.education,08_8_2026_2027_teachers_f650a548@schoolgus.ukr.education,1kD6R28atxW5n_tEqESz5YMg0LSB6VwGgs2smhIqY47m31k3t2jgcymlQ2wBOh6JVfXPwxGYo,08. 8-Б клас. Англійська мова (2026-2027),https://drive.google.com/drive/folders/1kD6R28atxW5n_tEqESz5YMg0LSB6VwGgs2smhIqY47m31k3t2jgcymlQ2wBOh6JVfXPwxGYo,TOTAL_POINTS,HIDE_OVERALL_GRADE
867773160529,08. 8-Б клас. Українська література (2026-2027),ACTIVE,,syyym4vw,True,https://classroom.google.com/c/ODY3NzczMTYwNTI5,112650800097094238847,2026-06-12T10:29:42Z,2026-06-12T10:29:42Z,,08_8_2026_2027_5e76c12e@schoolgus.ukr.education,08_8_2026_2027_teachers_be0acf3a@schoolgus.ukr.education,1goBgrjH-xsdiiP1WiVrxERkNw-kXcSwrXfp6nuRd3aFvDHb5vJXPkogoQa8XWvvLIYlxnqwx,08. 8-Б клас. Українська література (2026-2027),https://drive.google.com/drive/folders/1goBgrjH-xsdiiP1WiVrxERkNw-kXcSwrXfp6nuRd3aFvDHb5vJXPkogoQa8XWvvLIYlxnqwx,TOTAL_POINTS,HIDE_OVERALL_GRADE
867773585772,08. 8-Б клас. Зарубіжна література (2026-2027),ACTIVE,,7p3kqffj,True,https://classroom.google.com/c/ODY3NzczNTg1Nzcy,112650800097094238847,2026-06-12T10:29:42Z,2026-06-12T10:29:42Z,,08_8_2026_2027_e635a3e8@schoolgus.ukr.education,08_8_2026_2027_teachers_b000f6b1@schoolgus.ukr.education,19Xq2QlLdAAl-HMy6evi3guyPUAhHHdzv6sLLgdakLRYzLTPROA022ocwJV2ZlpZ8JWlO7UwL,08. 8-Б клас. Зарубіжна література (2026-2027),https://drive.google.com/drive/folders/19Xq2QlLdAAl-HMy6evi3guyPUAhHHdzv6sLLgdakLRYzLTPROA022ocwJV2ZlpZ8JWlO7UwL,TOTAL_POINTS,HIDE_OVERALL_GRADE
867773696159,08. 8-А клас. Фізична культура (2026-2027),ACTIVE,,qvaufecm,True,https://classroom.google.com/c/ODY3NzczNjk2MTU5,112650800097094238847,2026-06-12T10:29:39Z,2026-06-12T10:29:39Z,c_classroome72d6af4@group.calendar.google.com,08_8_2026_2027_780ae30d@schoolgus.ukr.education,08_8_2026_2027_teachers_1bdcb528@schoolgus.ukr.education,10qdxk_OgqA7zzK-DaWmj6OV4PeW6AF_8MYr2hGI0T9dx170ZrQ_NYtfgLtzp9lvhQQiy-StE,08. 8-А клас. Фізична культура (2026-2027),https://drive.google.com/drive/folders/10qdxk_OgqA7zzK-DaWmj6OV4PeW6AF_8MYr2hGI0T9dx170ZrQ_NYtfgLtzp9lvhQQiy-StE,TOTAL_POINTS,HIDE_OVERALL_GRADE
867772403705,08. 8-А клас. Основи християнської етики (2026-2027),ACTIVE,,dilj7z57,True,https://classroom.google.com/c/ODY3NzcyNDAzNzA1,112650800097094238847,2026-06-12T10:29:40Z,2026-06-12T10:29:40Z,,08_8_2026_2027_49278bd3@schoolgus.ukr.education,08_8_2026_2027_teachers_7f8a9174@schoolgus.ukr.education,1Y2MYYYp0_mkUdJEUguUmnS0K5mYKb305si8BzF4JH-qh520gHGAahxsMDkVB3XeYb-812NTC,08. 8-А клас. Основи християнської етики (2026-2027),https://drive.google.com/drive/folders/1Y2MYYYp0_mkUdJEUguUmnS0K5mYKb305si8BzF4JH-qh520gHGAahxsMDkVB3XeYb-812NTC,TOTAL_POINTS,HIDE_OVERALL_GRADE
867772849093,08. 8-Б клас. Українська мова (2026-2027),ACTIVE,,3242strf,True,https://classroom.google.com/c/ODY3NzcyODQ5MDkz,112650800097094238847,2026-06-12T10:29:40Z,2026-06-12T10:29:40Z,c_classroom76666314@group.calendar.google.com,08_8_2026_2027_a841c15a@schoolgus.ukr.education,08_8_2026_2027_teachers_d0b5469b@schoolgus.ukr.education,1vfndOBPSwWqLIQblMbcaxevgiVD-XuoSDtQv8qHVZ--WNjQZkwSf2_HFuwCSJXObXYmMdfoq,08. 8-Б клас. Українська мова (2026-2027),https://drive.google.com/drive/folders/1vfndOBPSwWqLIQblMbcaxevgiVD-XuoSDtQv8qHVZ--WNjQZkwSf2_HFuwCSJXObXYmMdfoq,TOTAL_POINTS,HIDE_OVERALL_GRADE
867773485997,08. 8-А клас. Здоров'я безпека та добробут (2026-2027),ACTIVE,,gj2lh3mi,True,https://classroom.google.com/c/ODY3NzczNDg1OTk3,112650800097094238847,2026-06-12T10:29:39Z,2026-06-12T10:29:39Z,,08_8_2026_2027_da7edbad@schoolgus.ukr.education,08_8_2026_2027_teachers_1a2a9c0c@schoolgus.ukr.education,1We5LzHrdRbcsu-aQK_Ga7xnKlzkhZLterJT6WeGecY-BJduNzZ2Hk_jW30wmEJvYtuj1wpcI,08. 8-А клас. Здоров'я безпека та добробут (2026-2027),https://drive.google.com/drive/folders/1We5LzHrdRbcsu-aQK_Ga7xnKlzkhZLterJT6WeGecY-BJduNzZ2Hk_jW30wmEJvYtuj1wpcI,TOTAL_POINTS,HIDE_OVERALL_GRADE
867773945053,08. 8-А клас. Технології (2026-2027),ACTIVE,,f42hxpjy,True,https://classroom.google.com/c/ODY3NzczOTQ1MDUz,112650800097094238847,2026-06-12T10:29:39Z,2026-06-12T10:29:39Z,c_classroombd829583@group.calendar.google.com,08_8_2026_2027_af2f53d0@schoolgus.ukr.education,08_8_2026_2027_teachers_19423244@schoolgus.ukr.education,1uWTMbF8elUDVuwifEjk1LqsIHsaVXKXU6BRQNN51hTxf_LikGB_HZa55l-H15pOD4mXRwiP7,08. 8-А клас. Технології (2026-2027),https://drive.google.com/drive/folders/1uWTMbF8elUDVuwifEjk1LqsIHsaVXKXU6BRQNN51hTxf_LikGB_HZa55l-H15pOD4mXRwiP7,TOTAL_POINTS,HIDE_OVERALL_GRADE
867773267059,08. 8-А клас. Мистецтво (2026-2027),ACTIVE,,oy2tzhgq,True,https://classroom.google.com/c/ODY3NzczMjY3MDU5,112650800097094238847,2026-06-12T10:29:35Z,2026-06-12T10:29:35Z,,08_8_2026_2027_afea22d9@schoolgus.ukr.education,08_8_2026_2027_teachers_0b8408c6@schoolgus.ukr.education,19aMeCxpLz0yRoJAuzSxeLnCy8QhZ31EB9jbpTZcfDyPZDt_B78IAqB54ixEvDwlcu2ObwyC2,08. 8-А клас. Мистецтво (2026-2027),https://drive.google.com/drive/folders/19aMeCxpLz0yRoJAuzSxeLnCy8QhZ31EB9jbpTZcfDyPZDt_B78IAqB54ixEvDwlcu2ObwyC2,TOTAL_POINTS,HIDE_OVERALL_GRADE
867774011839,08. 8-А клас. Хімія (2026-2027),ACTIVE,,mpmitg3g,True,https://classroom.google.com/c/ODY3Nzc0MDExODM5,112650800097094238847,2026-06-12T10:29:36Z,2026-06-12T10:29:36Z,,08_8_2026_2027_a92b1966@schoolgus.ukr.education,08_8_2026_2027_teachers_d459f3c2@schoolgus.ukr.education,1C6r8mIgNPLR3fWKrmxN12ejoj5RYxUNCUq6w6BsjmCr6eai6TrXGqSMQowEM6p8LIR5l3piP,08. 8-А клас. Хімія (2026-2027),https://drive.google.com/drive/folders/1C6r8mIgNPLR3fWKrmxN12ejoj5RYxUNCUq6w6BsjmCr6eai6TrXGqSMQowEM6p8LIR5l3piP,TOTAL_POINTS,HIDE_OVERALL_GRADE
867773937691,08. 8-А клас. Інформатика (2026-2027),ACTIVE,,dxwqid7p,True,https://classroom.google.com/c/ODY3NzczOTM3Njkx,112650800097094238847,2026-06-12T10:29:35Z,2026-06-12T10:29:35Z,,08_8_2026_2027_e7035efe@schoolgus.ukr.education,08_8_2026_2027_teachers_0e024e22@schoolgus.ukr.education,1yLZ7xQkpJ-DVKpZUUqZAjIFKvZsoVQ3gLgG_--sLS69HkgA8e9Q09a2xwID-3p4Mq88ybKfk,08. 8-А клас. Інформатика (2026-2027),https://drive.google.com/drive/folders/1yLZ7xQkpJ-DVKpZUUqZAjIFKvZsoVQ3gLgG_--sLS69HkgA8e9Q09a2xwID-3p4Mq88ybKfk,TOTAL_POINTS,HIDE_OVERALL_GRADE
867773661733,08. 8-А клас. Географія (2026-2027),ACTIVE,,dks3xzoz,True,https://classroom.google.com/c/ODY3NzczNjYxNzMz,112650800097094238847,2026-06-12T10:29:35Z,2026-06-12T10:29:35Z,c_classroom806b362e@group.calendar.google.com,08_8_2026_2027_75918daa@schoolgus.ukr.education,08_8_2026_2027_teachers_36c378bd@schoolgus.ukr.education,10tsmHenn9yBnwDg1c2z9wqZgnkmUkB9tAe_dEJ-d-wRmwAXJIMh3uV2CIUjSbuNsiMtwY8Fw,08. 8-А клас. Географія (2026-2027),https://drive.google.com/drive/folders/10tsmHenn9yBnwDg1c2z9wqZgnkmUkB9tAe_dEJ-d-wRmwAXJIMh3uV2CIUjSbuNsiMtwY8Fw,TOTAL_POINTS,HIDE_OVERALL_GRADE
867773732275,08. 8-А клас. Фізика (2026-2027),ACTIVE,,pjrql32s,True,https://classroom.google.com/c/ODY3NzczNzMyMjc1,112650800097094238847,2026-06-12T10:29:36Z,2026-06-12T10:29:36Z,,08_8_2026_2027_346a1cdc@schoolgus.ukr.education,08_8_2026_2027_teachers_89dc26b5@schoolgus.ukr.education,1DELQNwhosG9EYwnKG8ySkspfjSGEEDgfSIJWEOBP2v5BlA9Cq1vgnuBPzYyI5lGEqNVXs7oy,08. 8-А клас. Фізика (2026-2027),https://drive.google.com/drive/folders/1DELQNwhosG9EYwnKG8ySkspfjSGEEDgfSIJWEOBP2v5BlA9Cq1vgnuBPzYyI5lGEqNVXs7oy,TOTAL_POINTS,HIDE_OVERALL_GRADE
867770411183,08. 8-А клас. Геометрія (2026-2027),ACTIVE,,4fscrkdd,True,https://classroom.google.com/c/ODY3NzcwNDExMTgz,112650800097094238847,2026-06-12T10:29:32Z,2026-06-12T10:29:32Z,c_classroome0a334e1@group.calendar.google.com,08_8_2026_2027_f8088173@schoolgus.ukr.education,08_8_2026_2027_teachers_275755fa@schoolgus.ukr.education,1GYHy4woGQI4BovGC-5gbVn4VFExoYf2cgncuXbz4QBpf5zN5SOnlw9cOilre0KoTpBHbJcpH,08. 8-А клас. Геометрія (2026-2027),https://drive.google.com/drive/folders/1GYHy4woGQI4BovGC-5gbVn4VFExoYf2cgncuXbz4QBpf5zN5SOnlw9cOilre0KoTpBHbJcpH,TOTAL_POINTS,HIDE_OVERALL_GRADE
867773833954,08. 8-А клас. Алгебра (2026-2027),ACTIVE,,izru7zml,True,https://classroom.google.com/c/ODY3NzczODMzOTU0,112650800097094238847,2026-06-12T10:29:32Z,2026-06-12T10:29:32Z,,08_8_2026_2027_4125c55a@schoolgus.ukr.education,08_8_2026_2027_teachers_0316e7b3@schoolgus.ukr.education,1dCH6ySWOmhsF1KcfeNTwfWC1aIzqZ8L3hkLN6Ujxt_eiWIR1xoMMUNTD5feq4mc82pRhx_6s,08. 8-А клас. Алгебра (2026-2027),https://drive.google.com/drive/folders/1dCH6ySWOmhsF1KcfeNTwfWC1aIzqZ8L3hkLN6Ujxt_eiWIR1xoMMUNTD5feq4mc82pRhx_6s,TOTAL_POINTS,HIDE_OVERALL_GRADE
867774191529,08. 8-А клас. Біологія (2026-2027),ACTIVE,,jg5zups2,True,https://classroom.google.com/c/ODY3Nzc0MTkxNTI5,112650800097094238847,2026-06-12T10:29:32Z,2026-06-12T10:29:32Z,c_classroom4d3e2304@group.calendar.google.com,08_8_2026_2027_e23c8381@schoolgus.ukr.education,08_8_2026_2027_teachers_96875562@schoolgus.ukr.education,1RH9pmhYuN4HWrBGGCR3GffBcyGnb7sy4mbXRhRswL9Z5kqr3YF1NhRgNreO90O-44nleIfR3,08. 8-А клас. Біологія (2026-2027),https://drive.google.com/drive/folders/1RH9pmhYuN4HWrBGGCR3GffBcyGnb7sy4mbXRhRswL9Z5kqr3YF1NhRgNreO90O-44nleIfR3,TOTAL_POINTS,HIDE_OVERALL_GRADE
867773763500,08. 8-А клас. Історія України (2026-2027),ACTIVE,,kggtwbud,True,https://classroom.google.com/c/ODY3NzczNzYzNTAw,112650800097094238847,2026-06-12T10:29:32Z,2026-06-12T10:29:32Z,,08_8_2026_2027_75b247b9@schoolgus.ukr.education,08_8_2026_2027_teachers_a7ce284f@schoolgus.ukr.education,1wFC3Hr0tr_h0gHun-b0eJCJciodjk0NOIdHnmFoVS3miVJvdK_D7t8BqKKQjUlCU4gJwvFpT,08. 8-А клас. Історія України (2026-2027),https://drive.google.com/drive/folders/1wFC3Hr0tr_h0gHun-b0eJCJciodjk0NOIdHnmFoVS3miVJvdK_D7t8BqKKQjUlCU4gJwvFpT,TOTAL_POINTS,HIDE_OVERALL_GRADE
867774045136,08. 8-А клас. Всесвітня історія (2026-2027),ACTIVE,,ztrxgul4,True,https://classroom.google.com/c/ODY3Nzc0MDQ1MTM2,112650800097094238847,2026-06-12T10:29:32Z,2026-06-12T10:29:32Z,c_classroomdb913873@group.calendar.google.com,08_8_2026_2027_af3b0670@schoolgus.ukr.education,08_8_2026_2027_teachers_3d483321@schoolgus.ukr.education,1vYmzH9l6nWzbbhM7fCGfziG_jSnlNF2y4x0P69jXecNX-9v3WocMHMQ2AclwOK0A3DN5sVGN,08. 8-А клас. Всесвітня історія (2026-2027),https://drive.google.com/drive/folders/1vYmzH9l6nWzbbhM7fCGfziG_jSnlNF2y4x0P69jXecNX-9v3WocMHMQ2AclwOK0A3DN5sVGN,TOTAL_POINTS,HIDE_OVERALL_GRADE
867773702884,08. 8-А клас. Друга іноземна мова (Німецька) (2026-2027),ACTIVE,,3v4tvsy3,True,https://classroom.google.com/c/ODY3NzczNzAyODg0,112650800097094238847,2026-06-12T10:29:28Z,2026-06-12T10:29:28Z,c_classroomc2640155@group.calendar.google.com,08_8_2026_2027_c36c0de9@schoolgus.ukr.education,08_8_2026_2027_teachers_e39b7e94@schoolgus.ukr.education,1Sbc56xwul6tCmrGyLH9PR1GS8PcME-xYJrv2b7BumvFF7hDt1j28ozgFtQLgL3TG-rpm2cR5,08. 8-А клас. Друга іноземна мова (Німецька) (2026-2027),https://drive.google.com/drive/folders/1Sbc56xwul6tCmrGyLH9PR1GS8PcME-xYJrv2b7BumvFF7hDt1j28ozgFtQLgL3TG-rpm2cR5,TOTAL_POINTS,HIDE_OVERALL_GRADE
867766353367,08. 8-А клас. Зарубіжна література (2026-2027),ACTIVE,,ojbkzgcf,True,https://classroom.google.com/c/ODY3NzY2MzUzMzY3,112650800097094238847,2026-06-12T10:29:28Z,2026-06-12T10:29:28Z,,08_8_2026_2027_8d7829ca@schoolgus.ukr.education,08_8_2026_2027_teachers_7d7fd5e7@schoolgus.ukr.education,1o3M2IMVztxbGqMhayK9QpUTw8qaXEVgnVe6-Ko8U81ye-NvHuajNEFwAzA7RxUSb95xF7xNx,08. 8-А клас. Зарубіжна література (2026-2027),https://drive.google.com/drive/folders/1o3M2IMVztxbGqMhayK9QpUTw8qaXEVgnVe6-Ko8U81ye-NvHuajNEFwAzA7RxUSb95xF7xNx,TOTAL_POINTS,HIDE_OVERALL_GRADE
867773510080,08. 8-А клас. Українська література (2026-2027),ACTIVE,,7epf23fy,True,https://classroom.google.com/c/ODY3NzczNTEwMDgw,112650800097094238847,2026-06-12T10:29:28Z,2026-06-12T10:29:28Z,,08_8_2026_2027_a641fd55@schoolgus.ukr.education,08_8_2026_2027_teachers_b00d6163@schoolgus.ukr.education,1XUTdDeQ1o1aENHbdV-5msyFHMgzhsFTMM9OI3CnA4Om-5NY1xykc2ajsolaN9zho6Qx2b1X7,08. 8-А клас. Українська література (2026-2027),https://drive.google.com/drive/folders/1XUTdDeQ1o1aENHbdV-5msyFHMgzhsFTMM9OI3CnA4Om-5NY1xykc2ajsolaN9zho6Qx2b1X7,TOTAL_POINTS,HIDE_OVERALL_GRADE
867773065393,08. 8-А клас. Англійська мова (2026-2027),ACTIVE,,qut62ti6,True,https://classroom.google.com/c/ODY3NzczMDY1Mzkz,112650800097094238847,2026-06-12T10:29:28Z,2026-06-12T10:29:28Z,,08_8_2026_2027_e7e9e395@schoolgus.ukr.education,08_8_2026_2027_teachers_9282ae3a@schoolgus.ukr.education,1jNV07VH5aVJ6oyEOPatC3FsFh9QKik2e68R4LDIT62o5zbH_T5jF_CBT6uzza3gLi7wwEUsr,08. 8-А клас. Англійська мова (2026-2027),https://drive.google.com/drive/folders/1jNV07VH5aVJ6oyEOPatC3FsFh9QKik2e68R4LDIT62o5zbH_T5jF_CBT6uzza3gLi7wwEUsr,TOTAL_POINTS,HIDE_OVERALL_GRADE
867772365413,08. 8-А клас. Українська мова (2026-2027),ACTIVE,,g6sx4bfq,True,https://classroom.google.com/c/ODY3NzcyMzY1NDEz,112650800097094238847,2026-06-12T10:29:28Z,2026-06-12T10:29:28Z,c_classroom20ab403d@group.calendar.google.com,08_8_2026_2027_ae0b03df@schoolgus.ukr.education,08_8_2026_2027_teachers_6e6795fe@schoolgus.ukr.education,1cPNFY_MK5eLPFEhmXWQY8IUk1RPxqy0UT9uOFhEG0ZGex7EAunDvXLfN1Z_bC7JpJHAv_hYq,08. 8-А клас. Українська мова (2026-2027),https://drive.google.com/drive/folders/1cPNFY_MK5eLPFEhmXWQY8IUk1RPxqy0UT9uOFhEG0ZGex7EAunDvXLfN1Z_bC7JpJHAv_hYq,TOTAL_POINTS,HIDE_OVERALL_GRADE
867773165375,08. 8 клас. Екстернат (2026-2027),ACTIVE,,ngruzjnw,True,https://classroom.google.com/c/ODY3NzczMTY1Mzc1,112650800097094238847,2026-06-12T10:22:41Z,2026-06-12T10:24:42Z,,08_8_2026_2027_445aff94@schoolgus.ukr.education,08_8_2026_2027_teachers_91173c88@schoolgus.ukr.education,1E2_ZSOsVsMnvozI-LJ_becVtk6aXHS57yRW-qJZ2iEWD5pjqjz717WFUoWDue1X3-b_DmeT7,08. 8 клас. Екстернат (2026-2027),https://drive.google.com/drive/folders/1E2_ZSOsVsMnvozI-LJ_becVtk6aXHS57yRW-qJZ2iEWD5pjqjz717WFUoWDue1X3-b_DmeT7,TOTAL_POINTS,HIDE_OVERALL_GRADE
867772213059,07. 7-Г клас. Основи християнської етики (2026-2027),ACTIVE,,34ge7noe,True,https://classroom.google.com/c/ODY3NzcyMjEzMDU5,112650800097094238847,2026-06-12T09:40:31Z,2026-06-14T05:30:03Z,,07_7_2026_2027_41cf9d5f@schoolgus.ukr.education,07_7_2026_2027_teachers_adc4ded4@schoolgus.ukr.education,1-tMmFE_3rWa_TcjZiuatszd16hrPBnoVS4n0dTZVLZffrVHrsNWXfGVrTUX5sMyllvoDqoAI,07. 7-Г клас. Основи християнської етики (2026-2027),https://drive.google.com/drive/folders/1-tMmFE_3rWa_TcjZiuatszd16hrPBnoVS4n0dTZVLZffrVHrsNWXfGVrTUX5sMyllvoDqoAI,TOTAL_POINTS,HIDE_OVERALL_GRADE
867772093943,07. 7-Г клас. Фізична культура (2026-2027),ACTIVE,,nxnqjrzr,True,https://classroom.google.com/c/ODY3NzcyMDkzOTQz,112650800097094238847,2026-06-12T09:40:29Z,2026-06-12T09:40:29Z,,07_7_2026_2027_2f5fbded@schoolgus.ukr.education,07_7_2026_2027_teachers_5380566a@schoolgus.ukr.education,1sZVPvznYX1mYgbEHYYYqQfgHDtCzMSd-VaHamNHpshCQQVNhQb4WXb7OEWbZDT4uJRfJbq4m,07. 7-Г клас. Фізична культура (2026-2027),https://drive.google.com/drive/folders/1sZVPvznYX1mYgbEHYYYqQfgHDtCzMSd-VaHamNHpshCQQVNhQb4WXb7OEWbZDT4uJRfJbq4m,TOTAL_POINTS,HIDE_OVERALL_GRADE
867771801761,07. 7-Г клас. Здоров'я безпека та добробут (2026-2027),ACTIVE,,nvojv32g,True,https://classroom.google.com/c/ODY3NzcxODAxNzYx,112650800097094238847,2026-06-12T09:40:29Z,2026-06-14T05:29:45Z,,07_7_2026_2027_45846ef7@schoolgus.ukr.education,07_7_2026_2027_teachers_2f0c5ad8@schoolgus.ukr.education,1cdB78ffIzO9CP_rLyNOupPlkHjdBTeNXOAMjjJp8tUGctMxvBDhTgV2c04gOxAtYB25QCg-8,07. 7-Г клас. Здоров'я безпека та добробут (2026-2027),https://drive.google.com/drive/folders/1cdB78ffIzO9CP_rLyNOupPlkHjdBTeNXOAMjjJp8tUGctMxvBDhTgV2c04gOxAtYB25QCg-8,TOTAL_POINTS,HIDE_OVERALL_GRADE
867772530601,07. 7-Г клас. Технології (2026-2027),ACTIVE,,4tf6emed,True,https://classroom.google.com/c/ODY3NzcyNTMwNjAx,112650800097094238847,2026-06-12T09:40:29Z,2026-06-14T05:29:21Z,,07_7_2026_2027_bcfc3f09@schoolgus.ukr.education,07_7_2026_2027_teachers_63a4ee59@schoolgus.ukr.education,11UmPOdscxp2g9m6CNQCotHRlLC7SOsJa4xyetWSrR_Npm6aE-W8ULO5rFw08bngWGZxPxue7,07. 7-Г клас. Технології (2026-2027),https://drive.google.com/drive/folders/11UmPOdscxp2g9m6CNQCotHRlLC7SOsJa4xyetWSrR_Npm6aE-W8ULO5rFw08bngWGZxPxue7,TOTAL_POINTS,HIDE_OVERALL_GRADE
867772006510,07. 7-Г клас. Мистецтво (2026-2027),ACTIVE,,n75nbo3e,True,https://classroom.google.com/c/ODY3NzcyMDA2NTEw,112650800097094238847,2026-06-12T09:40:28Z,2026-06-14T05:28:58Z,,07_7_2026_2027_eb91307f@schoolgus.ukr.education,07_7_2026_2027_teachers_dbcf2f06@schoolgus.ukr.education,1mqZsot0_xmxmaQcdM52qrfVA4XFejGLckPwuLqaV3rsVs7kEILmOd_8-AkLakgBEI0D_acmV,07. 7-Г клас. Мистецтво (2026-2027),https://drive.google.com/drive/folders/1mqZsot0_xmxmaQcdM52qrfVA4XFejGLckPwuLqaV3rsVs7kEILmOd_8-AkLakgBEI0D_acmV,TOTAL_POINTS,HIDE_OVERALL_GRADE
867772226483,07. 7-Г клас. Інформатика (2026-2027),ACTIVE,,4cycldqe,True,https://classroom.google.com/c/ODY3NzcyMjI2NDgz,112650800097094238847,2026-06-12T09:40:28Z,2026-06-12T09:40:28Z,c_classroom95ea8190@group.calendar.google.com,07_7_2026_2027_0b72d406@schoolgus.ukr.education,07_7_2026_2027_teachers_49dbc584@schoolgus.ukr.education,1Dmov8unQlcRgrQcG-cQumTkcgvhlpZV3DfB1OpnCHUnaDFXiO08BIIAeacPC8UB5fsg1_GPQ,07. 7-Г клас. Інформатика (2026-2027),https://drive.google.com/drive/folders/1Dmov8unQlcRgrQcG-cQumTkcgvhlpZV3DfB1OpnCHUnaDFXiO08BIIAeacPC8UB5fsg1_GPQ,TOTAL_POINTS,HIDE_OVERALL_GRADE
867771932205,07. 7-Г клас. Хімія (2026-2027),ACTIVE,,5shqjx5i,True,https://classroom.google.com/c/ODY3NzcxOTMyMjA1,112650800097094238847,2026-06-12T09:40:25Z,2026-06-14T05:28:08Z,,07_7_2026_2027_10a187f7@schoolgus.ukr.education,07_7_2026_2027_teachers_612af2d5@schoolgus.ukr.education,1ZtpE-wNA4JlziMWbniEMt-0W7PD3uQDV967mzmiaWdnnQrEvdP96peak_2vVFB2z0pq0fzqx,07. 7-Г клас. Хімія (2026-2027),https://drive.google.com/drive/folders/1ZtpE-wNA4JlziMWbniEMt-0W7PD3uQDV967mzmiaWdnnQrEvdP96peak_2vVFB2z0pq0fzqx,TOTAL_POINTS,HIDE_OVERALL_GRADE
867770643194,07. 7-Г клас. Географія (2026-2027),ACTIVE,,wqbcnlup,True,https://classroom.google.com/c/ODY3NzcwNjQzMTk0,112650800097094238847,2026-06-12T09:40:25Z,2026-06-14T05:28:29Z,c_classroom2df6b1a2@group.calendar.google.com,07_7_2026_2027_6f8494a9@schoolgus.ukr.education,07_7_2026_2027_teachers_fb098c98@schoolgus.ukr.education,1uOwZmYCdhGF_gvAiLvUAo2rDSeN9YCRkjlwNwT8IhTbVD4z8ZmA4_EvPBOsndkxn-XRvPvNz,07. 7-Г клас. Географія (2026-2027),https://drive.google.com/drive/folders/1uOwZmYCdhGF_gvAiLvUAo2rDSeN9YCRkjlwNwT8IhTbVD4z8ZmA4_EvPBOsndkxn-XRvPvNz,TOTAL_POINTS,HIDE_OVERALL_GRADE
867772032491,07. 7-Г клас. Фізика (2026-2027),ACTIVE,,k6v5j4fd,True,https://classroom.google.com/c/ODY3NzcyMDMyNDkx,112650800097094238847,2026-06-12T09:40:25Z,2026-06-14T05:27:25Z,,07_7_2026_2027_c13b9222@schoolgus.ukr.education,07_7_2026_2027_teachers_d95d6749@schoolgus.ukr.education,1_Cst0bd-fHKQG48ciL1aqZbASF39Zc8uUOyD7lxcjDAMrk6r0Ow6V2Ophpp1YoIucOG9ywf6,07. 7-Г клас. Фізика (2026-2027),https://drive.google.com/drive/folders/1_Cst0bd-fHKQG48ciL1aqZbASF39Zc8uUOyD7lxcjDAMrk6r0Ow6V2Ophpp1YoIucOG9ywf6,TOTAL_POINTS,HIDE_OVERALL_GRADE
867767778417,07. 7-Г клас. Біологія (2026-2027),ACTIVE,,7q7c76qo,True,https://classroom.google.com/c/ODY3NzY3Nzc4NDE3,112650800097094238847,2026-06-12T09:40:25Z,2026-06-14T05:30:33Z,c_classroom27408e40@group.calendar.google.com,07_7_2026_2027_268fd0cc@schoolgus.ukr.education,07_7_2026_2027_teachers_4515c428@schoolgus.ukr.education,1qVaQ0sMy7ukDheeLTSayivcfmtmqWlksrjVjm2rUaD8EL2mQ5f3fZeClR9kQPx4E9oXYJmDg,07. 7-Г клас. Біологія (2026-2027),https://drive.google.com/drive/folders/1qVaQ0sMy7ukDheeLTSayivcfmtmqWlksrjVjm2rUaD8EL2mQ5f3fZeClR9kQPx4E9oXYJmDg,TOTAL_POINTS,HIDE_OVERALL_GRADE
867771865038,07. 7-Г клас. Геометрія (2026-2027),ACTIVE,,rdqgwixh,True,https://classroom.google.com/c/ODY3NzcxODY1MDM4,112650800097094238847,2026-06-12T09:40:25Z,2026-06-14T05:27:48Z,c_classroom898eaff4@group.calendar.google.com,07_7_2026_2027_6882de3c@schoolgus.ukr.education,07_7_2026_2027_teachers_70233f22@schoolgus.ukr.education,1Jm1D_JH1iQPvqSCo3Hgf61HPlGD7yBglgjyn_qcjZEIqoC384xO5jzZA-21FGvU_NYEvl7dC,07. 7-Г клас. Геометрія (2026-2027),https://drive.google.com/drive/folders/1Jm1D_JH1iQPvqSCo3Hgf61HPlGD7yBglgjyn_qcjZEIqoC384xO5jzZA-21FGvU_NYEvl7dC,TOTAL_POINTS,HIDE_OVERALL_GRADE
867772300924,07. 7-Г клас. Всесвітня історія (2026-2027),ACTIVE,,3jg73bbu,True,https://classroom.google.com/c/ODY3NzcyMzAwOTI0,112650800097094238847,2026-06-12T09:40:22Z,2026-06-14T05:25:38Z,,07_7_2026_2027_507042aa@schoolgus.ukr.education,07_7_2026_2027_teachers_5bca82be@schoolgus.ukr.education,1OTINbKTcJ_KEbXJ6D9m69TnLL-VzOnEL96kLttdbxF44OIMti7e_uLTD1Hv2NPvXOoWmRuYE,07. 7-Г клас. Всесвітня історія (2026-2027),https://drive.google.com/drive/folders/1OTINbKTcJ_KEbXJ6D9m69TnLL-VzOnEL96kLttdbxF44OIMti7e_uLTD1Hv2NPvXOoWmRuYE,TOTAL_POINTS,HIDE_OVERALL_GRADE
867772282508,07. 7-Г клас. Історія України (2026-2027),ACTIVE,,4rs7shyg,True,https://classroom.google.com/c/ODY3NzcyMjgyNTA4,112650800097094238847,2026-06-12T09:40:22Z,2026-06-14T05:26:00Z,,07_7_2026_2027_4f937669@schoolgus.ukr.education,07_7_2026_2027_teachers_967ccf2f@schoolgus.ukr.education,1zOOWJnElFOmH04mBTkSU4zJWLWuthu1GdeNIBD6pVGgCKIv1c_ETmPBb7L6Dz0yIwBpe9NpQ,07. 7-Г клас. Історія України (2026-2027),https://drive.google.com/drive/folders/1zOOWJnElFOmH04mBTkSU4zJWLWuthu1GdeNIBD6pVGgCKIv1c_ETmPBb7L6Dz0yIwBpe9NpQ,TOTAL_POINTS,HIDE_OVERALL_GRADE
867761751478,07. 7-Г клас. Алгебра (2026-2027),ACTIVE,,wpzmve7a,True,https://classroom.google.com/c/ODY3NzYxNzUxNDc4,112650800097094238847,2026-06-12T09:40:22Z,2026-06-14T05:26:22Z,,07_7_2026_2027_8397250e@schoolgus.ukr.education,07_7_2026_2027_teachers_3202ed3c@schoolgus.ukr.education,1YPE3Ca8Sz0uZBKerSz6dVF7wvWFWf8IwuQv7e5RJnqVXJX6tn9L1RpnJbZ0mxr6g38q1x4_f,07. 7-Г клас. Алгебра (2026-2027),https://drive.google.com/drive/folders/1YPE3Ca8Sz0uZBKerSz6dVF7wvWFWf8IwuQv7e5RJnqVXJX6tn9L1RpnJbZ0mxr6g38q1x4_f,TOTAL_POINTS,HIDE_OVERALL_GRADE
867772037425,07. 7-Г клас. Друга іноземна мова (Німецька) (2026-2027),ACTIVE,,r23i2gxg,True,https://classroom.google.com/c/ODY3NzcyMDM3NDI1,112650800097094238847,2026-06-12T09:40:22Z,2026-06-14T05:27:04Z,c_classroom3b36b603@group.calendar.google.com,07_7_2026_2027_fd0c6a77@schoolgus.ukr.education,07_7_2026_2027_teachers_f3f60f29@schoolgus.ukr.education,1wcrHlXxzzi2_gVEnzKN-8jGrofWtubKv6QA0sQH-2f0p-gNNCSP_GCBTO_GK9doc-CJ4S3tP,07. 7-Г клас. Друга іноземна мова (Німецька) (2026-2027),https://drive.google.com/drive/folders/1wcrHlXxzzi2_gVEnzKN-8jGrofWtubKv6QA0sQH-2f0p-gNNCSP_GCBTO_GK9doc-CJ4S3tP,TOTAL_POINTS,HIDE_OVERALL_GRADE
867770765403,07. 7-Г клас. Англійська мова (2026-2027),ACTIVE,,w56hs6vx,True,https://classroom.google.com/c/ODY3NzcwNzY1NDAz,112650800097094238847,2026-06-12T09:40:22Z,2026-06-14T05:26:43Z,c_classroom13d922ee@group.calendar.google.com,07_7_2026_2027_97731c83@schoolgus.ukr.education,07_7_2026_2027_teachers_13440ba0@schoolgus.ukr.education,1NbyU3LwOGKZsvBw9Ir5hgD8ZqnMQtwsU7M4mCC8V7M9fx8RDa1sRvnZTsQjIEOSHSCo4Kmer,07. 7-Г клас. Англійська мова (2026-2027),https://drive.google.com/drive/folders/1NbyU3LwOGKZsvBw9Ir5hgD8ZqnMQtwsU7M4mCC8V7M9fx8RDa1sRvnZTsQjIEOSHSCo4Kmer,TOTAL_POINTS,HIDE_OVERALL_GRADE
867772478043,07. 7-Г клас. Українська мова (2026-2027),ACTIVE,,rldmscwu,True,https://classroom.google.com/c/ODY3NzcyNDc4MDQz,112650800097094238847,2026-06-12T09:40:19Z,2026-06-14T05:24:37Z,,07_7_2026_2027_ea03b9a9@schoolgus.ukr.education,07_7_2026_2027_teachers_13207aba@schoolgus.ukr.education,1yoANRPAul289jA_Ov_HLmXnvroAvLTxBOfcut5SGnIwt07_zc3L_5PcPnjAI9csIsgnm8HdX,07. 7-Г клас. Українська мова (2026-2027),https://drive.google.com/drive/folders/1yoANRPAul289jA_Ov_HLmXnvroAvLTxBOfcut5SGnIwt07_zc3L_5PcPnjAI9csIsgnm8HdX,TOTAL_POINTS,HIDE_OVERALL_GRADE
867772335332,07. 7-Г клас. Українська література (2026-2027),ACTIVE,,spxw56e6,True,https://classroom.google.com/c/ODY3NzcyMzM1MzMy,112650800097094238847,2026-06-12T09:40:19Z,2026-06-14T05:25:20Z,c_classroom99b0552e@group.calendar.google.com,07_7_2026_2027_179f907c@schoolgus.ukr.education,07_7_2026_2027_teachers_250bbb84@schoolgus.ukr.education,1xq1i_M-5ufbvG1h_rGsgDPn94VyP6-xwvcKJI3uvKSResnPyQd_LaIGYMp_gyKp9zykQR9J2,07. 7-Г клас. Українська література (2026-2027),https://drive.google.com/drive/folders/1xq1i_M-5ufbvG1h_rGsgDPn94VyP6-xwvcKJI3uvKSResnPyQd_LaIGYMp_gyKp9zykQR9J2,TOTAL_POINTS,HIDE_OVERALL_GRADE
867771961556,07. 7-Г клас. Зарубіжна література (2026-2027),ACTIVE,,yy5e7ual,True,https://classroom.google.com/c/ODY3NzcxOTYxNTU2,112650800097094238847,2026-06-12T09:40:19Z,2026-06-14T05:25:00Z,c_classroomb568ff65@group.calendar.google.com,07_7_2026_2027_71fe86d4@schoolgus.ukr.education,07_7_2026_2027_teachers_66d9de1c@schoolgus.ukr.education,1JBvkmcACIRM7ReNsYRkKK0-V0RpBoHfTMH87j1uLmBx76Wgj-tyXG58t5vLZvYruED3HqR2w,07. 7-Г клас. Зарубіжна література (2026-2027),https://drive.google.com/drive/folders/1JBvkmcACIRM7ReNsYRkKK0-V0RpBoHfTMH87j1uLmBx76Wgj-tyXG58t5vLZvYruED3HqR2w,TOTAL_POINTS,HIDE_OVERALL_GRADE
867772659527,07. 7-В клас. Фізична культура (2026-2027),ACTIVE,,rrrx5hib,True,https://classroom.google.com/c/ODY3NzcyNjU5NTI3,112650800097094238847,2026-06-12T09:40:19Z,2026-06-14T05:23:23Z,,07_7_2026_2027_5a9871d5@schoolgus.ukr.education,07_7_2026_2027_teachers_353130de@schoolgus.ukr.education,1F7eqkxASTzxslCgJFwd_8rvw0OqsUtagR22TIn6tYzBDkKrmIUTj8STYOm99eU6Ub7rZN3EO,07. 7-В клас. Фізична культура (2026-2027),https://drive.google.com/drive/folders/1F7eqkxASTzxslCgJFwd_8rvw0OqsUtagR22TIn6tYzBDkKrmIUTj8STYOm99eU6Ub7rZN3EO,TOTAL_POINTS,HIDE_OVERALL_GRADE
867772195129,07. 7-В клас. Основи християнської етики (2026-2027),ACTIVE,,j6ndpog6,True,https://classroom.google.com/c/ODY3NzcyMTk1MTI5,112650800097094238847,2026-06-12T09:40:19Z,2026-06-14T05:23:54Z,,07_7_2026_2027_9de8e952@schoolgus.ukr.education,07_7_2026_2027_teachers_a7a5ca47@schoolgus.ukr.education,19uOCa0jE_wzoZd3qAePE4ZKGI_8V-ZLoXZWMalhbmHnA54r7hzK3ap6_ltPkRqMSkeZ7ReSr,07. 7-В клас. Основи християнської етики (2026-2027),https://drive.google.com/drive/folders/19uOCa0jE_wzoZd3qAePE4ZKGI_8V-ZLoXZWMalhbmHnA54r7hzK3ap6_ltPkRqMSkeZ7ReSr,TOTAL_POINTS,HIDE_OVERALL_GRADE
867772271550,07. 7-В клас. Здоров'я безпека та добробут (2026-2027),ACTIVE,,momuptwm,True,https://classroom.google.com/c/ODY3NzcyMjcxNTUw,112650800097094238847,2026-06-12T09:40:16Z,2026-06-12T09:40:16Z,c_classroom0d0e2dca@group.calendar.google.com,07_7_2026_2027_11cb9318@schoolgus.ukr.education,07_7_2026_2027_teachers_a0fcce57@schoolgus.ukr.education,12iJNvW7to9puzM-QOsxabetGcGqGFmLG_zFAeQeUgrNBnydlspBrsTWhV_z1PhRNqpqTgNbA,07. 7-В клас. Здоров'я безпека та добробут (2026-2027),https://drive.google.com/drive/folders/12iJNvW7to9puzM-QOsxabetGcGqGFmLG_zFAeQeUgrNBnydlspBrsTWhV_z1PhRNqpqTgNbA,TOTAL_POINTS,HIDE_OVERALL_GRADE
867772249767,07. 7-В клас. Технології (2026-2027),ACTIVE,,lfv7ymxl,True,https://classroom.google.com/c/ODY3NzcyMjQ5NzY3,112650800097094238847,2026-06-12T09:40:16Z,2026-06-12T09:40:16Z,,07_7_2026_2027_94b1ac21@schoolgus.ukr.education,07_7_2026_2027_teachers_ffeb0227@schoolgus.ukr.education,1wLdEfMANJrWELnrGfFSI9B1HqtbzWjwWgCBHMeJyVZvBIcqfffsw4N3KX8kWTChx3jiNHfzC,07. 7-В клас. Технології (2026-2027),https://drive.google.com/drive/folders/1wLdEfMANJrWELnrGfFSI9B1HqtbzWjwWgCBHMeJyVZvBIcqfffsw4N3KX8kWTChx3jiNHfzC,TOTAL_POINTS,HIDE_OVERALL_GRADE
867770214307,07. 7-В клас. Мистецтво (2026-2027),ACTIVE,,ykdp2ldi,True,https://classroom.google.com/c/ODY3NzcwMjE0MzA3,112650800097094238847,2026-06-12T09:40:16Z,2026-06-14T05:22:17Z,,07_7_2026_2027_98c5d1cd@schoolgus.ukr.education,07_7_2026_2027_teachers_f0a1fedb@schoolgus.ukr.education,1P1_SiyMLGQYAQmCrq5kWu8WPql2QDIEzFU8if9qg68mjIlMlLJcXnmHSf2Ujo3n4PbQOGKn8,07. 7-В клас. Мистецтво (2026-2027),https://drive.google.com/drive/folders/1P1_SiyMLGQYAQmCrq5kWu8WPql2QDIEzFU8if9qg68mjIlMlLJcXnmHSf2Ujo3n4PbQOGKn8,TOTAL_POINTS,HIDE_OVERALL_GRADE
867762293242,07. 7-В клас. Хімія (2026-2027),ACTIVE,,6z27jzrg,True,https://classroom.google.com/c/ODY3NzYyMjkzMjQy,112650800097094238847,2026-06-12T09:40:15Z,2026-06-14T05:21:57Z,c_classroom3b542cb6@group.calendar.google.com,07_7_2026_2027_3d915683@schoolgus.ukr.education,07_7_2026_2027_teachers_f90c69e5@schoolgus.ukr.education,1D7FjCxk_LAFk16GBmgolszrEuRqwdV4nv3Kg-DJ5LjIqUGPkqMJgwbJRmvh6LchSTpyKOUpS,07. 7-В клас. Хімія (2026-2027),https://drive.google.com/drive/folders/1D7FjCxk_LAFk16GBmgolszrEuRqwdV4nv3Kg-DJ5LjIqUGPkqMJgwbJRmvh6LchSTpyKOUpS,TOTAL_POINTS,HIDE_OVERALL_GRADE
867772520131,07. 7-В клас. Інформатика (2026-2027),ACTIVE,,vn5idd5l,True,https://classroom.google.com/c/ODY3NzcyNTIwMTMx,112650800097094238847,2026-06-12T09:40:16Z,2026-06-14T05:21:31Z,,07_7_2026_2027_20052693@schoolgus.ukr.education,07_7_2026_2027_teachers_120b2664@schoolgus.ukr.education,1nc72ykE2-HJsEOBqT_X7DKMJuJteFy1aC7faU1mgAjMTsWS4n09wpM5Y69HJvzUw2T_idcJ2,07. 7-В клас. Інформатика (2026-2027),https://drive.google.com/drive/folders/1nc72ykE2-HJsEOBqT_X7DKMJuJteFy1aC7faU1mgAjMTsWS4n09wpM5Y69HJvzUw2T_idcJ2,TOTAL_POINTS,HIDE_OVERALL_GRADE
867770532281,07. 7-В клас. Біологія (2026-2027),ACTIVE,,uzd7zjuv,True,https://classroom.google.com/c/ODY3NzcwNTMyMjgx,112650800097094238847,2026-06-12T09:40:12Z,2026-06-14T05:16:11Z,c_classroomdd6a40c8@group.calendar.google.com,07_7_2026_2027_169c5ead@schoolgus.ukr.education,07_7_2026_2027_teachers_1aa9c3fa@schoolgus.ukr.education,1NJihBl9VIi5xf16vzGwF4m31HBeeSU6cG5kdfFXzbTPZhlMuS4zgCPsxhZIAIj1C16NdPiPD,07. 7-В клас. Біологія (2026-2027),https://drive.google.com/drive/folders/1NJihBl9VIi5xf16vzGwF4m31HBeeSU6cG5kdfFXzbTPZhlMuS4zgCPsxhZIAIj1C16NdPiPD,TOTAL_POINTS,HIDE_OVERALL_GRADE
867772040803,07. 7-В клас. Фізика (2026-2027),ACTIVE,,75eaqtqv,True,https://classroom.google.com/c/ODY3NzcyMDQwODAz,112650800097094238847,2026-06-12T09:40:13Z,2026-06-14T05:17:23Z,c_classroom6130dc76@group.calendar.google.com,07_7_2026_2027_381b1490@schoolgus.ukr.education,07_7_2026_2027_teachers_20450d40@schoolgus.ukr.education,1HzCLIwElhS3FeV2ysbDeUqonbeYo1EHerIABxQyEFR3ZNx9qDsYGbetwFE7OfMicBQgS-hA2,07. 7-В клас. Фізика (2026-2027),https://drive.google.com/drive/folders/1HzCLIwElhS3FeV2ysbDeUqonbeYo1EHerIABxQyEFR3ZNx9qDsYGbetwFE7OfMicBQgS-hA2,TOTAL_POINTS,HIDE_OVERALL_GRADE
867772443970,07. 7-В клас. Географія (2026-2027),ACTIVE,,4ykioh4q,True,https://classroom.google.com/c/ODY3NzcyNDQzOTcw,112650800097094238847,2026-06-12T09:40:12Z,2026-06-14T05:16:34Z,,07_7_2026_2027_9d7d36be@schoolgus.ukr.education,07_7_2026_2027_teachers_f558dfb3@schoolgus.ukr.education,1-ym4Vw6lG3vyTmAsQ7CcgW4VawjbOowndIYmucQhvmugUbV3kR3qU21SxHWMb6AxuTu77bbk,07. 7-В клас. Географія (2026-2027),https://drive.google.com/drive/folders/1-ym4Vw6lG3vyTmAsQ7CcgW4VawjbOowndIYmucQhvmugUbV3kR3qU21SxHWMb6AxuTu77bbk,TOTAL_POINTS,HIDE_OVERALL_GRADE
867772474258,07. 7-В клас. Геометрія (2026-2027),ACTIVE,,ioreuhit,True,https://classroom.google.com/c/ODY3NzcyNDc0MjU4,112650800097094238847,2026-06-12T09:40:12Z,2026-06-14T05:15:50Z,,07_7_2026_2027_43380fdd@schoolgus.ukr.education,07_7_2026_2027_teachers_8ae2c31e@schoolgus.ukr.education,126EsI-kTRESMONml85Cz4tUgZxRxlc6_kgdwm_R5buYfdSrfQ52VclJ_0_laVM6PoFS8lxlP,07. 7-В клас. Геометрія (2026-2027),https://drive.google.com/drive/folders/126EsI-kTRESMONml85Cz4tUgZxRxlc6_kgdwm_R5buYfdSrfQ52VclJ_0_laVM6PoFS8lxlP,TOTAL_POINTS,HIDE_OVERALL_GRADE
867772282498,07. 7-В клас. Алгебра (2026-2027),ACTIVE,,o4l2b5f7,True,https://classroom.google.com/c/ODY3NzcyMjgyNDk4,112650800097094238847,2026-06-12T09:40:12Z,2026-06-14T05:17:00Z,c_classroom97b6d41e@group.calendar.google.com,07_7_2026_2027_c0d7085d@schoolgus.ukr.education,07_7_2026_2027_teachers_cf1e3ff0@schoolgus.ukr.education,10oe9jX6BL8JK5DD25HZ6U6Jj2yliegljFRt38NlzvEFk3MTFUW9YVD7kI6tqji81xgu1jUCI,07. 7-В клас. Алгебра (2026-2027),https://drive.google.com/drive/folders/10oe9jX6BL8JK5DD25HZ6U6Jj2yliegljFRt38NlzvEFk3MTFUW9YVD7kI6tqji81xgu1jUCI,TOTAL_POINTS,HIDE_OVERALL_GRADE
867771747125,07. 7-В клас. Історія України (2026-2027),ACTIVE,,uaxyeqrm,True,https://classroom.google.com/c/ODY3NzcxNzQ3MTI1,112650800097094238847,2026-06-12T09:40:09Z,2026-06-14T05:14:57Z,c_classroom58c43838@group.calendar.google.com,07_7_2026_2027_841e7442@schoolgus.ukr.education,07_7_2026_2027_teachers_717ca5d2@schoolgus.ukr.education,1vj1pZDeliCkurC_xW8yr2YPrChFx_CjHLMR7FYxHLhyRIyQOsVRgZuZ5S7BaHT_E86pk2wTo,07. 7-В клас. Історія України (2026-2027),https://drive.google.com/drive/folders/1vj1pZDeliCkurC_xW8yr2YPrChFx_CjHLMR7FYxHLhyRIyQOsVRgZuZ5S7BaHT_E86pk2wTo,TOTAL_POINTS,HIDE_OVERALL_GRADE
867772184112,07. 7-В клас. Всесвітня історія (2026-2027),ACTIVE,,fi2thzyz,True,https://classroom.google.com/c/ODY3NzcyMTg0MTEy,112650800097094238847,2026-06-12T09:40:10Z,2026-06-14T05:15:24Z,,07_7_2026_2027_6bf7f10c@schoolgus.ukr.education,07_7_2026_2027_teachers_5c0dc0af@schoolgus.ukr.education,1IEbEyl0xIgA11GPHK111LmNfguGoqNQdXwziGzhCZPdn21rpVDyaktNTNbeLvUAPOSYCMwD5,07. 7-В клас. Всесвітня історія (2026-2027),https://drive.google.com/drive/folders/1IEbEyl0xIgA11GPHK111LmNfguGoqNQdXwziGzhCZPdn21rpVDyaktNTNbeLvUAPOSYCMwD5,TOTAL_POINTS,HIDE_OVERALL_GRADE
867771265637,07. 7-В клас. Друга іноземна мова (Німецька) (2026-2027),ACTIVE,,mnnqgdhc,True,https://classroom.google.com/c/ODY3NzcxMjY1NjM3,112650800097094238847,2026-06-12T09:40:09Z,2026-06-14T05:14:30Z,,07_7_2026_2027_a4758ddd@schoolgus.ukr.education,07_7_2026_2027_teachers_cb336045@schoolgus.ukr.education,1pO5dJiMBEsTMY-yS4-J7agpByycve38rxJZ27UU8u78v4VXaDET5nwRNtJJjM8kajQFJgxc-,07. 7-В клас. Друга іноземна мова (Німецька) (2026-2027),https://drive.google.com/drive/folders/1pO5dJiMBEsTMY-yS4-J7agpByycve38rxJZ27UU8u78v4VXaDET5nwRNtJJjM8kajQFJgxc-,TOTAL_POINTS,HIDE_OVERALL_GRADE
867772270691,07. 7-В клас. Англійська мова (2026-2027),ACTIVE,,xxpvn5in,True,https://classroom.google.com/c/ODY3NzcyMjcwNjkx,112650800097094238847,2026-06-12T09:40:09Z,2026-06-12T09:40:09Z,c_classroom285c7665@group.calendar.google.com,07_7_2026_2027_eb31c338@schoolgus.ukr.education,07_7_2026_2027_teachers_31084fa5@schoolgus.ukr.education,1D7a1Db2YlhwyuLIJk3MrG1vcu4_2IGKkPpf7GlnM6tWIoDnKr7xX7870GOsTpByuzvrA-lbz,07. 7-В клас. Англійська мова (2026-2027),https://drive.google.com/drive/folders/1D7a1Db2YlhwyuLIJk3MrG1vcu4_2IGKkPpf7GlnM6tWIoDnKr7xX7870GOsTpByuzvrA-lbz,TOTAL_POINTS,HIDE_OVERALL_GRADE
867772642609,07. 7-В клас. Зарубіжна література (2026-2027),ACTIVE,,tgcelbqp,True,https://classroom.google.com/c/ODY3NzcyNjQyNjA5,112650800097094238847,2026-06-12T09:40:09Z,2026-06-12T09:40:09Z,c_classroome9b43c87@group.calendar.google.com,07_7_2026_2027_0e78b929@schoolgus.ukr.education,07_7_2026_2027_teachers_0a132141@schoolgus.ukr.education,1Pe-mDEa02JsuSXz8jm2eyjyjHNfW_b3_hxxGwOswOWatA7JegxHCMnGxhMKgntBmXwv9jHYy,07. 7-В клас. Зарубіжна література (2026-2027),https://drive.google.com/drive/folders/1Pe-mDEa02JsuSXz8jm2eyjyjHNfW_b3_hxxGwOswOWatA7JegxHCMnGxhMKgntBmXwv9jHYy,TOTAL_POINTS,HIDE_OVERALL_GRADE
867771654436,07. 7-Б клас. Основи християнської етики (2026-2027),ACTIVE,,ziwxca3v,True,https://classroom.google.com/c/ODY3NzcxNjU0NDM2,112650800097094238847,2026-06-12T09:40:06Z,2026-06-12T09:40:06Z,,07_7_2026_2027_077a67e1@schoolgus.ukr.education,07_7_2026_2027_teachers_d5f8311e@schoolgus.ukr.education,1LwxbuBzynXz3dtEfd6fWqjWv1Aj8Qz_5WA8j_BVfvMRFP9JeyIHzExdUN0DCUj-BJn-W17NI,07. 7-Б клас. Основи християнської етики (2026-2027),https://drive.google.com/drive/folders/1LwxbuBzynXz3dtEfd6fWqjWv1Aj8Qz_5WA8j_BVfvMRFP9JeyIHzExdUN0DCUj-BJn-W17NI,TOTAL_POINTS,HIDE_OVERALL_GRADE
867771834445,07. 7-В клас. Українська література (2026-2027),ACTIVE,,r2gribyq,True,https://classroom.google.com/c/ODY3NzcxODM0NDQ1,112650800097094238847,2026-06-12T09:40:07Z,2026-06-14T05:14:00Z,c_classroome5a8c8cc@group.calendar.google.com,07_7_2026_2027_bb0051e7@schoolgus.ukr.education,07_7_2026_2027_teachers_fde5f128@schoolgus.ukr.education,1P5EYiqeGCETmha7w_MH9_hXs8dA4-aeMyeRLdFUXFGzI0h58-GBagTLEIRQbqxcS5cRHcNPQ,07. 7-В клас. Українська література (2026-2027),https://drive.google.com/drive/folders/1P5EYiqeGCETmha7w_MH9_hXs8dA4-aeMyeRLdFUXFGzI0h58-GBagTLEIRQbqxcS5cRHcNPQ,TOTAL_POINTS,HIDE_OVERALL_GRADE
867769655812,07. 7-В клас. Українська мова (2026-2027),ACTIVE,,v35vdicc,True,https://classroom.google.com/c/ODY3NzY5NjU1ODEy,112650800097094238847,2026-06-12T09:40:06Z,2026-06-14T05:13:24Z,c_classroom01aa0a21@group.calendar.google.com,07_7_2026_2027_870ffe65@schoolgus.ukr.education,07_7_2026_2027_teachers_b278a6ca@schoolgus.ukr.education,1vRM0ykaRR4dnJ6F2CziU4wwZcF1xhv4zhikO0BiJ5w17Ffo8QUbTOWcFEgAXlQ0loUN_vdd3,07. 7-В клас. Українська мова (2026-2027),https://drive.google.com/drive/folders/1vRM0ykaRR4dnJ6F2CziU4wwZcF1xhv4zhikO0BiJ5w17Ffo8QUbTOWcFEgAXlQ0loUN_vdd3,TOTAL_POINTS,HIDE_OVERALL_GRADE
867771800839,07. 7-Б клас. Фізична культура (2026-2027),ACTIVE,,fbtvlk3p,True,https://classroom.google.com/c/ODY3NzcxODAwODM5,112650800097094238847,2026-06-12T09:40:06Z,2026-06-12T09:40:06Z,c_classroomd6d4a57a@group.calendar.google.com,07_7_2026_2027_f7e56916@schoolgus.ukr.education,07_7_2026_2027_teachers_0e717c69@schoolgus.ukr.education,1KvoE-VoRbZEP5W-uoiWtZz_mDxYIKYqjX9IuhDJ7S9gTCKoVdaoXoFp8Er1YD31ub84cdTeQ,07. 7-Б клас. Фізична культура (2026-2027),https://drive.google.com/drive/folders/1KvoE-VoRbZEP5W-uoiWtZz_mDxYIKYqjX9IuhDJ7S9gTCKoVdaoXoFp8Er1YD31ub84cdTeQ,TOTAL_POINTS,HIDE_OVERALL_GRADE
867771470566,07. 7-Б клас. Здоров'я безпека та добробут (2026-2027),ACTIVE,,5hb6jty4,True,https://classroom.google.com/c/ODY3NzcxNDcwNTY2,112650800097094238847,2026-06-12T09:40:05Z,2026-06-14T05:11:56Z,c_classroome71a63d9@group.calendar.google.com,07_7_2026_2027_fbe12151@schoolgus.ukr.education,07_7_2026_2027_teachers_65a6d711@schoolgus.ukr.education,1WydPZjNfucsyH4i9iMJ1VlaNEMicCcNUQHhXg6x8OGKuWYB51cxQdu2mwd8qe33lFvO4ApZ-,07. 7-Б клас. Здоров'я безпека та добробут (2026-2027),https://drive.google.com/drive/folders/1WydPZjNfucsyH4i9iMJ1VlaNEMicCcNUQHhXg6x8OGKuWYB51cxQdu2mwd8qe33lFvO4ApZ-,TOTAL_POINTS,HIDE_OVERALL_GRADE
867771078806,07. 7-Б клас. Мистецтво (2026-2027),ACTIVE,,iztcexxv,True,https://classroom.google.com/c/ODY3NzcxMDc4ODA2,112650800097094238847,2026-06-12T09:40:03Z,2026-06-14T05:11:34Z,c_classroom1a0321be@group.calendar.google.com,07_7_2026_2027_903d7731@schoolgus.ukr.education,07_7_2026_2027_teachers_dde43f89@schoolgus.ukr.education,1ls4sUjf11ofZhMXm7ftVUipsw6GTu7io93FzGabyCOYNsb_wsk23Z_ird4_B_JFCxQrmuc-8,07. 7-Б клас. Мистецтво (2026-2027),https://drive.google.com/drive/folders/1ls4sUjf11ofZhMXm7ftVUipsw6GTu7io93FzGabyCOYNsb_wsk23Z_ird4_B_JFCxQrmuc-8,TOTAL_POINTS,HIDE_OVERALL_GRADE
867772180108,07. 7-Б клас. Технології (2026-2027),ACTIVE,,paznn7o3,True,https://classroom.google.com/c/ODY3NzcyMTgwMTA4,112650800097094238847,2026-06-12T09:40:03Z,2026-06-14T05:11:11Z,,07_7_2026_2027_072aa3b2@schoolgus.ukr.education,07_7_2026_2027_teachers_f261b329@schoolgus.ukr.education,1guoC20NWy5r8bGIoH9h_pGg-oopqQ0OnffGMvzaWesjJaIxGdtgkhzhe6k9o86x8PYPCTAVv,07. 7-Б клас. Технології (2026-2027),https://drive.google.com/drive/folders/1guoC20NWy5r8bGIoH9h_pGg-oopqQ0OnffGMvzaWesjJaIxGdtgkhzhe6k9o86x8PYPCTAVv,TOTAL_POINTS,HIDE_OVERALL_GRADE
867771860554,07. 7-Б клас. Хімія (2026-2027),ACTIVE,,smj3scsz,True,https://classroom.google.com/c/ODY3NzcxODYwNTU0,112650800097094238847,2026-06-12T09:40:02Z,2026-06-14T05:10:25Z,,07_7_2026_2027_54caec9f@schoolgus.ukr.education,07_7_2026_2027_teachers_baf202e0@schoolgus.ukr.education,1ZNjWkkMeh43b9MxHkLp_1jsieNpVXWoWn96No1FwamTgSJryqQrvPM94emAVFRhWqR2ON3Ta,07. 7-Б клас. Хімія (2026-2027),https://drive.google.com/drive/folders/1ZNjWkkMeh43b9MxHkLp_1jsieNpVXWoWn96No1FwamTgSJryqQrvPM94emAVFRhWqR2ON3Ta,TOTAL_POINTS,HIDE_OVERALL_GRADE
867772317982,07. 7-Б клас. Інформатика (2026-2027),ACTIVE,,iktrt4pw,True,https://classroom.google.com/c/ODY3NzcyMzE3OTgy,112650800097094238847,2026-06-12T09:40:03Z,2026-06-14T05:10:47Z,,07_7_2026_2027_027175e1@schoolgus.ukr.education,07_7_2026_2027_teachers_0aa69ab3@schoolgus.ukr.education,1fAr4c56Ol40GiaZPsK8JL09WsOLs00_JN2VDAHON7RRTLgNDvluIho8rBFOdMynZmht9nqEg,07. 7-Б клас. Інформатика (2026-2027),https://drive.google.com/drive/folders/1fAr4c56Ol40GiaZPsK8JL09WsOLs00_JN2VDAHON7RRTLgNDvluIho8rBFOdMynZmht9nqEg,TOTAL_POINTS,HIDE_OVERALL_GRADE
867771913607,07. 7-Б клас. Фізика (2026-2027),ACTIVE,,rhaojump,True,https://classroom.google.com/c/ODY3NzcxOTEzNjA3,112650800097094238847,2026-06-12T09:40:02Z,2026-06-14T05:10:04Z,,07_7_2026_2027_6e74c3cf@schoolgus.ukr.education,07_7_2026_2027_teachers_d4ecfa73@schoolgus.ukr.education,1eygsEbYsQt5XP4lGvZ1wRM4hb_UI7ThV8ASbQtz-Zr13V35dwGzZBE-hlXLHzvpyv3ZvsAIO,07. 7-Б клас. Фізика (2026-2027),https://drive.google.com/drive/folders/1eygsEbYsQt5XP4lGvZ1wRM4hb_UI7ThV8ASbQtz-Zr13V35dwGzZBE-hlXLHzvpyv3ZvsAIO,TOTAL_POINTS,HIDE_OVERALL_GRADE
867772375837,07. 7-Б клас. Алгебра (2026-2027),ACTIVE,,4aq6mj32,True,https://classroom.google.com/c/ODY3NzcyMzc1ODM3,112650800097094238847,2026-06-12T09:39:59Z,2026-06-14T05:08:36Z,c_classroome5be2711@group.calendar.google.com,07_7_2026_2027_47183bc5@schoolgus.ukr.education,07_7_2026_2027_teachers_561cce24@schoolgus.ukr.education,1R06usAjmA8oKn09L8y1rtZAZWelwZwsOTNfDxsgZQC0c2ZWbs-eHP7XrZt8LwO9t9WrxnSE2,07. 7-Б клас. Алгебра (2026-2027),https://drive.google.com/drive/folders/1R06usAjmA8oKn09L8y1rtZAZWelwZwsOTNfDxsgZQC0c2ZWbs-eHP7XrZt8LwO9t9WrxnSE2,TOTAL_POINTS,HIDE_OVERALL_GRADE
867768967194,07. 7-Б клас. Геометрія (2026-2027),ACTIVE,,4ow5uis3,True,https://classroom.google.com/c/ODY3NzY4OTY3MTk0,112650800097094238847,2026-06-12T09:39:59Z,2026-06-12T09:39:59Z,c_classroom60654607@group.calendar.google.com,07_7_2026_2027_20921168@schoolgus.ukr.education,07_7_2026_2027_teachers_90f5d202@schoolgus.ukr.education,14laJSZzRUNwWINU15ncF4GM-9KsnL0z2FazXMyMeWI4iTHFEcAae1o0jabzWvvCGlJDhnEMU,07. 7-Б клас. Геометрія (2026-2027),https://drive.google.com/drive/folders/14laJSZzRUNwWINU15ncF4GM-9KsnL0z2FazXMyMeWI4iTHFEcAae1o0jabzWvvCGlJDhnEMU,TOTAL_POINTS,HIDE_OVERALL_GRADE
867770234674,07. 7-Б клас. Біологія (2026-2027),ACTIVE,,bpnqcogl,True,https://classroom.google.com/c/ODY3NzcwMjM0Njc0,112650800097094238847,2026-06-12T09:39:59Z,2026-06-14T05:07:57Z,,07_7_2026_2027_56e9e6e0@schoolgus.ukr.education,07_7_2026_2027_teachers_938008c3@schoolgus.ukr.education,1FbKkMJdbsw6wGwOqCBtnPxhlZ1XSS5QLmCFs5u9s5NyKCC-8X92ZNocsuFTFDrxHgERszcgs,07. 7-Б клас. Біологія (2026-2027),https://drive.google.com/drive/folders/1FbKkMJdbsw6wGwOqCBtnPxhlZ1XSS5QLmCFs5u9s5NyKCC-8X92ZNocsuFTFDrxHgERszcgs,TOTAL_POINTS,HIDE_OVERALL_GRADE
867771022512,07. 7-Б клас. Географія (2026-2027),ACTIVE,,slbxweab,True,https://classroom.google.com/c/ODY3NzcxMDIyNTEy,112650800097094238847,2026-06-12T09:39:59Z,2026-06-14T05:09:07Z,c_classroom27316219@group.calendar.google.com,07_7_2026_2027_9772d227@schoolgus.ukr.education,07_7_2026_2027_teachers_738edc39@schoolgus.ukr.education,1V40yxr-CdlT6QFWOdjyNaL7HJjx9XSGlyV5cokW6DpHBdpEYO_pHKX3CcKCOzsjVrdlA3IZI,07. 7-Б клас. Географія (2026-2027),https://drive.google.com/drive/folders/1V40yxr-CdlT6QFWOdjyNaL7HJjx9XSGlyV5cokW6DpHBdpEYO_pHKX3CcKCOzsjVrdlA3IZI,TOTAL_POINTS,HIDE_OVERALL_GRADE
867772389535,07. 7-Б клас. Всесвітня історія (2026-2027),ACTIVE,,y2xmekel,True,https://classroom.google.com/c/ODY3NzcyMzg5NTM1,112650800097094238847,2026-06-12T09:39:59Z,2026-06-14T05:09:36Z,,07_7_2026_2027_1371c594@schoolgus.ukr.education,07_7_2026_2027_teachers_0f0e0b44@schoolgus.ukr.education,1miXOtZLa5th8WhAi-Gmmx76HZVwTCzohN0Q1w0sZxJFWeZcmZcPtdcX_FGcot5QMUoSrI90R,07. 7-Б клас. Всесвітня історія (2026-2027),https://drive.google.com/drive/folders/1miXOtZLa5th8WhAi-Gmmx76HZVwTCzohN0Q1w0sZxJFWeZcmZcPtdcX_FGcot5QMUoSrI90R,TOTAL_POINTS,HIDE_OVERALL_GRADE
867770573684,07. 7-Б клас. Історія України (2026-2027),ACTIVE,,3n56mavg,True,https://classroom.google.com/c/ODY3NzcwNTczNjg0,112650800097094238847,2026-06-12T09:39:56Z,2026-06-14T05:07:18Z,,07_7_2026_2027_f3f31f35@schoolgus.ukr.education,07_7_2026_2027_teachers_e337aa20@schoolgus.ukr.education,1nsaVOaTPHXwdbkAC-5ze-sanzqKSzex0v6XrNUeL3StrrU8a9traQjHU6Mygp-j6UG1EcJwV,07. 7-Б клас. Історія України (2026-2027),https://drive.google.com/drive/folders/1nsaVOaTPHXwdbkAC-5ze-sanzqKSzex0v6XrNUeL3StrrU8a9traQjHU6Mygp-j6UG1EcJwV,TOTAL_POINTS,HIDE_OVERALL_GRADE
867772300908,07. 7-Б клас. Англійська мова (2026-2027),ACTIVE,,rkv3vwp2,True,https://classroom.google.com/c/ODY3NzcyMzAwOTA4,112650800097094238847,2026-06-12T09:39:56Z,2026-06-14T05:06:57Z,,07_7_2026_2027_5ee1f51b@schoolgus.ukr.education,07_7_2026_2027_teachers_c42bc080@schoolgus.ukr.education,1lrzbGfS3TzXFHxyA1EbsJkFgivtZfRnxizioZJUdHeBkuQuQe3VuxEv1WRoD5b1d1_ifOe8S,07. 7-Б клас. Англійська мова (2026-2027),https://drive.google.com/drive/folders/1lrzbGfS3TzXFHxyA1EbsJkFgivtZfRnxizioZJUdHeBkuQuQe3VuxEv1WRoD5b1d1_ifOe8S,TOTAL_POINTS,HIDE_OVERALL_GRADE
798179972721,07. 7-Б клас. Зарубіжна література (2026-2027),ACTIVE,,bjncex3n,True,https://classroom.google.com/c/Nzk4MTc5OTcyNzIx,112650800097094238847,2026-06-12T09:39:55Z,2026-06-14T05:08:18Z,c_classroomb34ffa9e@group.calendar.google.com,07_7_2026_2027_ae3bfd8a@schoolgus.ukr.education,07_7_2026_2027_teachers_b363c023@schoolgus.ukr.education,1kk8ViPFxh2wCSq8MbatpGxaPJd4WBsJ4VBiESbzl6FAH1G1taplGDXP_G6PVsqcTpzMJBu7Q,07. 7-Б клас. Зарубіжна література (2026-2027),https://drive.google.com/drive/folders/1kk8ViPFxh2wCSq8MbatpGxaPJd4WBsJ4VBiESbzl6FAH1G1taplGDXP_G6PVsqcTpzMJBu7Q,TOTAL_POINTS,HIDE_OVERALL_GRADE
867771996617,07. 7-Б клас. Українська література (2026-2027),ACTIVE,,hyvf4tkq,True,https://classroom.google.com/c/ODY3NzcxOTk2NjE3,112650800097094238847,2026-06-12T09:39:54Z,2026-06-14T05:06:38Z,c_classroomfc57615f@group.calendar.google.com,07_7_2026_2027_d556bf84@schoolgus.ukr.education,07_7_2026_2027_teachers_164b9c46@schoolgus.ukr.education,1F6ZKNP1fe-4tZyZCM3LjJrAAjVVbbjd-0ZLCzWNjeSBUeK0ZefxDbR4tTtAZZrrAgfUFTK-s,07. 7-Б клас. Українська література (2026-2027),https://drive.google.com/drive/folders/1F6ZKNP1fe-4tZyZCM3LjJrAAjVVbbjd-0ZLCzWNjeSBUeK0ZefxDbR4tTtAZZrrAgfUFTK-s,TOTAL_POINTS,HIDE_OVERALL_GRADE
867770967420,07. 7-Б клас. Друга іноземна мова (Німецька) (2026-2027),ACTIVE,,njpgjsxw,True,https://classroom.google.com/c/ODY3NzcwOTY3NDIw,112650800097094238847,2026-06-12T09:39:56Z,2026-06-14T05:07:39Z,c_classroomba9ede88@group.calendar.google.com,07_7_2026_2027_43c2d72b@schoolgus.ukr.education,07_7_2026_2027_teachers_f734326e@schoolgus.ukr.education,18UoxcwC_yh8QZvNc2-cbQxtarClDuhVmehAxlqsS43bYPnJKFs3r-A4U_4Ow9fJEJcv5r7WL,07. 7-Б клас. Друга іноземна мова (Німецька) (2026-2027),https://drive.google.com/drive/folders/18UoxcwC_yh8QZvNc2-cbQxtarClDuhVmehAxlqsS43bYPnJKFs3r-A4U_4Ow9fJEJcv5r7WL,TOTAL_POINTS,HIDE_OVERALL_GRADE
867772322007,07. 7-А клас. Здоров'я безпека та добробут (2026-2027),ACTIVE,,44yvee63,True,https://classroom.google.com/c/ODY3NzcyMzIyMDA3,112650800097094238847,2026-06-12T09:39:52Z,2026-06-14T05:04:57Z,,07_7_2026_2027_9851837c@schoolgus.ukr.education,07_7_2026_2027_teachers_4ec247ed@schoolgus.ukr.education,1pKbOfp_Qo3lucMoNIUdcI3TB8TcbH1AUn7kP4O_EzkpULvnDFHWBCuHtH8WXH_sSXuotyexA,07. 7-А клас. Здоров'я безпека та добробут (2026-2027),https://drive.google.com/drive/folders/1pKbOfp_Qo3lucMoNIUdcI3TB8TcbH1AUn7kP4O_EzkpULvnDFHWBCuHtH8WXH_sSXuotyexA,TOTAL_POINTS,HIDE_OVERALL_GRADE
867772395274,07. 7-Б клас. Українська мова (2026-2027),ACTIVE,,pzso3xmq,True,https://classroom.google.com/c/ODY3NzcyMzk1Mjc0,112650800097094238847,2026-06-12T09:39:53Z,2026-06-14T05:06:09Z,,07_7_2026_2027_cd62da85@schoolgus.ukr.education,07_7_2026_2027_teachers_3f9041d9@schoolgus.ukr.education,1Y3q0ffPxPXVvX1PdI6bgSSDPO7J0Jn-wCvagZ-Liq8Lf7BePGkUflgjNgURizGdVozjIXNXg,07. 7-Б клас. Українська мова (2026-2027),https://drive.google.com/drive/folders/1Y3q0ffPxPXVvX1PdI6bgSSDPO7J0Jn-wCvagZ-Liq8Lf7BePGkUflgjNgURizGdVozjIXNXg,TOTAL_POINTS,HIDE_OVERALL_GRADE
867772249264,07. 7-А клас. Основи християнської етики (2026-2027),ACTIVE,,6vktj5cv,True,https://classroom.google.com/c/ODY3NzcyMjQ5MjY0,112650800097094238847,2026-06-12T09:39:53Z,2026-06-14T05:05:17Z,,07_7_2026_2027_31b6ac27@schoolgus.ukr.education,07_7_2026_2027_teachers_0d38cec5@schoolgus.ukr.education,1oKX6PGQchjXZSQXMcLBPEaXvCgG70h3gXb5LIB3W1uMHEgzUztSeNfMzJUEGqps_yl_1BBvt,07. 7-А клас. Основи християнської етики (2026-2027),https://drive.google.com/drive/folders/1oKX6PGQchjXZSQXMcLBPEaXvCgG70h3gXb5LIB3W1uMHEgzUztSeNfMzJUEGqps_yl_1BBvt,TOTAL_POINTS,HIDE_OVERALL_GRADE
867771845048,07. 7-А клас. Фізична культура (2026-2027),ACTIVE,,lusvwk3i,True,https://classroom.google.com/c/ODY3NzcxODQ1MDQ4,112650800097094238847,2026-06-12T09:39:52Z,2026-06-14T05:04:38Z,c_classroom63a1ecea@group.calendar.google.com,07_7_2026_2027_ceefea0b@schoolgus.ukr.education,07_7_2026_2027_teachers_2185298c@schoolgus.ukr.education,15EFFth_SicUO2k3HW9ADhAsL1_kzwwATnHiysxrD-THwN_Y3MoRu8MFqMb_KbB2gQ3lp9x04,07. 7-А клас. Фізична культура (2026-2027),https://drive.google.com/drive/folders/15EFFth_SicUO2k3HW9ADhAsL1_kzwwATnHiysxrD-THwN_Y3MoRu8MFqMb_KbB2gQ3lp9x04,TOTAL_POINTS,HIDE_OVERALL_GRADE
867772226880,07. 7-А клас. Технології (2026-2027),ACTIVE,,fpc5cyc2,True,https://classroom.google.com/c/ODY3NzcyMjI2ODgw,112650800097094238847,2026-06-12T09:39:51Z,2026-06-14T05:04:18Z,c_classroomc0a483f1@group.calendar.google.com,07_7_2026_2027_c1acf756@schoolgus.ukr.education,07_7_2026_2027_teachers_b694bb65@schoolgus.ukr.education,1O3oyFCk3OLrk663HgZlFHe52f_E1Ov7YkhVZvoCvFgkX6e-zEaFq6R305Uy53q2A_wHUsVN2,07. 7-А клас. Технології (2026-2027),https://drive.google.com/drive/folders/1O3oyFCk3OLrk663HgZlFHe52f_E1Ov7YkhVZvoCvFgkX6e-zEaFq6R305Uy53q2A_wHUsVN2,TOTAL_POINTS,HIDE_OVERALL_GRADE
867771778996,07. 7-А клас. Хімія (2026-2027),ACTIVE,,fbigulr7,True,https://classroom.google.com/c/ODY3NzcxNzc4OTk2,112650800097094238847,2026-06-12T09:39:49Z,2026-06-14T05:03:58Z,,07_7_2026_2027_dfcfe9b4@schoolgus.ukr.education,07_7_2026_2027_teachers_3a786be0@schoolgus.ukr.education,1co-ipZEEC5-mzhrBlUv-3UMzmfmtjxAicvvDNqf4hTVPv8r2tdoVJMxngL-jAhwMQBzg5DgX,07. 7-А клас. Хімія (2026-2027),https://drive.google.com/drive/folders/1co-ipZEEC5-mzhrBlUv-3UMzmfmtjxAicvvDNqf4hTVPv8r2tdoVJMxngL-jAhwMQBzg5DgX,TOTAL_POINTS,HIDE_OVERALL_GRADE
867772359839,07. 7-А клас. Інформатика (2026-2027),ACTIVE,,qelydw5l,True,https://classroom.google.com/c/ODY3NzcyMzU5ODM5,112650800097094238847,2026-06-12T09:39:49Z,2026-06-14T05:02:55Z,,07_7_2026_2027_d58eb33a@schoolgus.ukr.education,07_7_2026_2027_teachers_02c27df6@schoolgus.ukr.education,1w4JQguisjAXUx4rW1W2X1LUy8SvleztIVY6e7CvfkoZrumsHuDsmbZA-tHBkddWr3MDvx5Yd,07. 7-А клас. Інформатика (2026-2027),https://drive.google.com/drive/folders/1w4JQguisjAXUx4rW1W2X1LUy8SvleztIVY6e7CvfkoZrumsHuDsmbZA-tHBkddWr3MDvx5Yd,TOTAL_POINTS,HIDE_OVERALL_GRADE
867771941933,07. 7-А клас. Фізика (2026-2027),ACTIVE,,ncdktcom,True,https://classroom.google.com/c/ODY3NzcxOTQxOTMz,112650800097094238847,2026-06-12T09:39:49Z,2026-06-14T05:02:11Z,,07_7_2026_2027_14c7ea76@schoolgus.ukr.education,07_7_2026_2027_teachers_7fd7e885@schoolgus.ukr.education,12nIMFH3YuTvxmp78BcyClSA1bhYaoV7pWzo7evHDCSVWEYY0__ElY2GAk1_SX7QgZJrueK4p,07. 7-А клас. Фізика (2026-2027),https://drive.google.com/drive/folders/12nIMFH3YuTvxmp78BcyClSA1bhYaoV7pWzo7evHDCSVWEYY0__ElY2GAk1_SX7QgZJrueK4p,TOTAL_POINTS,HIDE_OVERALL_GRADE
867771237384,07. 7-А клас. Географія (2026-2027),ACTIVE,,zwn26ztl,True,https://classroom.google.com/c/ODY3NzcxMjM3Mzg0,112650800097094238847,2026-06-12T09:39:48Z,2026-06-14T05:03:17Z,c_classroom5387a898@group.calendar.google.com,07_7_2026_2027_75b243d8@schoolgus.ukr.education,07_7_2026_2027_teachers_fcf8f4f5@schoolgus.ukr.education,1YbilauvlFe4_YtSspDVs-t2LdpwYaevaQMX9R8cJKUGc-p-wZ77Ionoyo4t-L2W61PRmeCrF,07. 7-А клас. Географія (2026-2027),https://drive.google.com/drive/folders/1YbilauvlFe4_YtSspDVs-t2LdpwYaevaQMX9R8cJKUGc-p-wZ77Ionoyo4t-L2W61PRmeCrF,TOTAL_POINTS,HIDE_OVERALL_GRADE
867772250945,07. 7-А клас. Мистецтво (2026-2027),ACTIVE,,7c557it6,True,https://classroom.google.com/c/ODY3NzcyMjUwOTQ1,112650800097094238847,2026-06-12T09:39:49Z,2026-06-14T05:03:35Z,,07_7_2026_2027_d3f4aa32@schoolgus.ukr.education,07_7_2026_2027_teachers_b910c3af@schoolgus.ukr.education,1kXDF9Neey5gtkdcraRVLy6k0r84IznkrNTYnQOaAKizFEXvdG3vrmy1ihedqxcqGKQ6OO2oS,07. 7-А клас. Мистецтво (2026-2027),https://drive.google.com/drive/folders/1kXDF9Neey5gtkdcraRVLy6k0r84IznkrNTYnQOaAKizFEXvdG3vrmy1ihedqxcqGKQ6OO2oS,TOTAL_POINTS,HIDE_OVERALL_GRADE
867771753776,07. 7-А клас. Всесвітня історія (2026-2027),ACTIVE,,5dlgt7k3,True,https://classroom.google.com/c/ODY3NzcxNzUzNzc2,112650800097094238847,2026-06-12T09:39:45Z,2026-06-14T05:01:06Z,,07_7_2026_2027_0af684e0@schoolgus.ukr.education,07_7_2026_2027_teachers_bae3fb21@schoolgus.ukr.education,1Y0vDVbvmsCf4_tuNqJZHfH_Ppf-v-TYUPyareGENko6m9PU2STWkPWDVsyo3jYjxNVVqQhkR,07. 7-А клас. Всесвітня історія (2026-2027),https://drive.google.com/drive/folders/1Y0vDVbvmsCf4_tuNqJZHfH_Ppf-v-TYUPyareGENko6m9PU2STWkPWDVsyo3jYjxNVVqQhkR,TOTAL_POINTS,HIDE_OVERALL_GRADE
867772416483,07. 7-А клас. Історія України (2026-2027),ACTIVE,,mwbmv2wj,True,https://classroom.google.com/c/ODY3NzcyNDE2NDgz,112650800097094238847,2026-06-12T09:39:45Z,2026-06-14T05:01:26Z,,07_7_2026_2027_588e5bb0@schoolgus.ukr.education,07_7_2026_2027_teachers_0a2b0a87@schoolgus.ukr.education,1Bdc6KLUmjRHiLRz8GmQivVP6JsAXjt-IiS0LLnHe52iweTMI7Zlky9nq9Qw5LWa8_hhKzL7k,07. 7-А клас. Історія України (2026-2027),https://drive.google.com/drive/folders/1Bdc6KLUmjRHiLRz8GmQivVP6JsAXjt-IiS0LLnHe52iweTMI7Zlky9nq9Qw5LWa8_hhKzL7k,TOTAL_POINTS,HIDE_OVERALL_GRADE
867765734795,07. 7-А клас. Геометрія (2026-2027),ACTIVE,,dkm7hqwr,True,https://classroom.google.com/c/ODY3NzY1NzM0Nzk1,112650800097094238847,2026-06-12T09:39:45Z,2026-06-14T05:01:48Z,c_classroom2eca0f59@group.calendar.google.com,07_7_2026_2027_caa36f53@schoolgus.ukr.education,07_7_2026_2027_teachers_1f149c24@schoolgus.ukr.education,1cYhBz66mDZRMRKmwSHXDfnaS8axzUENFgrvAIZWbovuabnAZZ-DmJRyFDBDAQVsRT0CEuCkk,07. 7-А клас. Геометрія (2026-2027),https://drive.google.com/drive/folders/1cYhBz66mDZRMRKmwSHXDfnaS8axzUENFgrvAIZWbovuabnAZZ-DmJRyFDBDAQVsRT0CEuCkk,TOTAL_POINTS,HIDE_OVERALL_GRADE
867772691200,07. 7-А клас. Алгебра (2026-2027),ACTIVE,,hgogeb5u,True,https://classroom.google.com/c/ODY3NzcyNjkxMjAw,112650800097094238847,2026-06-12T09:39:45Z,2026-06-14T05:00:03Z,c_classroom869e09fe@group.calendar.google.com,07_7_2026_2027_4f9e77d0@schoolgus.ukr.education,07_7_2026_2027_teachers_7a6bc014@schoolgus.ukr.education,1MiMDuD6H8eAlEgWAY5Z-hgnueiedWwFd_6Cd82dFWO27433XoWQ5b6BS9MhoJdUUVMzuEDi0,07. 7-А клас. Алгебра (2026-2027),https://drive.google.com/drive/folders/1MiMDuD6H8eAlEgWAY5Z-hgnueiedWwFd_6Cd82dFWO27433XoWQ5b6BS9MhoJdUUVMzuEDi0,TOTAL_POINTS,HIDE_OVERALL_GRADE
867771696994,07. 7-А клас. Біологія (2026-2027),ACTIVE,,divse3jp,True,https://classroom.google.com/c/ODY3NzcxNjk2OTk0,112650800097094238847,2026-06-12T09:39:45Z,2026-06-14T05:02:32Z,c_classroom13e2d4a4@group.calendar.google.com,07_7_2026_2027_3af3b8f9@schoolgus.ukr.education,07_7_2026_2027_teachers_39f7fbbe@schoolgus.ukr.education,1ytSagHda93YibedRNe0wE0f8cUMde6-FBCrW7rQkU4QmhAQsmCn_WwU6ceasuJuMKT7uXNVa,07. 7-А клас. Біологія (2026-2027),https://drive.google.com/drive/folders/1ytSagHda93YibedRNe0wE0f8cUMde6-FBCrW7rQkU4QmhAQsmCn_WwU6ceasuJuMKT7uXNVa,TOTAL_POINTS,HIDE_OVERALL_GRADE
867772402658,07. 7-А клас. Українська мова (2026-2027),ACTIVE,,263kjet6,True,https://classroom.google.com/c/ODY3NzcyNDAyNjU4,112650800097094238847,2026-06-12T09:39:41Z,2026-06-12T09:39:41Z,,07_7_2026_2027_977bd036@schoolgus.ukr.education,07_7_2026_2027_teachers_e63bc270@schoolgus.ukr.education,1MSLevwtCgIElcxSiwUgFfcUDksdFGPDqRRGa4sSNVy-hkFHmJ50fsVACG9-WCr0s-Lmxx0s1,07. 7-А клас. Українська мова (2026-2027),https://drive.google.com/drive/folders/1MSLevwtCgIElcxSiwUgFfcUDksdFGPDqRRGa4sSNVy-hkFHmJ50fsVACG9-WCr0s-Lmxx0s1,TOTAL_POINTS,HIDE_OVERALL_GRADE
798180293763,07. 7-А клас. Друга іноземна мова (Німецька) (2026-2027),ACTIVE,,fogy342o,True,https://classroom.google.com/c/Nzk4MTgwMjkzNzYz,112650800097094238847,2026-06-12T09:39:41Z,2026-06-13T21:31:09Z,c_classroom7eddb56b@group.calendar.google.com,07_7_2026_2027_7d7d4979@schoolgus.ukr.education,07_7_2026_2027_teachers_d4c39f30@schoolgus.ukr.education,1nO-LhhFvxaOTBRgi4gjUSVCe6E3d9yQl9xWyOWn7VU5i2fMdDwrn-NmHIpoh62XvfduYB-Of,07. 7-А клас. Друга іноземна мова (Німецька) (2026-2027),https://drive.google.com/drive/folders/1nO-LhhFvxaOTBRgi4gjUSVCe6E3d9yQl9xWyOWn7VU5i2fMdDwrn-NmHIpoh62XvfduYB-Of,TOTAL_POINTS,HIDE_OVERALL_GRADE
867772051115,07. 7-А клас. Українська література (2026-2027),ACTIVE,,lo6o4imt,True,https://classroom.google.com/c/ODY3NzcyMDUxMTE1,112650800097094238847,2026-06-12T09:39:41Z,2026-06-14T04:59:20Z,,07_7_2026_2027_0c8985ea@schoolgus.ukr.education,07_7_2026_2027_teachers_ddd92fce@schoolgus.ukr.education,1M3Hch7N4H7m9agQBLdTDKui3evbcT2i_M9LVLbpXW4SVg0JNe3Hsphr1AkQ7n9jYdGpBeVCw,07. 7-А клас. Українська література (2026-2027),https://drive.google.com/drive/folders/1M3Hch7N4H7m9agQBLdTDKui3evbcT2i_M9LVLbpXW4SVg0JNe3Hsphr1AkQ7n9jYdGpBeVCw,TOTAL_POINTS,HIDE_OVERALL_GRADE
867754393159,07. 7-А клас. Зарубіжна література (2026-2027),ACTIVE,,e5dtyz6s,True,https://classroom.google.com/c/ODY3NzU0MzkzMTU5,112650800097094238847,2026-06-12T09:39:41Z,2026-06-14T04:59:39Z,,07_7_2026_2027_574ffe36@schoolgus.ukr.education,07_7_2026_2027_teachers_502d12e6@schoolgus.ukr.education,1N_qSZWUlDNjW-QgXCxdVhU3CvvqHCG5S8ewet257EV37VTl9XCQraFKCWO7BYvqt48KRuqDc,07. 7-А клас. Зарубіжна література (2026-2027),https://drive.google.com/drive/folders/1N_qSZWUlDNjW-QgXCxdVhU3CvvqHCG5S8ewet257EV37VTl9XCQraFKCWO7BYvqt48KRuqDc,TOTAL_POINTS,HIDE_OVERALL_GRADE
867772479478,07. 7-А клас. Англійська мова (2026-2027),ACTIVE,,f2xxfxya,True,https://classroom.google.com/c/ODY3NzcyNDc5NDc4,112650800097094238847,2026-06-12T09:39:42Z,2026-06-13T13:24:25Z,c_classroom57e6d4ee@group.calendar.google.com,07_7_2026_2027_b3ca0202@schoolgus.ukr.education,07_7_2026_2027_teachers_926fe5da@schoolgus.ukr.education,1jJBe5AVk7JK1UfrfZIMR2jGWIUb-sTpzsX9EcFq_wrmlz396kR-4I4WWu1wnyW69f5C9psS_,07. 7-А клас. Англійська мова (2026-2027),https://drive.google.com/drive/folders/1jJBe5AVk7JK1UfrfZIMR2jGWIUb-sTpzsX9EcFq_wrmlz396kR-4I4WWu1wnyW69f5C9psS_,TOTAL_POINTS,HIDE_OVERALL_GRADE
867772427865,07. 7 клас. Екстернат (2026-2027),ACTIVE,,7vclsr5c,True,https://classroom.google.com/c/ODY3NzcyNDI3ODY1,112650800097094238847,2026-06-12T09:36:55Z,2026-06-12T09:47:16Z,,07_7_2026_2027_ab2ec3fe@schoolgus.ukr.education,07_7_2026_2027_teachers_1d2d9d61@schoolgus.ukr.education,1O3RVndkMxDQMBmN7-PhViuXH0yu7tF4j7XFU5EhScXMsI1h3MWyoEB-s7NQbBdw3vHDZ_6QU,07. 7 клас. Екстернат (2026-2027),https://drive.google.com/drive/folders/1O3RVndkMxDQMBmN7-PhViuXH0yu7tF4j7XFU5EhScXMsI1h3MWyoEB-s7NQbBdw3vHDZ_6QU,TOTAL_POINTS,HIDE_OVERALL_GRADE
867763464421,06. 6-Б клас. Основи християнської етики (2026-2027),ACTIVE,,stxm3ujy,True,https://classroom.google.com/c/ODY3NzYzNDY0NDIx,112650800097094238847,2026-06-12T06:05:15Z,2026-06-12T06:05:15Z,c_classroom1c2e2c4e@group.calendar.google.com,06_6_2026_2027_60a166e5@schoolgus.ukr.education,06_6_2026_2027_teachers_aeb5e310@schoolgus.ukr.education,15OgT7xpY4Z4dE8XrPZ14v4mRGerVDFDW3UEA89s7g9nPOIuZiAsszhBSpPIDVANJDffn3bMv,06. 6-Б клас. Основи християнської етики (2026-2027),https://drive.google.com/drive/folders/15OgT7xpY4Z4dE8XrPZ14v4mRGerVDFDW3UEA89s7g9nPOIuZiAsszhBSpPIDVANJDffn3bMv,TOTAL_POINTS,HIDE_OVERALL_GRADE
867763322965,06. 6-Б клас. Друга мова (Польська) (Гр. 2) (2026-2027),ACTIVE,,urb67i7t,True,https://classroom.google.com/c/ODY3NzYzMzIyOTY1,112650800097094238847,2026-06-12T06:05:19Z,2026-06-12T08:35:17Z,c_classroom802dea02@group.calendar.google.com,06_6_2_2026_2027_9af45a94@schoolgus.ukr.education,06_6_2_2026_2027_teachers_1ffbfa2e@schoolgus.ukr.education,1GinOy7F6BN6v4gW18_KSakBujqBOotSvLd6GW6O7UPMV8MwMTmHzf0qhhcEsUj1kZVHP9Iom,06. 6-Б клас. Друга мова (Польська) (Гр. 2) (2026-2027),https://drive.google.com/drive/folders/1GinOy7F6BN6v4gW18_KSakBujqBOotSvLd6GW6O7UPMV8MwMTmHzf0qhhcEsUj1kZVHP9Iom,TOTAL_POINTS,HIDE_OVERALL_GRADE
867762903270,06. 6-Б клас. Логіка (2026-2027),ACTIVE,,vhmzplx3,True,https://classroom.google.com/c/ODY3NzYyOTAzMjcw,112650800097094238847,2026-06-12T06:05:23Z,2026-06-12T08:35:41Z,,06_6_2026_2027_7b0a8953@schoolgus.ukr.education,06_6_2026_2027_teachers_62777c51@schoolgus.ukr.education,1q4j5-IjlqV-f1jq_3A0eSJ9HIk2t4dK8_XqnN_6Ihu7oBI5XKthA0AfMGpTWHHVQN4jwRXch,06. 6-Б клас. Логіка (2026-2027),https://drive.google.com/drive/folders/1q4j5-IjlqV-f1jq_3A0eSJ9HIk2t4dK8_XqnN_6Ihu7oBI5XKthA0AfMGpTWHHVQN4jwRXch,TOTAL_POINTS,HIDE_OVERALL_GRADE
867763149978,06. 6-Б клас. Технології (Трудове) (Гр. 2) (2026-2027),ACTIVE,,ho6vavdi,True,https://classroom.google.com/c/ODY3NzYzMTQ5OTc4,112650800097094238847,2026-06-12T06:05:34Z,2026-06-12T08:36:30Z,,06_6_2_2026_2027_db112526@schoolgus.ukr.education,06_6_2_2026_2027_teachers_a14f343b@schoolgus.ukr.education,1i_WdfnjCTK4c7CgdfZ2WZPgsll2ieSKADOfkrL8jhEuJOMVtNyQo6uoTRG5TeFa_kRNhaPpD,06. 6-Б клас. Технології (Трудове) (Гр. 2) (2026-2027),https://drive.google.com/drive/folders/1i_WdfnjCTK4c7CgdfZ2WZPgsll2ieSKADOfkrL8jhEuJOMVtNyQo6uoTRG5TeFa_kRNhaPpD,TOTAL_POINTS,HIDE_OVERALL_GRADE
867763132533,06. 6-Б клас. Друга мова (Польська) (Гр. 1) (2026-2027),ACTIVE,,yx2et4bj,True,https://classroom.google.com/c/ODY3NzYzMTMyNTMz,112650800097094238847,2026-06-12T06:05:27Z,2026-06-12T08:35:57Z,c_classroom645c3fbf@group.calendar.google.com,06_6_1_2026_2027_ee9fea60@schoolgus.ukr.education,06_6_1_2026_2027_teachers_242cb610@schoolgus.ukr.education,1RHmFpYKw1XdLmS4cbd2tcLEghGiz4btSSsxbQeIaZwxKF2uUJ2uyuwkI9THiSw5kpL85WMEi,06. 6-Б клас. Друга мова (Польська) (Гр. 1) (2026-2027),https://drive.google.com/drive/folders/1RHmFpYKw1XdLmS4cbd2tcLEghGiz4btSSsxbQeIaZwxKF2uUJ2uyuwkI9THiSw5kpL85WMEi,TOTAL_POINTS,HIDE_OVERALL_GRADE
867763542454,06. 6-Б клас. Мистецтво (2026-2027),ACTIVE,,t55xhzut,True,https://classroom.google.com/c/ODY3NzYzNTQyNDU0,112650800097094238847,2026-06-12T06:05:30Z,2026-06-12T08:36:13Z,,06_6_2026_2027_e7b75c8a@schoolgus.ukr.education,06_6_2026_2027_teachers_6568dfc3@schoolgus.ukr.education,1uEKHjg-AeUHCC0WaNSBwnPupBA39mw6SUFuOQoaB_mhF28lzmYQbS2Oo9B_pyPJ_ccAcmoK3,06. 6-Б клас. Мистецтво (2026-2027),https://drive.google.com/drive/folders/1uEKHjg-AeUHCC0WaNSBwnPupBA39mw6SUFuOQoaB_mhF28lzmYQbS2Oo9B_pyPJ_ccAcmoK3,TOTAL_POINTS,HIDE_OVERALL_GRADE
867763327529,06. 6-Б клас. Физична культура (2026-2027),ACTIVE,,gjphxc23,True,https://classroom.google.com/c/ODY3NzYzMzI3NTI5,112650800097094238847,2026-06-12T06:05:37Z,2026-06-12T06:05:37Z,,06_6_2026_2027_e7f1a93b@schoolgus.ukr.education,06_6_2026_2027_teachers_d63f59d2@schoolgus.ukr.education,1kef-ZiQup6hxLnJce2megOvlbIkSGY7fmImotWh-CQWvm2NtpvbPJrFsJA4Cj8MtBaJ2elvf,06. 6-Б клас. Физична культура (2026-2027),https://drive.google.com/drive/folders/1kef-ZiQup6hxLnJce2megOvlbIkSGY7fmImotWh-CQWvm2NtpvbPJrFsJA4Cj8MtBaJ2elvf,TOTAL_POINTS,HIDE_OVERALL_GRADE
867761126257,06. 6-Б клас. Інформатика (Гр. 2) (2026-2027),ACTIVE,,cee63n6p,True,https://classroom.google.com/c/ODY3NzYxMTI2MjU3,112650800097094238847,2026-06-12T06:05:41Z,2026-06-12T06:05:41Z,,06_6_2_2026_2027_1485d55d@schoolgus.ukr.education,06_6_2_2026_2027_teachers_dc38f307@schoolgus.ukr.education,1lvpcge15wnOJ7Qp2G9V8sJTy5i-CPkFZXytt0WYz4Z21IkO12GZ_wWd0WGc3tNQ_JuYTCC0x,06. 6-Б клас. Інформатика (Гр. 2) (2026-2027),https://drive.google.com/drive/folders/1lvpcge15wnOJ7Qp2G9V8sJTy5i-CPkFZXytt0WYz4Z21IkO12GZ_wWd0WGc3tNQ_JuYTCC0x,TOTAL_POINTS,HIDE_OVERALL_GRADE
867762809146,06. 6-Б клас. Технології (Трудове) (Гр. 1) (2026-2027),ACTIVE,,mhqx2gn6,True,https://classroom.google.com/c/ODY3NzYyODA5MTQ2,112650800097094238847,2026-06-12T06:05:44Z,2026-06-12T08:36:48Z,c_classroom87583779@group.calendar.google.com,06_6_1_2026_2027_d2b2bca9@schoolgus.ukr.education,06_6_1_2026_2027_teachers_ea8d01ee@schoolgus.ukr.education,1QLZ5QmWnKa3lpoGF88RlSbFOaw9vnKxsOYz2twB87YZEufnYbp6ch4AU1hyYCi7aF3pO8OTa,06. 6-Б клас. Технології (Трудове) (Гр. 1) (2026-2027),https://drive.google.com/drive/folders/1QLZ5QmWnKa3lpoGF88RlSbFOaw9vnKxsOYz2twB87YZEufnYbp6ch4AU1hyYCi7aF3pO8OTa,TOTAL_POINTS,HIDE_OVERALL_GRADE
867759717100,06. 6-Б клас. Пізнаємо природу (2026-2027),ACTIVE,,gbe5uaal,True,https://classroom.google.com/c/ODY3NzU5NzE3MTAw,112650800097094238847,2026-06-12T06:05:52Z,2026-06-12T08:37:32Z,,06_6_2026_2027_bd4f63cf@schoolgus.ukr.education,06_6_2026_2027_teachers_7fc0c710@schoolgus.ukr.education,1CN1Mg7H4Oaospnvel7pCUNd90T5d_aKyt4DpbNjbqr6xnDwBwwnq1oJTjVI4ivPIS39ulsey,06. 6-Б клас. Пізнаємо природу (2026-2027),https://drive.google.com/drive/folders/1CN1Mg7H4Oaospnvel7pCUNd90T5d_aKyt4DpbNjbqr6xnDwBwwnq1oJTjVI4ivPIS39ulsey,TOTAL_POINTS,HIDE_OVERALL_GRADE
867761765359,06. 6-Б клас. Інформатика (Гр. 1) (2026-2027),ACTIVE,,zqhbrgh7,True,https://classroom.google.com/c/ODY3NzYxNzY1MzU5,112650800097094238847,2026-06-12T06:05:48Z,2026-06-12T08:37:04Z,,06_6_1_2026_2027_ff115efc@schoolgus.ukr.education,06_6_1_2026_2027_teachers_1378da53@schoolgus.ukr.education,1E8e52wjEuTZf_2wI7G7GI7MuHh55E8elqqOWlSgE5XtocTj0gyyn79VvCj3iPTwTjsMl0IjN,06. 6-Б клас. Інформатика (Гр. 1) (2026-2027),https://drive.google.com/drive/folders/1E8e52wjEuTZf_2wI7G7GI7MuHh55E8elqqOWlSgE5XtocTj0gyyn79VvCj3iPTwTjsMl0IjN,TOTAL_POINTS,HIDE_OVERALL_GRADE
867763175510,06. 6-Б клас. Зарубіжна література (2026-2027),ACTIVE,,dh3pxc7y,True,https://classroom.google.com/c/ODY3NzYzMTc1NTEw,112650800097094238847,2026-06-12T06:05:56Z,2026-06-12T08:37:55Z,,06_6_2026_2027_0f6f04f6@schoolgus.ukr.education,06_6_2026_2027_teachers_d240cc48@schoolgus.ukr.education,1ntSnsh9xpSbKsVc5d1zO1x6_1v9K935gcySbn1KONyfStnLRUuMM2zHrJTAo5_pbTAYsn-mL,06. 6-Б клас. Зарубіжна література (2026-2027),https://drive.google.com/drive/folders/1ntSnsh9xpSbKsVc5d1zO1x6_1v9K935gcySbn1KONyfStnLRUuMM2zHrJTAo5_pbTAYsn-mL,TOTAL_POINTS,HIDE_OVERALL_GRADE
867763619384,06. 6-Б клас. Географія (2026-2027),ACTIVE,,lz2kedhm,True,https://classroom.google.com/c/ODY3NzYzNjE5Mzg0,112650800097094238847,2026-06-12T06:06:00Z,2026-06-12T08:38:14Z,,06_6_2026_2027_f032197f@schoolgus.ukr.education,06_6_2026_2027_teachers_ee57c14a@schoolgus.ukr.education,1xYHCd-d7KZ02wrLoc2_IMraMsUeUEskbSTC02hQSldlLSCXv-i7VrjMXHodJ6f3XPVj3LFgu,06. 6-Б клас. Географія (2026-2027),https://drive.google.com/drive/folders/1xYHCd-d7KZ02wrLoc2_IMraMsUeUEskbSTC02hQSldlLSCXv-i7VrjMXHodJ6f3XPVj3LFgu,TOTAL_POINTS,HIDE_OVERALL_GRADE
867763065545,06. 6-Б клас. Українська література (2026-2027),ACTIVE,,hsqe37aa,True,https://classroom.google.com/c/ODY3NzYzMDY1NTQ1,112650800097094238847,2026-06-12T06:06:07Z,2026-06-12T08:38:47Z,c_classroom66c79f1f@group.calendar.google.com,06_6_2026_2027_3a50d128@schoolgus.ukr.education,06_6_2026_2027_teachers_159d1149@schoolgus.ukr.education,173VEamaeGrTq8_UycqQ1nuFQ9THXkkAOM9cr8oX29XM_7S9PSZ--p9rD7PoueCA2Z-Ce12ln,06. 6-Б клас. Українська література (2026-2027),https://drive.google.com/drive/folders/173VEamaeGrTq8_UycqQ1nuFQ9THXkkAOM9cr8oX29XM_7S9PSZ--p9rD7PoueCA2Z-Ce12ln,TOTAL_POINTS,HIDE_OVERALL_GRADE
867763811471,06. 6-Б клас. Англійська мова (Гр. 1) (2026-2027),ACTIVE,,sm3jxnwb,True,https://classroom.google.com/c/ODY3NzYzODExNDcx,112650800097094238847,2026-06-12T06:06:11Z,2026-06-12T08:39:09Z,c_classroom39df07cb@group.calendar.google.com,06_6_1_2026_2027_70ed6c7d@schoolgus.ukr.education,06_6_1_2026_2027_teachers_3caf0d73@schoolgus.ukr.education,1CKiHgEaqLKNnJI4QkppTLaFcJkWk1lh2W8qS9rxkUvbc6tRXynL4HmD5gEmTH55zVO2RIYpy,06. 6-Б клас. Англійська мова (Гр. 1) (2026-2027),https://drive.google.com/drive/folders/1CKiHgEaqLKNnJI4QkppTLaFcJkWk1lh2W8qS9rxkUvbc6tRXynL4HmD5gEmTH55zVO2RIYpy,TOTAL_POINTS,HIDE_OVERALL_GRADE
867761949865,06. 6-Б клас. Історія України. Всесвітня історія (2026-2027),ACTIVE,,snpjiw6t,True,https://classroom.google.com/c/ODY3NzYxOTQ5ODY1,112650800097094238847,2026-06-12T06:06:03Z,2026-06-12T08:38:33Z,c_classroom8c9b99c8@group.calendar.google.com,06_6_2026_2027_8b469c94@schoolgus.ukr.education,06_6_2026_2027_teachers_093cec42@schoolgus.ukr.education,1QGGWlaSGimsnXsHfwssGO5UIIHINaA8FQRRFvkW7_4xWkjOk34Q74G82u5AEh3lb5BDrW5pN,06. 6-Б клас. Історія України. Всесвітня історія (2026-2027),https://drive.google.com/drive/folders/1QGGWlaSGimsnXsHfwssGO5UIIHINaA8FQRRFvkW7_4xWkjOk34Q74G82u5AEh3lb5BDrW5pN,TOTAL_POINTS,HIDE_OVERALL_GRADE
798179126950,06. 6-Б клас. Англійська мова (Гр. 2) (2026-2027),ACTIVE,,y3edpcdm,True,https://classroom.google.com/c/Nzk4MTc5MTI2OTUw,112650800097094238847,2026-06-12T06:06:15Z,2026-06-12T08:39:29Z,,06_6_2_2026_2027_92cf816f@schoolgus.ukr.education,06_6_2_2026_2027_teachers_d412cbcc@schoolgus.ukr.education,11k9m7tfWszerrgfOuTMrMtX-j1urjIG4NLeh1QLKx9uHXSDxvyOEOB6uLfmzUHcSibfWwQ9B,06. 6-Б клас. Англійська мова (Гр. 2) (2026-2027),https://drive.google.com/drive/folders/11k9m7tfWszerrgfOuTMrMtX-j1urjIG4NLeh1QLKx9uHXSDxvyOEOB6uLfmzUHcSibfWwQ9B,TOTAL_POINTS,HIDE_OVERALL_GRADE
867763549591,06. 6-В клас. Основи християнської етики (2026-2027),ACTIVE,,xleulwbl,True,https://classroom.google.com/c/ODY3NzYzNTQ5NTkx,112650800097094238847,2026-06-12T06:06:26Z,2026-06-12T08:40:50Z,,06_6_2026_2027_fc954964@schoolgus.ukr.education,06_6_2026_2027_teachers_addcac46@schoolgus.ukr.education,199m-OqAwH21cC2LO_Y9281t4UC4C3Oe5AfIEYBhyELNAHDTjaq5AQAxMeo6BuRRFX6oTemwC,06. 6-В клас. Основи християнської етики (2026-2027),https://drive.google.com/drive/folders/199m-OqAwH21cC2LO_Y9281t4UC4C3Oe5AfIEYBhyELNAHDTjaq5AQAxMeo6BuRRFX6oTemwC,TOTAL_POINTS,HIDE_OVERALL_GRADE
867763058851,06. 6-Б клас. Математика (2026-2027),ACTIVE,,5bivavyh,True,https://classroom.google.com/c/ODY3NzYzMDU4ODUx,112650800097094238847,2026-06-12T06:06:22Z,2026-06-12T08:40:03Z,,06_6_2026_2027_d53fb1fc@schoolgus.ukr.education,06_6_2026_2027_teachers_928ba43d@schoolgus.ukr.education,1E_tV7j4aj2hlE5Au802K9AC4upElQC5iiSlS1pYGeK2yE86d8zs_0uckqtqKu5kK0yiDojW3,06. 6-Б клас. Математика (2026-2027),https://drive.google.com/drive/folders/1E_tV7j4aj2hlE5Au802K9AC4upElQC5iiSlS1pYGeK2yE86d8zs_0uckqtqKu5kK0yiDojW3,TOTAL_POINTS,HIDE_OVERALL_GRADE
867763645074,06. 6-Б клас. Українська мова (2026-2027),ACTIVE,,pbjzw624,True,https://classroom.google.com/c/ODY3NzYzNjQ1MDc0,112650800097094238847,2026-06-12T06:06:18Z,2026-06-12T08:39:47Z,c_classroom5d5fc690@group.calendar.google.com,06_6_2026_2027_3890bfa4@schoolgus.ukr.education,06_6_2026_2027_teachers_af1e964f@schoolgus.ukr.education,1oGULAxo6XOyIqr6Z6oGGPGrZIs0SroKGJyscqyAuuv0cW8B634pMJS5M45fiU1IteV5sLwhY,06. 6-Б клас. Українська мова (2026-2027),https://drive.google.com/drive/folders/1oGULAxo6XOyIqr6Z6oGGPGrZIs0SroKGJyscqyAuuv0cW8B634pMJS5M45fiU1IteV5sLwhY,TOTAL_POINTS,HIDE_OVERALL_GRADE
867763212206,06. 6-В клас. Друга мова (Польська) (Гр. 2) (2026-2027),ACTIVE,,jy6kjuxa,True,https://classroom.google.com/c/ODY3NzYzMjEyMjA2,112650800097094238847,2026-06-12T06:06:30Z,2026-06-12T08:41:09Z,c_classroom16f01152@group.calendar.google.com,06_6_2_2026_2027_30953ae2@schoolgus.ukr.education,06_6_2_2026_2027_teachers_46a64008@schoolgus.ukr.education,17fyuBGpFoFHK-46PNsn2rT301zM629cSj_ahCIvhAj1om1FPaqozKvkZT4FG9xOcDnilUg4E,06. 6-В клас. Друга мова (Польська) (Гр. 2) (2026-2027),https://drive.google.com/drive/folders/17fyuBGpFoFHK-46PNsn2rT301zM629cSj_ahCIvhAj1om1FPaqozKvkZT4FG9xOcDnilUg4E,TOTAL_POINTS,HIDE_OVERALL_GRADE
867762614695,06. 6-В клас. Логіка (2026-2027),ACTIVE,,wpwve5t5,True,https://classroom.google.com/c/ODY3NzYyNjE0Njk1,112650800097094238847,2026-06-12T06:06:33Z,2026-06-12T08:41:25Z,,06_6_2026_2027_a8b09491@schoolgus.ukr.education,06_6_2026_2027_teachers_6aab55b0@schoolgus.ukr.education,1NCDdu7s9dMimDZoXG5rW8E53jZOSL22MWRuM3i5IjRyaIqX3_zsyIvbyrBYAzMKS2ox9Rh7f,06. 6-В клас. Логіка (2026-2027),https://drive.google.com/drive/folders/1NCDdu7s9dMimDZoXG5rW8E53jZOSL22MWRuM3i5IjRyaIqX3_zsyIvbyrBYAzMKS2ox9Rh7f,TOTAL_POINTS,HIDE_OVERALL_GRADE
867763314845,06. 6-В клас. Друга мова (Польська) (Гр. 1) (2026-2027),ACTIVE,,2bxgen6j,True,https://classroom.google.com/c/ODY3NzYzMzE0ODQ1,112650800097094238847,2026-06-12T06:06:37Z,2026-06-12T08:41:41Z,c_classroom503a18ec@group.calendar.google.com,06_6_1_2026_2027_bec6562e@schoolgus.ukr.education,06_6_1_2026_2027_teachers_a4d41581@schoolgus.ukr.education,1vM7xmlB9yLg1joOXP9kYkhz19kx_CN5s3fMerY3KX5wt_AvTu2x7aqHIbbRWzRdC5mXmF5-R,06. 6-В клас. Друга мова (Польська) (Гр. 1) (2026-2027),https://drive.google.com/drive/folders/1vM7xmlB9yLg1joOXP9kYkhz19kx_CN5s3fMerY3KX5wt_AvTu2x7aqHIbbRWzRdC5mXmF5-R,TOTAL_POINTS,HIDE_OVERALL_GRADE
867762898271,06. 6-В клас. Физична культура (2026-2027),ACTIVE,,q5dc4eq2,True,https://classroom.google.com/c/ODY3NzYyODk4Mjcx,112650800097094238847,2026-06-12T06:06:48Z,2026-06-12T06:06:48Z,c_classroom68840468@group.calendar.google.com,06_6_2026_2027_a83becef@schoolgus.ukr.education,06_6_2026_2027_teachers_6e830762@schoolgus.ukr.education,1GcVtJaWDyO0eNhepqOcgh-VavXP41VU5ccGDicKxFAkEHhODf9cufP4wsADtfZ1-YwczqWfY,06. 6-В клас. Физична культура (2026-2027),https://drive.google.com/drive/folders/1GcVtJaWDyO0eNhepqOcgh-VavXP41VU5ccGDicKxFAkEHhODf9cufP4wsADtfZ1-YwczqWfY,TOTAL_POINTS,HIDE_OVERALL_GRADE
867762797851,06. 6-В клас. Мистецтво (2026-2027),ACTIVE,,uai4ujno,True,https://classroom.google.com/c/ODY3NzYyNzk3ODUx,112650800097094238847,2026-06-12T06:06:40Z,2026-06-12T08:41:57Z,,06_6_2026_2027_85e3b449@schoolgus.ukr.education,06_6_2026_2027_teachers_e19dcfe6@schoolgus.ukr.education,1fPliQDxpTGZPhuB-WYVz424plKa8BtXr3ScmYIiD3vlpQ8zAmN8Qki3E8IJuuavPwu33Lamq,06. 6-В клас. Мистецтво (2026-2027),https://drive.google.com/drive/folders/1fPliQDxpTGZPhuB-WYVz424plKa8BtXr3ScmYIiD3vlpQ8zAmN8Qki3E8IJuuavPwu33Lamq,TOTAL_POINTS,HIDE_OVERALL_GRADE
867763692659,06. 6-В клас. Технології (Трудове) (Гр. 2) (2026-2027),ACTIVE,,umabj5kd,True,https://classroom.google.com/c/ODY3NzYzNjkyNjU5,112650800097094238847,2026-06-12T06:06:44Z,2026-06-12T08:42:13Z,c_classroom79a74363@group.calendar.google.com,06_6_2_2026_2027_df03204c@schoolgus.ukr.education,06_6_2_2026_2027_teachers_89d49cd2@schoolgus.ukr.education,16ceagnVwsuwL6D7ZsvJcNySVVOb7e7BITPaEgkVa36oM7vpddp7NO90nZvn__d_vFcbjBq-F,06. 6-В клас. Технології (Трудове) (Гр. 2) (2026-2027),https://drive.google.com/drive/folders/16ceagnVwsuwL6D7ZsvJcNySVVOb7e7BITPaEgkVa36oM7vpddp7NO90nZvn__d_vFcbjBq-F,TOTAL_POINTS,HIDE_OVERALL_GRADE
798179110978,06. 6-В клас. Інформатика (Гр. 2) (2026-2027),ACTIVE,,wrqb7c3q,True,https://classroom.google.com/c/Nzk4MTc5MTEwOTc4,112650800097094238847,2026-06-12T06:06:51Z,2026-06-12T08:42:31Z,c_classroom412fdda8@group.calendar.google.com,06_6_2_2026_2027_53d85358@schoolgus.ukr.education,06_6_2_2026_2027_teachers_dfc17a67@schoolgus.ukr.education,10Do_bE3fiw2NdtQ3mlWWzztNpcXCD0lEEYYzVLTZta7lkbCEUxkF4_RbmycKaTXGV_txY1Hw,06. 6-В клас. Інформатика (Гр. 2) (2026-2027),https://drive.google.com/drive/folders/10Do_bE3fiw2NdtQ3mlWWzztNpcXCD0lEEYYzVLTZta7lkbCEUxkF4_RbmycKaTXGV_txY1Hw,TOTAL_POINTS,HIDE_OVERALL_GRADE
867763047529,06. 6-В клас. Пізнаємо природу (2026-2027),ACTIVE,,l23pvtff,True,https://classroom.google.com/c/ODY3NzYzMDQ3NTI5,112650800097094238847,2026-06-12T06:07:03Z,2026-06-12T06:07:03Z,c_classroom3bb004bc@group.calendar.google.com,06_6_2026_2027_ca776d14@schoolgus.ukr.education,06_6_2026_2027_teachers_ae6ae571@schoolgus.ukr.education,1C3---4Hu9FeHhp_nh3uMh0UJxS-QKG34_geqkWuvgjJtSNn1tn_-fSb_sVcxs0rqRNy_SrsC,06. 6-В клас. Пізнаємо природу (2026-2027),https://drive.google.com/drive/folders/1C3---4Hu9FeHhp_nh3uMh0UJxS-QKG34_geqkWuvgjJtSNn1tn_-fSb_sVcxs0rqRNy_SrsC,TOTAL_POINTS,HIDE_OVERALL_GRADE
867763521859,06. 6-В клас. Технології (Трудове) (Гр. 1) (2026-2027),ACTIVE,,ioeca4cj,True,https://classroom.google.com/c/ODY3NzYzNTIxODU5,112650800097094238847,2026-06-12T06:06:55Z,2026-06-12T08:42:53Z,c_classroom09cadbdb@group.calendar.google.com,06_6_1_2026_2027_8349fedc@schoolgus.ukr.education,06_6_1_2026_2027_teachers_9788815f@schoolgus.ukr.education,1HZvzkaYk6fEf6FOVeVW-t6A31aw_K15X0pWQQynrIMhDHAIuOs9rhMMLkM0dSmtmAOtFoaKJ,06. 6-В клас. Технології (Трудове) (Гр. 1) (2026-2027),https://drive.google.com/drive/folders/1HZvzkaYk6fEf6FOVeVW-t6A31aw_K15X0pWQQynrIMhDHAIuOs9rhMMLkM0dSmtmAOtFoaKJ,TOTAL_POINTS,HIDE_OVERALL_GRADE
867762495288,06. 6-В клас. Зарубіжна література (2026-2027),ACTIVE,,ec3e3de5,True,https://classroom.google.com/c/ODY3NzYyNDk1Mjg4,112650800097094238847,2026-06-12T06:07:06Z,2026-06-12T08:43:27Z,c_classroomb64e1a15@group.calendar.google.com,06_6_2026_2027_daa301bd@schoolgus.ukr.education,06_6_2026_2027_teachers_88bc7275@schoolgus.ukr.education,1GcCe5u2NuTum53g5Qk_FGEuL_ZQDzMYSxdcveS6_OGQy84AwQw5Afz8oteIrYMSrDmis6p-B,06. 6-В клас. Зарубіжна література (2026-2027),https://drive.google.com/drive/folders/1GcCe5u2NuTum53g5Qk_FGEuL_ZQDzMYSxdcveS6_OGQy84AwQw5Afz8oteIrYMSrDmis6p-B,TOTAL_POINTS,HIDE_OVERALL_GRADE
798179101024,06. 6-В клас. Інформатика (Гр. 1) (2026-2027),ACTIVE,,oelzdnav,True,https://classroom.google.com/c/Nzk4MTc5MTAxMDI0,112650800097094238847,2026-06-12T06:06:59Z,2026-06-12T08:43:10Z,,06_6_1_2026_2027_f00875d9@schoolgus.ukr.education,06_6_1_2026_2027_teachers_447004f8@schoolgus.ukr.education,1AlreXWRBH-xfAEvch7dzNVtlEn6mkpaKp9I2RP8GsNv_CNDJaeh0F38mPopIkLcZ4Z9iKnAF,06. 6-В клас. Інформатика (Гр. 1) (2026-2027),https://drive.google.com/drive/folders/1AlreXWRBH-xfAEvch7dzNVtlEn6mkpaKp9I2RP8GsNv_CNDJaeh0F38mPopIkLcZ4Z9iKnAF,TOTAL_POINTS,HIDE_OVERALL_GRADE
867762902234,06. 6-В клас. Географія (2026-2027),ACTIVE,,3smpaku6,True,https://classroom.google.com/c/ODY3NzYyOTAyMjM0,112650800097094238847,2026-06-12T06:07:10Z,2026-06-12T08:43:47Z,,06_6_2026_2027_2bdf9e85@schoolgus.ukr.education,06_6_2026_2027_teachers_7d3384c1@schoolgus.ukr.education,1D2LiFqJbm2jjRawArpkCn41qjIUtojDKXLFdXJNLTXOAu9UzEeNBlrDzjZTtGYhS6elvvEfR,06. 6-В клас. Географія (2026-2027),https://drive.google.com/drive/folders/1D2LiFqJbm2jjRawArpkCn41qjIUtojDKXLFdXJNLTXOAu9UzEeNBlrDzjZTtGYhS6elvvEfR,TOTAL_POINTS,HIDE_OVERALL_GRADE
867762429077,06. 6-В клас. Англійська мова (Гр. 1) (2026-2027),ACTIVE,,ajrgol7p,True,https://classroom.google.com/c/ODY3NzYyNDI5MDc3,112650800097094238847,2026-06-12T06:07:21Z,2026-06-12T08:44:23Z,,06_6_1_2026_2027_51896058@schoolgus.ukr.education,06_6_1_2026_2027_teachers_20593a6c@schoolgus.ukr.education,17UGtc4dHO5L5eecVdHhVSOc38Jks-QG5LcRWk48Rihw0FauaeKIUmZ7brw-16uWw1yB4MAGU,06. 6-В клас. Англійська мова (Гр. 1) (2026-2027),https://drive.google.com/drive/folders/17UGtc4dHO5L5eecVdHhVSOc38Jks-QG5LcRWk48Rihw0FauaeKIUmZ7brw-16uWw1yB4MAGU,TOTAL_POINTS,HIDE_OVERALL_GRADE
867763730143,06. 6-В клас. Англійська мова (Гр. 2) (2026-2027),ACTIVE,,2ifivaon,True,https://classroom.google.com/c/ODY3NzYzNzMwMTQz,112650800097094238847,2026-06-12T06:07:24Z,2026-06-12T08:44:47Z,,06_6_2_2026_2027_d01f73a8@schoolgus.ukr.education,06_6_2_2026_2027_teachers_d3b090f2@schoolgus.ukr.education,1F4IrPIXj7yrObV5Yk7KADJH8LJj70CVjn2DNI4_vmDhwV_CQhV-2le0m37q3N5DIJVLSE1mU,06. 6-В клас. Англійська мова (Гр. 2) (2026-2027),https://drive.google.com/drive/folders/1F4IrPIXj7yrObV5Yk7KADJH8LJj70CVjn2DNI4_vmDhwV_CQhV-2le0m37q3N5DIJVLSE1mU,TOTAL_POINTS,HIDE_OVERALL_GRADE
867763038604,06. 6-В клас. Українська література (2026-2027),ACTIVE,,36rmw2sj,True,https://classroom.google.com/c/ODY3NzYzMDM4NjA0,112650800097094238847,2026-06-12T06:07:17Z,2026-06-12T06:07:17Z,c_classroomcd51f8bf@group.calendar.google.com,06_6_2026_2027_ea29c610@schoolgus.ukr.education,06_6_2026_2027_teachers_499663ff@schoolgus.ukr.education,1EmJhskQbNjIzKoUA9n-S6s-Kp78B540GRAN-E4iWkDxkaoKMfts2rbseKvqCEO2zCj1uAzoC,06. 6-В клас. Українська література (2026-2027),https://drive.google.com/drive/folders/1EmJhskQbNjIzKoUA9n-S6s-Kp78B540GRAN-E4iWkDxkaoKMfts2rbseKvqCEO2zCj1uAzoC,TOTAL_POINTS,HIDE_OVERALL_GRADE
867763072279,06. 6-В клас. Історія України. Всесвітня історія (2026-2027),ACTIVE,,u7oxobsv,True,https://classroom.google.com/c/ODY3NzYzMDcyMjc5,112650800097094238847,2026-06-12T06:07:13Z,2026-06-12T08:44:06Z,c_classroomcf04cdb4@group.calendar.google.com,06_6_2026_2027_333e0a08@schoolgus.ukr.education,06_6_2026_2027_teachers_608dd56e@schoolgus.ukr.education,19s0lpFdgxdavteugK29SMdT31p1EJrBwwUm1rGTyyIH7CJvYpcTtIglDTfoWL0b6IvCnJCME,06. 6-В клас. Історія України. Всесвітня історія (2026-2027),https://drive.google.com/drive/folders/19s0lpFdgxdavteugK29SMdT31p1EJrBwwUm1rGTyyIH7CJvYpcTtIglDTfoWL0b6IvCnJCME,TOTAL_POINTS,HIDE_OVERALL_GRADE
867760860680,06. 6-В клас. Українська мова (2026-2027),ACTIVE,,e6hgr6pl,True,https://classroom.google.com/c/ODY3NzYwODYwNjgw,112650800097094238847,2026-06-12T06:07:28Z,2026-06-12T08:45:06Z,,06_6_2026_2027_a3f6e497@schoolgus.ukr.education,06_6_2026_2027_teachers_c9064a4c@schoolgus.ukr.education,1YWCK5p1U20RoEEezDQRoruSf4zbrg7KiwjgqYLL9nabycnhdNYSBw6EZDwFyUw-LiWTm2N-v,06. 6-В клас. Українська мова (2026-2027),https://drive.google.com/drive/folders/1YWCK5p1U20RoEEezDQRoruSf4zbrg7KiwjgqYLL9nabycnhdNYSBw6EZDwFyUw-LiWTm2N-v,TOTAL_POINTS,HIDE_OVERALL_GRADE
867762079910,06. 6-Г клас. Друга мова (Польська) (Гр. 2) (2026-2027),ACTIVE,,ms6bzgvs,True,https://classroom.google.com/c/ODY3NzYyMDc5OTEw,112650800097094238847,2026-06-12T06:07:39Z,2026-06-12T08:46:49Z,,06_6_2_2026_2027_74bd76e7@schoolgus.ukr.education,06_6_2_2026_2027_teachers_91da9734@schoolgus.ukr.education,1QscbhhV7JbPx6yauBChh-4Pld1yP0E49OHkT2w-9KMTXtYAg3JLWJX-IziYYzQb8g-FkKlrT,06. 6-Г клас. Друга мова (Польська) (Гр. 2) (2026-2027),https://drive.google.com/drive/folders/1QscbhhV7JbPx6yauBChh-4Pld1yP0E49OHkT2w-9KMTXtYAg3JLWJX-IziYYzQb8g-FkKlrT,TOTAL_POINTS,HIDE_OVERALL_GRADE
867762936779,06. 6-Г клас. Основи християнської етики (2026-2027),ACTIVE,,hmmebfwu,True,https://classroom.google.com/c/ODY3NzYyOTM2Nzc5,112650800097094238847,2026-06-12T06:07:36Z,2026-06-12T08:46:02Z,,06_6_2026_2027_e7cf666e@schoolgus.ukr.education,06_6_2026_2027_teachers_c035802a@schoolgus.ukr.education,1saPoi320GvkKUlLci4LMQY_KefbD-1vpC2XyxrlIVn-rT3jNFd3kkQ0V-MVVLGb8GdOl_P0e,06. 6-Г клас. Основи християнської етики (2026-2027),https://drive.google.com/drive/folders/1saPoi320GvkKUlLci4LMQY_KefbD-1vpC2XyxrlIVn-rT3jNFd3kkQ0V-MVVLGb8GdOl_P0e,TOTAL_POINTS,HIDE_OVERALL_GRADE
867763215828,06. 6-Г клас. Логіка (2026-2027),ACTIVE,,smjfyylg,True,https://classroom.google.com/c/ODY3NzYzMjE1ODI4,112650800097094238847,2026-06-12T06:07:43Z,2026-06-12T06:07:43Z,c_classroom5ce0a7aa@group.calendar.google.com,06_6_2026_2027_82a53725@schoolgus.ukr.education,06_6_2026_2027_teachers_859c77c7@schoolgus.ukr.education,1syUxlqJh-0_N45p0Bf1FOZ3HHuXXejNzKKvS0bLVfku1AcBnQaJphSzu1gdqU51zr119dMm9,06. 6-Г клас. Логіка (2026-2027),https://drive.google.com/drive/folders/1syUxlqJh-0_N45p0Bf1FOZ3HHuXXejNzKKvS0bLVfku1AcBnQaJphSzu1gdqU51zr119dMm9,TOTAL_POINTS,HIDE_OVERALL_GRADE
798179020268,06. 6-В клас. Математика (2026-2027),ACTIVE,,d2cqx4zf,True,https://classroom.google.com/c/Nzk4MTc5MDIwMjY4,112650800097094238847,2026-06-12T06:07:32Z,2026-06-12T08:45:27Z,,06_6_2026_2027_564e2cb0@schoolgus.ukr.education,06_6_2026_2027_teachers_bd73018b@schoolgus.ukr.education,19ihAXuoHpvY2YYkW-C7VNGbZu8httnJc-l1X7HY3rm-4OhYzv_OzO07I3xlqeGaofpUjCLZl,06. 6-В клас. Математика (2026-2027),https://drive.google.com/drive/folders/19ihAXuoHpvY2YYkW-C7VNGbZu8httnJc-l1X7HY3rm-4OhYzv_OzO07I3xlqeGaofpUjCLZl,TOTAL_POINTS,HIDE_OVERALL_GRADE
867763748582,06. 6-Г клас. Друга мова (Польська) (Гр. 1) (2026-2027),ACTIVE,,7i5t5ai2,True,https://classroom.google.com/c/ODY3NzYzNzQ4NTgy,112650800097094238847,2026-06-12T06:07:47Z,2026-06-12T08:47:06Z,c_classroom4c233251@group.calendar.google.com,06_6_1_2026_2027_c727ec68@schoolgus.ukr.education,06_6_1_2026_2027_teachers_56a48900@schoolgus.ukr.education,1HWCz_HwWLobQn8l12J8XCte1-TwH-cn_26IzpAb2SQWRPx-8UOChrJslcRUNNEaOLxzHAPEI,06. 6-Г клас. Друга мова (Польська) (Гр. 1) (2026-2027),https://drive.google.com/drive/folders/1HWCz_HwWLobQn8l12J8XCte1-TwH-cn_26IzpAb2SQWRPx-8UOChrJslcRUNNEaOLxzHAPEI,TOTAL_POINTS,HIDE_OVERALL_GRADE
867763359013,06. 6-Г клас. Інформатика (Гр. 2) (2026-2027),ACTIVE,,ccpjzw6d,True,https://classroom.google.com/c/ODY3NzYzMzU5MDEz,112650800097094238847,2026-06-12T06:08:01Z,2026-06-12T06:08:01Z,,06_6_2_2026_2027_eb7a6fa3@schoolgus.ukr.education,06_6_2_2026_2027_teachers_46f12790@schoolgus.ukr.education,1vImTcPkBFSB-6_mYpadM--Qkg6baC3Zyn15rqmb9d-qna_yAnc90dDfJnfOc8CrVlmOdhbnx,06. 6-Г клас. Інформатика (Гр. 2) (2026-2027),https://drive.google.com/drive/folders/1vImTcPkBFSB-6_mYpadM--Qkg6baC3Zyn15rqmb9d-qna_yAnc90dDfJnfOc8CrVlmOdhbnx,TOTAL_POINTS,HIDE_OVERALL_GRADE
867763399459,06. 6-Г клас. Технології (Трудове) (Гр. 2) (2026-2027),ACTIVE,,oz2e4bhh,True,https://classroom.google.com/c/ODY3NzYzMzk5NDU5,112650800097094238847,2026-06-12T06:07:54Z,2026-06-12T08:48:32Z,c_classroomf0a64081@group.calendar.google.com,06_6_2_2026_2027_f072f495@schoolgus.ukr.education,06_6_2_2026_2027_teachers_21a6c3cd@schoolgus.ukr.education,1SJAp_2s11bjbbgiOdQsYoBGziIOVCrdykYCKpjgtWH5kropCttby8cCsp36dGlScNLJG-zKG,06. 6-Г клас. Технології (Трудове) (Гр. 2) (2026-2027),https://drive.google.com/drive/folders/1SJAp_2s11bjbbgiOdQsYoBGziIOVCrdykYCKpjgtWH5kropCttby8cCsp36dGlScNLJG-zKG,TOTAL_POINTS,HIDE_OVERALL_GRADE
867763357503,06. 6-Г клас. Мистецтво (2026-2027),ACTIVE,,dekyeaz7,True,https://classroom.google.com/c/ODY3NzYzMzU3NTAz,112650800097094238847,2026-06-12T06:07:50Z,2026-06-12T08:47:51Z,,06_6_2026_2027_e29118b8@schoolgus.ukr.education,06_6_2026_2027_teachers_156bbfde@schoolgus.ukr.education,12QpdZD2preeAALDE9H4cEtcxspyfmaHpO5Ai0Imy15x6TX0fexwt5a6kWzCD-9zypolCOLoH,06. 6-Г клас. Мистецтво (2026-2027),https://drive.google.com/drive/folders/12QpdZD2preeAALDE9H4cEtcxspyfmaHpO5Ai0Imy15x6TX0fexwt5a6kWzCD-9zypolCOLoH,TOTAL_POINTS,HIDE_OVERALL_GRADE
867741511686,06. 6-Г клас. Физична культура (2026-2027),ACTIVE,,dsdxjlx5,True,https://classroom.google.com/c/ODY3NzQxNTExNjg2,112650800097094238847,2026-06-12T06:07:57Z,2026-06-12T08:48:46Z,,06_6_2026_2027_b1d38a05@schoolgus.ukr.education,06_6_2026_2027_teachers_b7aa44f4@schoolgus.ukr.education,1AIm1lzXWz5IOcTZ_DlpBUKnNHFz1oSmfcuV7OldDMyXOHbI-6r6-nomdP40TopsBd4aqIPUm,06. 6-Г клас. Физична культура (2026-2027),https://drive.google.com/drive/folders/1AIm1lzXWz5IOcTZ_DlpBUKnNHFz1oSmfcuV7OldDMyXOHbI-6r6-nomdP40TopsBd4aqIPUm,TOTAL_POINTS,HIDE_OVERALL_GRADE
867762791806,06. 6-Г клас. Технології (Трудове) (Гр. 1) (2026-2027),ACTIVE,,nefbnbfe,True,https://classroom.google.com/c/ODY3NzYyNzkxODA2,112650800097094238847,2026-06-12T06:08:04Z,2026-06-12T08:49:07Z,,06_6_1_2026_2027_aee9dc4a@schoolgus.ukr.education,06_6_1_2026_2027_teachers_fa22bc72@schoolgus.ukr.education,1R4LFc1-Deftad6gbfdFAnG_k8rub-Q3FkuVsGPZApe9RAnSYzssxosBELerD2vCoMTCPKMAz,06. 6-Г клас. Технології (Трудове) (Гр. 1) (2026-2027),https://drive.google.com/drive/folders/1R4LFc1-Deftad6gbfdFAnG_k8rub-Q3FkuVsGPZApe9RAnSYzssxosBELerD2vCoMTCPKMAz,TOTAL_POINTS,HIDE_OVERALL_GRADE
867762729989,06. 6-Г клас. Історія України. Всесвітня історія (2026-2027),ACTIVE,,e4xnldin,True,https://classroom.google.com/c/ODY3NzYyNzI5OTg5,112650800097094238847,2026-06-12T06:08:23Z,2026-06-12T08:51:05Z,,06_6_2026_2027_53787a9c@schoolgus.ukr.education,06_6_2026_2027_teachers_9d00bd66@schoolgus.ukr.education,1NLLjFOQZKL7Mxj6NgY2kBkITJEa3_LFRMcGEFZYTUb9Gy5QeeA54UOpmR0QZWKGyDrLQ-VyD,06. 6-Г клас. Історія України. Всесвітня історія (2026-2027),https://drive.google.com/drive/folders/1NLLjFOQZKL7Mxj6NgY2kBkITJEa3_LFRMcGEFZYTUb9Gy5QeeA54UOpmR0QZWKGyDrLQ-VyD,TOTAL_POINTS,HIDE_OVERALL_GRADE
867762999863,06. 6-Г клас. Географія (2026-2027),ACTIVE,,2qt7x4r2,True,https://classroom.google.com/c/ODY3NzYyOTk5ODYz,112650800097094238847,2026-06-12T06:08:19Z,2026-06-12T08:50:43Z,,06_6_2026_2027_00f3fdf4@schoolgus.ukr.education,06_6_2026_2027_teachers_5ee03a2c@schoolgus.ukr.education,1Fofw0Hx-OCT-rZzClkkp4WoByI3V46r1wwDtFI2ZHXFow4k7cb8Xei_mU4rnmiwN0r4A-OUS,06. 6-Г клас. Географія (2026-2027),https://drive.google.com/drive/folders/1Fofw0Hx-OCT-rZzClkkp4WoByI3V46r1wwDtFI2ZHXFow4k7cb8Xei_mU4rnmiwN0r4A-OUS,TOTAL_POINTS,HIDE_OVERALL_GRADE
867763686035,06. 6-Г клас. Зарубіжна література (2026-2027),ACTIVE,,r2m26lsz,True,https://classroom.google.com/c/ODY3NzYzNjg2MDM1,112650800097094238847,2026-06-12T06:08:15Z,2026-06-12T08:50:29Z,c_classroom24f3e2d0@group.calendar.google.com,06_6_2026_2027_f796b408@schoolgus.ukr.education,06_6_2026_2027_teachers_9bf18628@schoolgus.ukr.education,10tUJgVibCTCkeOQD9FthZrrbMoWctJhMGaMh3pCDpy98RKqlNY-yYdcyebqCIMbyDXrMtNOE,06. 6-Г клас. Зарубіжна література (2026-2027),https://drive.google.com/drive/folders/10tUJgVibCTCkeOQD9FthZrrbMoWctJhMGaMh3pCDpy98RKqlNY-yYdcyebqCIMbyDXrMtNOE,TOTAL_POINTS,HIDE_OVERALL_GRADE
867763210300,06. 6-Г клас. Пізнаємо природу (2026-2027),ACTIVE,,gu5wxplz,True,https://classroom.google.com/c/ODY3NzYzMjEwMzAw,112650800097094238847,2026-06-12T06:08:11Z,2026-06-12T08:50:12Z,c_classroomeeae4bf0@group.calendar.google.com,06_6_2026_2027_2a8e8e2d@schoolgus.ukr.education,06_6_2026_2027_teachers_662c56c9@schoolgus.ukr.education,1YKIdbqoELB_7DsYWtPnVe8QNg4Qjxm61sjG6uh-PLxgEAyTW24ijgm6UaE5bXcOWHU23BGbV,06. 6-Г клас. Пізнаємо природу (2026-2027),https://drive.google.com/drive/folders/1YKIdbqoELB_7DsYWtPnVe8QNg4Qjxm61sjG6uh-PLxgEAyTW24ijgm6UaE5bXcOWHU23BGbV,TOTAL_POINTS,HIDE_OVERALL_GRADE
867763725434,06. 6-Г клас. Інформатика (Гр. 1) (2026-2027),ACTIVE,,arzetocm,True,https://classroom.google.com/c/ODY3NzYzNzI1NDM0,112650800097094238847,2026-06-12T06:08:08Z,2026-06-12T08:49:56Z,,06_6_1_2026_2027_27fbbc14@schoolgus.ukr.education,06_6_1_2026_2027_teachers_a21f4b95@schoolgus.ukr.education,1KzbgMMyOT1LxVJXHBEcJXeb5HeI90r78YulkkrJCs1BoOMYler4IIzfFyGBd9PxWI5cjcNk0,06. 6-Г клас. Інформатика (Гр. 1) (2026-2027),https://drive.google.com/drive/folders/1KzbgMMyOT1LxVJXHBEcJXeb5HeI90r78YulkkrJCs1BoOMYler4IIzfFyGBd9PxWI5cjcNk0,TOTAL_POINTS,HIDE_OVERALL_GRADE
867762116767,06. 6-Г клас. Українська література (2026-2027),ACTIVE,,dpyq6mvs,True,https://classroom.google.com/c/ODY3NzYyMTE2NzY3,112650800097094238847,2026-06-12T06:08:27Z,2026-06-12T08:51:21Z,,06_6_2026_2027_b5084e31@schoolgus.ukr.education,06_6_2026_2027_teachers_ae26671f@schoolgus.ukr.education,1NbWTRuey9vuqYUEy90fsPN2XwWgdZ5hIOXUsXUNDCOoeW5bvwhMDNTZiSsGVDnnQ0bXvombB,06. 6-Г клас. Українська література (2026-2027),https://drive.google.com/drive/folders/1NbWTRuey9vuqYUEy90fsPN2XwWgdZ5hIOXUsXUNDCOoeW5bvwhMDNTZiSsGVDnnQ0bXvombB,TOTAL_POINTS,HIDE_OVERALL_GRADE
867763366407,06. 6-Г клас. Українська мова (2026-2027),ACTIVE,,xmap25y7,True,https://classroom.google.com/c/ODY3NzYzMzY2NDA3,112650800097094238847,2026-06-12T06:08:38Z,2026-06-12T08:52:08Z,c_classroom4ff35626@group.calendar.google.com,06_6_2026_2027_36f1d610@schoolgus.ukr.education,06_6_2026_2027_teachers_a7f15bcc@schoolgus.ukr.education,1Oxq-mQVQijYMNVDPyF4Naw6radA34mqKg3_ulkgqPqwlTy5GIFkvntgre0tXArQX0DnzkeAl,06. 6-Г клас. Українська мова (2026-2027),https://drive.google.com/drive/folders/1Oxq-mQVQijYMNVDPyF4Naw6radA34mqKg3_ulkgqPqwlTy5GIFkvntgre0tXArQX0DnzkeAl,TOTAL_POINTS,HIDE_OVERALL_GRADE
867762797896,06. 6-Г клас. Математика (2026-2027),ACTIVE,,zg2bq5bv,True,https://classroom.google.com/c/ODY3NzYyNzk3ODk2,112650800097094238847,2026-06-12T06:08:42Z,2026-06-12T08:52:21Z,,06_6_2026_2027_bec6c9cf@schoolgus.ukr.education,06_6_2026_2027_teachers_87dd1dd4@schoolgus.ukr.education,1gCut1xjNPw5jjsrxeYGsdfrtj6nmypY-3zTjaMcwzp2Qt2boLUOeNEJFa71xtv0JRGnxF70Q,06. 6-Г клас. Математика (2026-2027),https://drive.google.com/drive/folders/1gCut1xjNPw5jjsrxeYGsdfrtj6nmypY-3zTjaMcwzp2Qt2boLUOeNEJFa71xtv0JRGnxF70Q,TOTAL_POINTS,HIDE_OVERALL_GRADE
867763715491,06. 6-Г клас. Англійська мова (Гр. 2) (2026-2027),ACTIVE,,wlliok6e,True,https://classroom.google.com/c/ODY3NzYzNzE1NDkx,112650800097094238847,2026-06-12T06:08:34Z,2026-06-12T08:51:53Z,,06_6_2_2026_2027_f5d83996@schoolgus.ukr.education,06_6_2_2026_2027_teachers_feca541a@schoolgus.ukr.education,1TOvI-qVKsoN2dt5x6j--d7fpUn4FIanKMVhU3-O4wIHKhTJkQKPPvOtwlBO1dd2-wqT-GzVR,06. 6-Г клас. Англійська мова (Гр. 2) (2026-2027),https://drive.google.com/drive/folders/1TOvI-qVKsoN2dt5x6j--d7fpUn4FIanKMVhU3-O4wIHKhTJkQKPPvOtwlBO1dd2-wqT-GzVR,TOTAL_POINTS,HIDE_OVERALL_GRADE
798178933434,06. 6-Г клас. Англійська мова (Гр. 1) (2026-2027),ACTIVE,,42uoiizi,True,https://classroom.google.com/c/Nzk4MTc4OTMzNDM0,112650800097094238847,2026-06-12T06:08:31Z,2026-06-12T08:51:38Z,c_classroom230c59fd@group.calendar.google.com,06_6_1_2026_2027_28ada435@schoolgus.ukr.education,06_6_1_2026_2027_teachers_c1a76fae@schoolgus.ukr.education,12QaA7OVzgVui0kFwbr-q_yGu1S_CjWqcvj681PVFvnvKbcqqJamMagPG4HxPxfojVQsEQ3uC,06. 6-Г клас. Англійська мова (Гр. 1) (2026-2027),https://drive.google.com/drive/folders/12QaA7OVzgVui0kFwbr-q_yGu1S_CjWqcvj681PVFvnvKbcqqJamMagPG4HxPxfojVQsEQ3uC,TOTAL_POINTS,HIDE_OVERALL_GRADE
798178751900,05. 5-Г клас. Українська література (2026-2027),ACTIVE,,4ddfgha6,True,https://classroom.google.com/c/Nzk4MTc4NzUxOTAw,112650800097094238847,2026-06-12T05:28:22Z,2026-06-12T05:53:24Z,c_classroomcde62bb4@group.calendar.google.com,05_5_2026_2027_ee6aaf29@schoolgus.ukr.education,05_5_2026_2027_teachers_74f514a0@schoolgus.ukr.education,13yb2CrOqH27-aIrVS-zV8Qz_B63DeMcYJQ48fuE8fNM2Ct4kvKqHxTxEkmWtrkeawat4_Mj_,05. 5-Г клас. Українська література (2026-2027),https://drive.google.com/drive/folders/13yb2CrOqH27-aIrVS-zV8Qz_B63DeMcYJQ48fuE8fNM2Ct4kvKqHxTxEkmWtrkeawat4_Mj_,TOTAL_POINTS,HIDE_OVERALL_GRADE
867761545710,05. 5-Г клас. Зарубіжна література (2026-2027),ACTIVE,,slowwj6z,True,https://classroom.google.com/c/ODY3NzYxNTQ1NzEw,112650800097094238847,2026-06-12T05:28:25Z,2026-06-12T05:53:39Z,c_classroom44b48b23@group.calendar.google.com,05_5_2026_2027_6c6eb4b4@schoolgus.ukr.education,05_5_2026_2027_teachers_c3a2755a@schoolgus.ukr.education,1LGsSZmjnT6a1MAk9frKxCWd54F38SlhZ3IX6LLoTq0V9xA87rNOBezr5-vQUr4IWyCq40DD0,05. 5-Г клас. Зарубіжна література (2026-2027),https://drive.google.com/drive/folders/1LGsSZmjnT6a1MAk9frKxCWd54F38SlhZ3IX6LLoTq0V9xA87rNOBezr5-vQUr4IWyCq40DD0,TOTAL_POINTS,HIDE_OVERALL_GRADE
867760909568,05. 5-Г клас. Українська мова (2026-2027),ACTIVE,,l42qo7hv,True,https://classroom.google.com/c/ODY3NzYwOTA5NTY4,112650800097094238847,2026-06-12T05:28:18Z,2026-06-12T05:53:04Z,c_classroome62c9223@group.calendar.google.com,05_5_2026_2027_4ef52c93@schoolgus.ukr.education,05_5_2026_2027_teachers_2aa33580@schoolgus.ukr.education,1KnJ8_4adlKqb58IPMYB6dUoyPm0plgBD-eQOrnTyKMt8ARxMygfVc3G9vhyGRIrgs221e__D,05. 5-Г клас. Українська мова (2026-2027),https://drive.google.com/drive/folders/1KnJ8_4adlKqb58IPMYB6dUoyPm0plgBD-eQOrnTyKMt8ARxMygfVc3G9vhyGRIrgs221e__D,TOTAL_POINTS,HIDE_OVERALL_GRADE
867760719468,05. 5-Г клас. Пізнаємо природу (2026-2027),ACTIVE,,54kr6v4q,True,https://classroom.google.com/c/ODY3NzYwNzE5NDY4,112650800097094238847,2026-06-12T05:28:33Z,2026-06-12T05:54:16Z,c_classroom14782e09@group.calendar.google.com,05_5_2026_2027_c46ad424@schoolgus.ukr.education,05_5_2026_2027_teachers_d8cb197e@schoolgus.ukr.education,1hFA-28pLsosG3wsoHAfVQGnuxf5oWMS2-k8l4u4e8cvSUiLPLrEZl5NnwKPm8wD1FdmaXB9E,05. 5-Г клас. Пізнаємо природу (2026-2027),https://drive.google.com/drive/folders/1hFA-28pLsosG3wsoHAfVQGnuxf5oWMS2-k8l4u4e8cvSUiLPLrEZl5NnwKPm8wD1FdmaXB9E,TOTAL_POINTS,HIDE_OVERALL_GRADE
867759412747,05. 5-Г клас. Вступ до історії України (2026-2027),ACTIVE,,ugmiuhpz,True,https://classroom.google.com/c/ODY3NzU5NDEyNzQ3,112650800097094238847,2026-06-12T05:28:29Z,2026-06-12T05:53:54Z,c_classroom1b4e129f@group.calendar.google.com,05_5_2026_2027_c143fa74@schoolgus.ukr.education,05_5_2026_2027_teachers_062a242c@schoolgus.ukr.education,1Eyt5hBgr1gSzZ3HO0r1d0FH7loVojbDI1FXNQKYF4Cxhb6viChpCGQPe-c9r5Y7bQBYo5-m8,05. 5-Г клас. Вступ до історії України (2026-2027),https://drive.google.com/drive/folders/1Eyt5hBgr1gSzZ3HO0r1d0FH7loVojbDI1FXNQKYF4Cxhb6viChpCGQPe-c9r5Y7bQBYo5-m8,TOTAL_POINTS,HIDE_OVERALL_GRADE
867761958547,05. 5-Г клас. Математика (2026-2027),ACTIVE,,e6avrhul,True,https://classroom.google.com/c/ODY3NzYxOTU4NTQ3,112650800097094238847,2026-06-12T05:28:36Z,2026-06-12T05:54:36Z,c_classroom6665b9e9@group.calendar.google.com,05_5_2026_2027_3e76663e@schoolgus.ukr.education,05_5_2026_2027_teachers_696afc56@schoolgus.ukr.education,1JspHcfeeKSEPWooto-vXFS3wxyWOpnnq01HcvH9_9KEc9MEoqccv0ZHdExnR06kapy--Hlw0,05. 5-Г клас. Математика (2026-2027),https://drive.google.com/drive/folders/1JspHcfeeKSEPWooto-vXFS3wxyWOpnnq01HcvH9_9KEc9MEoqccv0ZHdExnR06kapy--Hlw0,TOTAL_POINTS,HIDE_OVERALL_GRADE
867759759596,05. 5-Г клас. Англійська мова (Гр. 2) (2026-2027),ACTIVE,,svmbgqaw,True,https://classroom.google.com/c/ODY3NzU5NzU5NTk2,112650800097094238847,2026-06-12T05:28:40Z,2026-06-12T05:28:40Z,c_classroom7cb4d283@group.calendar.google.com,05_5_2_2026_2027_498e2dcb@schoolgus.ukr.education,05_5_2_2026_2027_teachers_91ac5207@schoolgus.ukr.education,15knwWvlBqrt1UvfTCLPHWJuR8p7YywBpbmw0ILHw9aZW8WvnP_1vl798hs6n_eDuGjLcUBmK,05. 5-Г клас. Англійська мова (Гр. 2) (2026-2027),https://drive.google.com/drive/folders/15knwWvlBqrt1UvfTCLPHWJuR8p7YywBpbmw0ILHw9aZW8WvnP_1vl798hs6n_eDuGjLcUBmK,TOTAL_POINTS,HIDE_OVERALL_GRADE
867761244876,05. 5-Г клас. Англійська мова (Гр. 1) (2026-2027),ACTIVE,,nkwljf4u,True,https://classroom.google.com/c/ODY3NzYxMjQ0ODc2,112650800097094238847,2026-06-12T05:28:44Z,2026-06-12T05:28:44Z,c_classroom48e06c9d@group.calendar.google.com,05_5_1_2026_2027_b6eaa9f5@schoolgus.ukr.education,05_5_1_2026_2027_teachers_d723c63a@schoolgus.ukr.education,1qwCsh8G_rrYPDyjuwH0GgsOsuNFxxcurGpqfO5CjVG_CXpGJMaFS73PN9Z8jA0VGLvjNJ4h6,05. 5-Г клас. Англійська мова (Гр. 1) (2026-2027),https://drive.google.com/drive/folders/1qwCsh8G_rrYPDyjuwH0GgsOsuNFxxcurGpqfO5CjVG_CXpGJMaFS73PN9Z8jA0VGLvjNJ4h6,TOTAL_POINTS,HIDE_OVERALL_GRADE
867761437122,05. 5-Г клас. Технології (Трудове) (Гр. 2) (2026-2027),ACTIVE,,khyk2xv3,True,https://classroom.google.com/c/ODY3NzYxNDM3MTIy,112650800097094238847,2026-06-12T05:28:58Z,2026-06-12T05:55:53Z,c_classroom8ef4e4b5@group.calendar.google.com,05_5_2_2026_2027_e6af51ad@schoolgus.ukr.education,05_5_2_2026_2027_teachers_e1b1dda2@schoolgus.ukr.education,1MlFKIR-yw45cmSm9d8d7f-eKXh_GF14_TxXJObgBMRUKAHD8c7Gof-k56U46YF-Yhrwh6aKi,05. 5-Г клас. Технології (Трудове) (Гр. 2) (2026-2027),https://drive.google.com/drive/folders/1MlFKIR-yw45cmSm9d8d7f-eKXh_GF14_TxXJObgBMRUKAHD8c7Gof-k56U46YF-Yhrwh6aKi,TOTAL_POINTS,HIDE_OVERALL_GRADE
867760858967,05. 5-Г клас. Інформатика (Гр. 1) (2026-2027),ACTIVE,,x5zozq4p,True,https://classroom.google.com/c/ODY3NzYwODU4OTY3,112650800097094238847,2026-06-12T05:28:54Z,2026-06-12T05:55:31Z,c_classrooma5b9a296@group.calendar.google.com,05_5_1_2026_2027_222b08a0@schoolgus.ukr.education,05_5_1_2026_2027_teachers_2321c32e@schoolgus.ukr.education,1aSEuHMqQ6cfS5_uQXU_1YDLnugOnBJL9nocg2y8i_TxAMqEEntRhDsxRHmHQSJEKfBaQ0z7N,05. 5-Г клас. Інформатика (Гр. 1) (2026-2027),https://drive.google.com/drive/folders/1aSEuHMqQ6cfS5_uQXU_1YDLnugOnBJL9nocg2y8i_TxAMqEEntRhDsxRHmHQSJEKfBaQ0z7N,TOTAL_POINTS,HIDE_OVERALL_GRADE
867761798952,05. 5-Г клас. Інформатика (Гр. 2) (2026-2027),ACTIVE,,4ulvkxxc,True,https://classroom.google.com/c/ODY3NzYxNzk4OTUy,112650800097094238847,2026-06-12T05:28:51Z,2026-06-12T05:55:15Z,c_classroom4a90e6d4@group.calendar.google.com,05_5_2_2026_2027_ee2c3761@schoolgus.ukr.education,05_5_2_2026_2027_teachers_11a1800f@schoolgus.ukr.education,1yxzUw7CLhgWqJksA0L19SSYOb7ZCRy6hh1G-Ua5yf9w2OvOwjEWHI1azrchuf9A7m0OM7-24,05. 5-Г клас. Інформатика (Гр. 2) (2026-2027),https://drive.google.com/drive/folders/1yxzUw7CLhgWqJksA0L19SSYOb7ZCRy6hh1G-Ua5yf9w2OvOwjEWHI1azrchuf9A7m0OM7-24,TOTAL_POINTS,HIDE_OVERALL_GRADE
867761895101,05. 5-Г клас. Технології (Трудове) (Гр. 1) (2026-2027),ACTIVE,,bx427fvd,True,https://classroom.google.com/c/ODY3NzYxODk1MTAx,112650800097094238847,2026-06-12T05:28:47Z,2026-06-12T05:54:57Z,c_classroom59d59648@group.calendar.google.com,05_5_1_2026_2027_5ead9cf6@schoolgus.ukr.education,05_5_1_2026_2027_teachers_c3dae614@schoolgus.ukr.education,1lW-JM7LKcaPCx3NLdrSKJUtx2NdKnbYpx4UPFz-Z9p5B8kxBbzDLDs1gmjDFOlEqHE4ijS4k,05. 5-Г клас. Технології (Трудове) (Гр. 1) (2026-2027),https://drive.google.com/drive/folders/1lW-JM7LKcaPCx3NLdrSKJUtx2NdKnbYpx4UPFz-Z9p5B8kxBbzDLDs1gmjDFOlEqHE4ijS4k,TOTAL_POINTS,HIDE_OVERALL_GRADE
867746134712,05. 5-Г клас. Мистецтво (2026-2027),ACTIVE,,4zfkp324,True,https://classroom.google.com/c/ODY3NzQ2MTM0NzEy,112650800097094238847,2026-06-12T05:29:02Z,2026-06-12T05:29:02Z,c_classroomeb39bda1@group.calendar.google.com,05_5_2026_2027_e9610d12@schoolgus.ukr.education,05_5_2026_2027_teachers_b99a9d63@schoolgus.ukr.education,1yQJT23OeKBE1fLO4eCDo4GPuhdJdKHTXS-q4HNkRSf-AbYoK20J2SwgqDzizHrhrQWsNQLtI,05. 5-Г клас. Мистецтво (2026-2027),https://drive.google.com/drive/folders/1yQJT23OeKBE1fLO4eCDo4GPuhdJdKHTXS-q4HNkRSf-AbYoK20J2SwgqDzizHrhrQWsNQLtI,TOTAL_POINTS,HIDE_OVERALL_GRADE
867754884409,05. 5-Г клас. Логіка (2026-2027),ACTIVE,,rc5xfacr,True,https://classroom.google.com/c/ODY3NzU0ODg0NDA5,112650800097094238847,2026-06-12T05:29:05Z,2026-06-12T05:56:08Z,c_classroom2e33072a@group.calendar.google.com,05_5_2026_2027_d76bf7ea@schoolgus.ukr.education,05_5_2026_2027_teachers_ac615d1d@schoolgus.ukr.education,1TvQ7eVALYMoXxs6N2B4kawB2fVC-D_k6ZWkUbpanyhdjT_tWuaVxbri4fUeMLH3SXr_0VPD9,05. 5-Г клас. Логіка (2026-2027),https://drive.google.com/drive/folders/1TvQ7eVALYMoXxs6N2B4kawB2fVC-D_k6ZWkUbpanyhdjT_tWuaVxbri4fUeMLH3SXr_0VPD9,TOTAL_POINTS,HIDE_OVERALL_GRADE
867760962116,05. 5-Г клас. Друга мова (Польська) (Гр. 2) (2026-2027),ACTIVE,,tnnodctk,True,https://classroom.google.com/c/ODY3NzYwOTYyMTE2,112650800097094238847,2026-06-12T05:29:09Z,2026-06-12T05:56:26Z,c_classroomd1fb57cc@group.calendar.google.com,05_5_2_2026_2027_c548e382@schoolgus.ukr.education,05_5_2_2026_2027_teachers_5aa462df@schoolgus.ukr.education,1URV8rf3S3LX-GjkNN26ZPCabjYNFto2bvqnyzQ08UshrEbE2sOmdqDudHbIwBnoo2hsMgLm4,05. 5-Г клас. Друга мова (Польська) (Гр. 2) (2026-2027),https://drive.google.com/drive/folders/1URV8rf3S3LX-GjkNN26ZPCabjYNFto2bvqnyzQ08UshrEbE2sOmdqDudHbIwBnoo2hsMgLm4,TOTAL_POINTS,HIDE_OVERALL_GRADE
867762012697,05. 5-Г клас. Основи християнської етики (2026-2027),ACTIVE,,jekn3l6j,True,https://classroom.google.com/c/ODY3NzYyMDEyNjk3,112650800097094238847,2026-06-12T05:29:19Z,2026-06-12T05:56:56Z,c_classroom8cda7f25@group.calendar.google.com,05_5_2026_2027_38f58328@schoolgus.ukr.education,05_5_2026_2027_teachers_b2db00bc@schoolgus.ukr.education,1zK1sFKCWrnuYqEyZNwP0lHUqIpzF9gLeRzgZtExClKh7qvHjEiv5oKt__D1roi-6qQ77vBd8,05. 5-Г клас. Основи християнської етики (2026-2027),https://drive.google.com/drive/folders/1zK1sFKCWrnuYqEyZNwP0lHUqIpzF9gLeRzgZtExClKh7qvHjEiv5oKt__D1roi-6qQ77vBd8,TOTAL_POINTS,HIDE_OVERALL_GRADE
867761841028,05. 5-Г клас. Друга мова (Польська) (Гр. 1) (2026-2027),ACTIVE,,hiu6vqwk,True,https://classroom.google.com/c/ODY3NzYxODQxMDI4,112650800097094238847,2026-06-12T05:29:16Z,2026-06-12T05:29:16Z,c_classroom9a99fa9c@group.calendar.google.com,05_5_1_2026_2027_69c39e65@schoolgus.ukr.education,05_5_1_2026_2027_teachers_732630f0@schoolgus.ukr.education,1enfU8ofBg_nv2MuasvdvKtBSLkzlOzgbMd6YZGMb3gvgaDevmh6G1lG4pTxTbTuZKHP3qLGz,05. 5-Г клас. Друга мова (Польська) (Гр. 1) (2026-2027),https://drive.google.com/drive/folders/1enfU8ofBg_nv2MuasvdvKtBSLkzlOzgbMd6YZGMb3gvgaDevmh6G1lG4pTxTbTuZKHP3qLGz,TOTAL_POINTS,HIDE_OVERALL_GRADE
867760844708,05. 5-Г клас. Фізична культура (2026-2027),ACTIVE,,h65b5cy6,True,https://classroom.google.com/c/ODY3NzYwODQ0NzA4,112650800097094238847,2026-06-12T05:29:12Z,2026-06-12T05:56:40Z,c_classroomceea0f33@group.calendar.google.com,05_5_2026_2027_e2729b4a@schoolgus.ukr.education,05_5_2026_2027_teachers_d687639d@schoolgus.ukr.education,1M9lNRDqx4u0JZ9TJTmY2jucL1EHuaBm_nLlfZP4VvbeIbj723GCwLVtwf0tpAAoVIclaw3bK,05. 5-Г клас. Фізична культура (2026-2027),https://drive.google.com/drive/folders/1M9lNRDqx4u0JZ9TJTmY2jucL1EHuaBm_nLlfZP4VvbeIbj723GCwLVtwf0tpAAoVIclaw3bK,TOTAL_POINTS,HIDE_OVERALL_GRADE
867761493611,05. 5-В клас. Українська мова (2026-2027),ACTIVE,,knp3uegt,True,https://classroom.google.com/c/ODY3NzYxNDkzNjEx,112650800097094238847,2026-06-12T05:24:51Z,2026-06-12T05:45:06Z,c_classroom1ea771b5@group.calendar.google.com,05_5_2026_2027_c28126d3@schoolgus.ukr.education,05_5_2026_2027_teachers_a72cf2be@schoolgus.ukr.education,1-2JxNwdafs8_mp3eQa5qggQdseQ_no4U3CKWIUTaWpzw4gh_VZrz54S2WIuMxID-7L7x3Bk4,05. 5-В клас. Українська мова (2026-2027),https://drive.google.com/drive/folders/1-2JxNwdafs8_mp3eQa5qggQdseQ_no4U3CKWIUTaWpzw4gh_VZrz54S2WIuMxID-7L7x3Bk4,TOTAL_POINTS,HIDE_OVERALL_GRADE
867761220080,05. 5-В клас. Українська література (2026-2027),ACTIVE,,g6aqm74q,True,https://classroom.google.com/c/ODY3NzYxMjIwMDgw,112650800097094238847,2026-06-12T05:24:55Z,2026-06-12T05:45:26Z,c_classroom810e6303@group.calendar.google.com,05_5_2026_2027_b44433f6@schoolgus.ukr.education,05_5_2026_2027_teachers_23be628e@schoolgus.ukr.education,1JEjyndMvkFCdPNXSZfmxer455yvc-AIzGiGSrq-vlfcxXloGoa1v21jPHadt9lbOZfTLFGxL,05. 5-В клас. Українська література (2026-2027),https://drive.google.com/drive/folders/1JEjyndMvkFCdPNXSZfmxer455yvc-AIzGiGSrq-vlfcxXloGoa1v21jPHadt9lbOZfTLFGxL,TOTAL_POINTS,HIDE_OVERALL_GRADE
867761812408,05. 5-В клас. Зарубіжна література (2026-2027),ACTIVE,,ey54jvki,True,https://classroom.google.com/c/ODY3NzYxODEyNDA4,112650800097094238847,2026-06-12T05:24:59Z,2026-06-12T05:45:43Z,c_classroom5422854e@group.calendar.google.com,05_5_2026_2027_1263e346@schoolgus.ukr.education,05_5_2026_2027_teachers_034cd040@schoolgus.ukr.education,17iNM3qulzxoPKX6cBZjF4GJxSsP7oAsoYO29bOD-Iy_8uUFaamxYEMQ0GvCDRTCwMm4K1WQ7,05. 5-В клас. Зарубіжна література (2026-2027),https://drive.google.com/drive/folders/17iNM3qulzxoPKX6cBZjF4GJxSsP7oAsoYO29bOD-Iy_8uUFaamxYEMQ0GvCDRTCwMm4K1WQ7,TOTAL_POINTS,HIDE_OVERALL_GRADE
867761298427,05. 5-В клас. Англійська мова (Гр. 2) (2026-2027),ACTIVE,,yj22cgzm,True,https://classroom.google.com/c/ODY3NzYxMjk4NDI3,112650800097094238847,2026-06-12T05:25:14Z,2026-06-12T05:46:50Z,c_classroome31a97d2@group.calendar.google.com,05_5_2_2026_2027_65f28f0a@schoolgus.ukr.education,05_5_2_2026_2027_teachers_c879ba98@schoolgus.ukr.education,1QhOwXBZXua-1J5-SJ6gMOK-W9PvZr0U7EARfIBPu5bY7J-yDzufovT5jlcTA4p2IRa8rxmcP,05. 5-В клас. Англійська мова (Гр. 2) (2026-2027),https://drive.google.com/drive/folders/1QhOwXBZXua-1J5-SJ6gMOK-W9PvZr0U7EARfIBPu5bY7J-yDzufovT5jlcTA4p2IRa8rxmcP,TOTAL_POINTS,HIDE_OVERALL_GRADE
867761577542,05. 5-В клас. Вступ до історії України (2026-2027),ACTIVE,,lbfdaspy,True,https://classroom.google.com/c/ODY3NzYxNTc3NTQy,112650800097094238847,2026-06-12T05:25:03Z,2026-06-12T05:45:58Z,c_classroom6e60549e@group.calendar.google.com,05_5_2026_2027_00c9d253@schoolgus.ukr.education,05_5_2026_2027_teachers_e50d25eb@schoolgus.ukr.education,1_MUHvIgVa7_l-6ATtk7zBcCLxRlAoqssZEMbwumeBt3V4rEXUM2ABhXoiXMVYP3l3qCUlik1,05. 5-В клас. Вступ до історії України (2026-2027),https://drive.google.com/drive/folders/1_MUHvIgVa7_l-6ATtk7zBcCLxRlAoqssZEMbwumeBt3V4rEXUM2ABhXoiXMVYP3l3qCUlik1,TOTAL_POINTS,HIDE_OVERALL_GRADE
867760997113,05. 5-В клас. Математика (2026-2027),ACTIVE,,y7nbbpd7,True,https://classroom.google.com/c/ODY3NzYwOTk3MTEz,112650800097094238847,2026-06-12T05:25:10Z,2026-06-12T05:46:29Z,c_classroome8c9c1dd@group.calendar.google.com,05_5_2026_2027_966b3b38@schoolgus.ukr.education,05_5_2026_2027_teachers_339ab3eb@schoolgus.ukr.education,16J0Kn55OU9EWOqwoq6LybbPf0IxVZ-AYj-wNUGEeOFhF-VUbFNho4jOP3Rb6NeCMoB25IdOR,05. 5-В клас. Математика (2026-2027),https://drive.google.com/drive/folders/16J0Kn55OU9EWOqwoq6LybbPf0IxVZ-AYj-wNUGEeOFhF-VUbFNho4jOP3Rb6NeCMoB25IdOR,TOTAL_POINTS,HIDE_OVERALL_GRADE
867762075664,05. 5-В клас. Пізнаємо природу (2026-2027),ACTIVE,,pkw2cl7l,True,https://classroom.google.com/c/ODY3NzYyMDc1NjY0,112650800097094238847,2026-06-12T05:25:07Z,2026-06-12T05:46:14Z,c_classroomc69de20a@group.calendar.google.com,05_5_2026_2027_09ab118e@schoolgus.ukr.education,05_5_2026_2027_teachers_af8a054e@schoolgus.ukr.education,1ewLIJKtldnDBDqs2PwL-pbQ71zGct9F1lJPLNQggPhd7lonHvMUuvdirI21NVK-u52pzDEJW,05. 5-В клас. Пізнаємо природу (2026-2027),https://drive.google.com/drive/folders/1ewLIJKtldnDBDqs2PwL-pbQ71zGct9F1lJPLNQggPhd7lonHvMUuvdirI21NVK-u52pzDEJW,TOTAL_POINTS,HIDE_OVERALL_GRADE
798178745507,05. 5-В клас. Англійська мова (Гр. 1) (2026-2027),ACTIVE,,ssfmejyn,True,https://classroom.google.com/c/Nzk4MTc4NzQ1NTA3,112650800097094238847,2026-06-12T05:25:18Z,2026-06-12T05:47:05Z,c_classroom867b0565@group.calendar.google.com,05_5_1_2026_2027_6a4a72b8@schoolgus.ukr.education,05_5_1_2026_2027_teachers_27c26cde@schoolgus.ukr.education,1fYlOCrdAx1Dz0nXPspHiycWUACts58rHXhJsfiUYWLk5zHKSBvu5pPItB_gdyHSPuyVEtP0Y,05. 5-В клас. Англійська мова (Гр. 1) (2026-2027),https://drive.google.com/drive/folders/1fYlOCrdAx1Dz0nXPspHiycWUACts58rHXhJsfiUYWLk5zHKSBvu5pPItB_gdyHSPuyVEtP0Y,TOTAL_POINTS,HIDE_OVERALL_GRADE
867761549693,05. 5-В клас. Інформатика (Гр. 1) (2026-2027),ACTIVE,,t6t7yopw,True,https://classroom.google.com/c/ODY3NzYxNTQ5Njkz,112650800097094238847,2026-06-12T05:25:29Z,2026-06-12T05:47:57Z,c_classroom92877833@group.calendar.google.com,05_5_1_2026_2027_0eeebc4c@schoolgus.ukr.education,05_5_1_2026_2027_teachers_e12706cc@schoolgus.ukr.education,1dHoBsdMBVmXjWg6UStwR5vxrhMSZ918C3XicaduZrf7ow3NkpF9xAERimsxBnoXBzEkJUuTD,05. 5-В клас. Інформатика (Гр. 1) (2026-2027),https://drive.google.com/drive/folders/1dHoBsdMBVmXjWg6UStwR5vxrhMSZ918C3XicaduZrf7ow3NkpF9xAERimsxBnoXBzEkJUuTD,TOTAL_POINTS,HIDE_OVERALL_GRADE
867761707653,05. 5-В клас. Інформатика (Гр. 2) (2026-2027),ACTIVE,,gfj6dbbd,True,https://classroom.google.com/c/ODY3NzYxNzA3NjUz,112650800097094238847,2026-06-12T05:25:26Z,2026-06-12T05:47:40Z,c_classroomd1eb8fa1@group.calendar.google.com,05_5_2_2026_2027_4dcc62d5@schoolgus.ukr.education,05_5_2_2026_2027_teachers_721ba78b@schoolgus.ukr.education,1HCJWJ9ch6Dvx6o6hT1iCevIJDGDNg8MweqFoRgg81mtXg9diBSWLsuIItlxTKGpTD5gVIJZE,05. 5-В клас. Інформатика (Гр. 2) (2026-2027),https://drive.google.com/drive/folders/1HCJWJ9ch6Dvx6o6hT1iCevIJDGDNg8MweqFoRgg81mtXg9diBSWLsuIItlxTKGpTD5gVIJZE,TOTAL_POINTS,HIDE_OVERALL_GRADE
867761272864,05. 5-В клас. Технології (Трудове) (Гр. 2) (2026-2027),ACTIVE,,32eccjih,True,https://classroom.google.com/c/ODY3NzYxMjcyODY0,112650800097094238847,2026-06-12T05:25:33Z,2026-06-12T05:25:33Z,c_classroom2a73e58f@group.calendar.google.com,05_5_2_2026_2027_a98d2614@schoolgus.ukr.education,05_5_2_2026_2027_teachers_ca789f54@schoolgus.ukr.education,1roEzm4TzTJlE0ZrIPVM9igySSaAbHN6B8upNjiS4tsswwBNcRdxJLWjLGEJN3CHT6CMRoIUv,05. 5-В клас. Технології (Трудове) (Гр. 2) (2026-2027),https://drive.google.com/drive/folders/1roEzm4TzTJlE0ZrIPVM9igySSaAbHN6B8upNjiS4tsswwBNcRdxJLWjLGEJN3CHT6CMRoIUv,TOTAL_POINTS,HIDE_OVERALL_GRADE
867759560500,05. 5-В клас. Технології (Трудове) (Гр. 1) (2026-2027),ACTIVE,,3fqdapto,True,https://classroom.google.com/c/ODY3NzU5NTYwNTAw,112650800097094238847,2026-06-12T05:25:22Z,2026-06-12T05:47:24Z,c_classroomd5244a32@group.calendar.google.com,05_5_1_2026_2027_e64ec3ed@schoolgus.ukr.education,05_5_1_2026_2027_teachers_f2c9f45d@schoolgus.ukr.education,1wBYQBgv7URs06uyF5V3PUEdGg3DRXtDoLMtmX-MXorG8W81HSy7yATddH7ga6OAtQgGI7aZQ,05. 5-В клас. Технології (Трудове) (Гр. 1) (2026-2027),https://drive.google.com/drive/folders/1wBYQBgv7URs06uyF5V3PUEdGg3DRXtDoLMtmX-MXorG8W81HSy7yATddH7ga6OAtQgGI7aZQ,TOTAL_POINTS,HIDE_OVERALL_GRADE
867761865129,05. 5-В клас. Мистецтво (2026-2027),ACTIVE,,ycoqhz2d,True,https://classroom.google.com/c/ODY3NzYxODY1MTI5,112650800097094238847,2026-06-12T05:25:37Z,2026-06-12T05:48:18Z,c_classroom3aabb750@group.calendar.google.com,05_5_2026_2027_4c8e437a@schoolgus.ukr.education,05_5_2026_2027_teachers_3fbadf0c@schoolgus.ukr.education,178FzLbtVkLqi2x8R9HN7winFkXfdtfVhRr6b5wJoPZTW1H6wIYN5WmRZ5MzCeH9mGWanar9j,05. 5-В клас. Мистецтво (2026-2027),https://drive.google.com/drive/folders/178FzLbtVkLqi2x8R9HN7winFkXfdtfVhRr6b5wJoPZTW1H6wIYN5WmRZ5MzCeH9mGWanar9j,TOTAL_POINTS,HIDE_OVERALL_GRADE
867760029722,05. 5-В клас. Логіка (2026-2027),ACTIVE,,p2w4kbes,True,https://classroom.google.com/c/ODY3NzYwMDI5NzIy,112650800097094238847,2026-06-12T05:25:40Z,2026-06-12T05:48:33Z,c_classroom23053a2e@group.calendar.google.com,05_5_2026_2027_fc68b341@schoolgus.ukr.education,05_5_2026_2027_teachers_f5bb1b77@schoolgus.ukr.education,1B1MF7nVutcQB6lFTFd3Wa6K4tjYUEZZG34t85ufGDjWzlRysFCZbSzWrFkqoaHO9cEbczKsn,05. 5-В клас. Логіка (2026-2027),https://drive.google.com/drive/folders/1B1MF7nVutcQB6lFTFd3Wa6K4tjYUEZZG34t85ufGDjWzlRysFCZbSzWrFkqoaHO9cEbczKsn,TOTAL_POINTS,HIDE_OVERALL_GRADE
867746491896,05. 5-В клас. Друга мова (Польська) (Гр. 2) (2026-2027),ACTIVE,,pziyrqvr,True,https://classroom.google.com/c/ODY3NzQ2NDkxODk2,112650800097094238847,2026-06-12T05:25:44Z,2026-06-12T05:48:49Z,c_classroom45e9b5fa@group.calendar.google.com,05_5_2_2026_2027_76d9db4e@schoolgus.ukr.education,05_5_2_2026_2027_teachers_73f22510@schoolgus.ukr.education,1YXYKUIWWaAgm-8OPYAfj7Qa95RWQrZYufr_UhiIqoB44_golVmDG8ObugDKWBS_6zISguYVh,05. 5-В клас. Друга мова (Польська) (Гр. 2) (2026-2027),https://drive.google.com/drive/folders/1YXYKUIWWaAgm-8OPYAfj7Qa95RWQrZYufr_UhiIqoB44_golVmDG8ObugDKWBS_6zISguYVh,TOTAL_POINTS,HIDE_OVERALL_GRADE
867761804871,05. 5-В клас. Фізична культура (2026-2027),ACTIVE,,dkrecoc3,True,https://classroom.google.com/c/ODY3NzYxODA0ODcx,112650800097094238847,2026-06-12T05:25:47Z,2026-06-12T05:25:47Z,c_classroom9ce52b1c@group.calendar.google.com,05_5_2026_2027_6f330bb2@schoolgus.ukr.education,05_5_2026_2027_teachers_d18d20fb@schoolgus.ukr.education,1hDQBfZ4zsL7VzJ-83JiAo4IGh0hYcEE8hqm5zMDnYe8AgzinsgxZfIf_wFKJJKlJIM-_TVDQ,05. 5-В клас. Фізична культура (2026-2027),https://drive.google.com/drive/folders/1hDQBfZ4zsL7VzJ-83JiAo4IGh0hYcEE8hqm5zMDnYe8AgzinsgxZfIf_wFKJJKlJIM-_TVDQ,TOTAL_POINTS,HIDE_OVERALL_GRADE
867759714687,05. 5-В клас. Друга мова (Польська) (Гр. 1) (2026-2027),ACTIVE,,q5atlvvw,True,https://classroom.google.com/c/ODY3NzU5NzE0Njg3,112650800097094238847,2026-06-12T05:25:50Z,2026-06-12T05:49:10Z,c_classroom88db2469@group.calendar.google.com,05_5_1_2026_2027_b125bc9d@schoolgus.ukr.education,05_5_1_2026_2027_teachers_46b61f8e@schoolgus.ukr.education,1xI779sgWwHbKHL4iqBBghNJ89tFCyKKkDKGgdlQ4N-eRJrupiVZgZBOdgZ51cnUDG0qd8sLB,05. 5-В клас. Друга мова (Польська) (Гр. 1) (2026-2027),https://drive.google.com/drive/folders/1xI779sgWwHbKHL4iqBBghNJ89tFCyKKkDKGgdlQ4N-eRJrupiVZgZBOdgZ51cnUDG0qd8sLB,TOTAL_POINTS,HIDE_OVERALL_GRADE
867761800852,05. 5-В клас. Основи християнської етики (2026-2027),ACTIVE,,oilreebx,True,https://classroom.google.com/c/ODY3NzYxODAwODUy,112650800097094238847,2026-06-12T05:25:54Z,2026-06-12T05:49:41Z,c_classroom046a5e67@group.calendar.google.com,05_5_2026_2027_be99bf7a@schoolgus.ukr.education,05_5_2026_2027_teachers_e177460f@schoolgus.ukr.education,1baIihS5P4LaMkFVCQeGxsG9gAupTwjJ4Lg3qv23czBcbBd0dXetnpMMywzM7nqUhb1Fcxbrm,05. 5-В клас. Основи християнської етики (2026-2027),https://drive.google.com/drive/folders/1baIihS5P4LaMkFVCQeGxsG9gAupTwjJ4Lg3qv23czBcbBd0dXetnpMMywzM7nqUhb1Fcxbrm,TOTAL_POINTS,HIDE_OVERALL_GRADE
867399024932,05. 5-Б клас. Основи християнської етики (2026-2027),ACTIVE,Середня школа • Спецкурс,dbsrquhh,True,https://classroom.google.com/c/ODY3Mzk5MDI0OTMy,112650800097094238847,2026-06-08T20:19:40Z,2026-06-08T20:41:37Z,c_classroomc0dcc1b2@group.calendar.google.com,05_5_2026_2027_5603a1df@schoolgus.ukr.education,05_5_2026_2027_teachers_a7f070af@schoolgus.ukr.education,1xzIh0aaI2axJZF_11tfoa41YtkmMEEvWHTVlKf4RjIpD1sGGv25SOE7SHZBEVVqVz-lFgSnd,05. 5-Б клас. Основи християнської етики (2026-2027) Середня школа • Спецкурс,https://drive.google.com/drive/folders/1xzIh0aaI2axJZF_11tfoa41YtkmMEEvWHTVlKf4RjIpD1sGGv25SOE7SHZBEVVqVz-lFgSnd,TOTAL_POINTS,HIDE_OVERALL_GRADE
867398994904,05. 5-Б клас. Друга мова (Польська) (Гр. 1) (2026-2027),ACTIVE,Середня школа • Спецкурс,ohg74obi,True,https://classroom.google.com/c/ODY3Mzk4OTk0OTA0,112650800097094238847,2026-06-08T20:19:40Z,2026-06-08T20:41:57Z,c_classroom863d5fbc@group.calendar.google.com,05_5_1_2026_2027_6eb0f8d4@schoolgus.ukr.education,05_5_1_2026_2027_teachers_bbc22e30@schoolgus.ukr.education,1R6dXvMUWT8t8L51A16bCU5HFhvGyCQtUU9YA8UuHEJsi9-F2UJma0hWU2RQp3bhtdNGeQHY_,05. 5-Б клас. Друга мова (Польська) (Гр. 1) (2026-2027) Середня школа • Спецкурс,https://drive.google.com/drive/folders/1R6dXvMUWT8t8L51A16bCU5HFhvGyCQtUU9YA8UuHEJsi9-F2UJma0hWU2RQp3bhtdNGeQHY_,TOTAL_POINTS,HIDE_OVERALL_GRADE
867398475024,05. 5-Б клас. Фізична культура (2026-2027),ACTIVE,Середня школа,xzhjtpgb,True,https://classroom.google.com/c/ODY3Mzk4NDc1MDI0,112650800097094238847,2026-06-08T20:19:40Z,2026-06-08T20:42:19Z,c_classroomcddb9b79@group.calendar.google.com,05_5_2026_2027_43275220@schoolgus.ukr.education,05_5_2026_2027_teachers_6c72640a@schoolgus.ukr.education,1MyMagXOlU_3O9THBa4TaM9LPftV42Mn1W774hyk0DiCCKMXZn1BAVxn4tdvDFvzpiWDZ1qkD,05. 5-Б клас. Фізична культура (2026-2027) Середня школа,https://drive.google.com/drive/folders/1MyMagXOlU_3O9THBa4TaM9LPftV42Mn1W774hyk0DiCCKMXZn1BAVxn4tdvDFvzpiWDZ1qkD,TOTAL_POINTS,HIDE_OVERALL_GRADE
867383686133,05. 5-Б клас. Друга мова (Польська) (Гр. 2) (2026-2027),ACTIVE,Середня школа • Спецкурс,6sxmv7df,True,https://classroom.google.com/c/ODY3MzgzNjg2MTMz,112650800097094238847,2026-06-08T20:19:41Z,2026-06-08T20:19:41Z,c_classroom1650c764@group.calendar.google.com,05_5_2_2026_2027_87597051@schoolgus.ukr.education,05_5_2_2026_2027_teachers_2ced3287@schoolgus.ukr.education,12D5NfzQv39B3iD1QDMCganvvnPJBZGLFRXYRah4JilHpSUyC0_9OM9q4XlctS7f6fPg4eXG_,05. 5-Б клас. Друга мова (Польська) (Гр. 2) (2026-2027) Середня школа • Спецкурс,https://drive.google.com/drive/folders/12D5NfzQv39B3iD1QDMCganvvnPJBZGLFRXYRah4JilHpSUyC0_9OM9q4XlctS7f6fPg4eXG_,TOTAL_POINTS,HIDE_OVERALL_GRADE
867400169428,05. 5-Б клас. Мистецтво (2026-2027),ACTIVE,Середня школа,toizd3y4,True,https://classroom.google.com/c/ODY3NDAwMTY5NDI4,112650800097094238847,2026-06-08T20:19:44Z,2026-06-08T20:42:58Z,c_classroomee0516a5@group.calendar.google.com,05_5_2026_2027_c8933481@schoolgus.ukr.education,05_5_2026_2027_teachers_18b5e46f@schoolgus.ukr.education,1xzTGdwhT8XrV0LO50mzpItkh__uKRLNfhygOXDHC908GlMeFxdLuhvikXfvu58G3B8CkWHxC,05. 5-Б клас. Мистецтво (2026-2027) Середня школа,https://drive.google.com/drive/folders/1xzTGdwhT8XrV0LO50mzpItkh__uKRLNfhygOXDHC908GlMeFxdLuhvikXfvu58G3B8CkWHxC,TOTAL_POINTS,HIDE_OVERALL_GRADE
867399627744,05. 5-Б клас. Логіка (2026-2027),ACTIVE,Середня школа • Спецкурс,pdpu3m6k,True,https://classroom.google.com/c/ODY3Mzk5NjI3NzQ0,112650800097094238847,2026-06-08T20:19:41Z,2026-06-08T20:42:41Z,c_classroom55d7c73b@group.calendar.google.com,05_5_2026_2027_5c4d1c90@schoolgus.ukr.education,05_5_2026_2027_teachers_3d0820bb@schoolgus.ukr.education,1DxqF05MZQiCh5I2Bw9MlyGZ4etjNO0wNugmnkKX0uq_EfrPngWXbTJBjkBtAwLAgPhztaRJL,05. 5-Б клас. Логіка (2026-2027) Середня школа • Спецкурс,https://drive.google.com/drive/folders/1DxqF05MZQiCh5I2Bw9MlyGZ4etjNO0wNugmnkKX0uq_EfrPngWXbTJBjkBtAwLAgPhztaRJL,TOTAL_POINTS,HIDE_OVERALL_GRADE
867379495561,05. 5-Б клас. Технології (Трудове) (Гр. 2) (2026-2027),ACTIVE,Середня школа,kv45pyer,True,https://classroom.google.com/c/ODY3Mzc5NDk1NTYx,112650800097094238847,2026-06-08T20:19:44Z,2026-06-08T20:43:38Z,c_classroom5ff12b60@group.calendar.google.com,05_5_2_2026_2027_3cb6310e@schoolgus.ukr.education,05_5_2_2026_2027_teachers_8fb5cd29@schoolgus.ukr.education,1NnOKAdbi2eziQWj00ppoY1s2tDmXHwTz-1MCY3xAqMKXRLRj9JvkmZ1s7WM26fGP7TLsz8c8,05. 5-Б клас. Технології (Трудове) (Гр. 2) (2026-2027) Середня школа,https://drive.google.com/drive/folders/1NnOKAdbi2eziQWj00ppoY1s2tDmXHwTz-1MCY3xAqMKXRLRj9JvkmZ1s7WM26fGP7TLsz8c8,TOTAL_POINTS,HIDE_OVERALL_GRADE
867400270244,05. 5-Б клас. Інформатика (Гр. 1) (2026-2027),ACTIVE,Середня школа,hg63urrb,True,https://classroom.google.com/c/ODY3NDAwMjcwMjQ0,112650800097094238847,2026-06-08T20:19:44Z,2026-06-08T20:19:44Z,c_classroome48f5048@group.calendar.google.com,05_5_1_2026_2027_eca21896@schoolgus.ukr.education,05_5_1_2026_2027_teachers_436476c9@schoolgus.ukr.education,1-CF4xiKZE85Q8SiDoDAsWevSFEn4BsPjlwfSdqveJCFkrDsVhyIcB2jHfJVb3uiYiNepJw5F,05. 5-Б клас. Інформатика (Гр. 1) (2026-2027) Середня школа,https://drive.google.com/drive/folders/1-CF4xiKZE85Q8SiDoDAsWevSFEn4BsPjlwfSdqveJCFkrDsVhyIcB2jHfJVb3uiYiNepJw5F,TOTAL_POINTS,HIDE_OVERALL_GRADE
867388482526,05. 5-Б клас. Інформатика (Гр. 2) (2026-2027),ACTIVE,Середня школа,5od47zdg,True,https://classroom.google.com/c/ODY3Mzg4NDgyNTI2,112650800097094238847,2026-06-08T20:19:44Z,2026-06-08T20:43:18Z,c_classroom7ab8f48c@group.calendar.google.com,05_5_2_2026_2027_8035df3b@schoolgus.ukr.education,05_5_2_2026_2027_teachers_0ba91b6a@schoolgus.ukr.education,1YK-KXQs3cwOgLuroxWE50M-l03hHSmJVkP-1oG__B0liFjTNhPXRKxOzQgnuAwvsGZOAdWYn,05. 5-Б клас. Інформатика (Гр. 2) (2026-2027) Середня школа,https://drive.google.com/drive/folders/1YK-KXQs3cwOgLuroxWE50M-l03hHSmJVkP-1oG__B0liFjTNhPXRKxOzQgnuAwvsGZOAdWYn,TOTAL_POINTS,HIDE_OVERALL_GRADE
867400141148,05. 5-Б клас. Технології (Трудове) (Гр. 1) (2026-2027),ACTIVE,Середня школа,i24k73ed,True,https://classroom.google.com/c/ODY3NDAwMTQxMTQ4,112650800097094238847,2026-06-08T20:19:44Z,2026-06-08T20:43:54Z,c_classroom490efff8@group.calendar.google.com,05_5_1_2026_2027_e9d05b52@schoolgus.ukr.education,05_5_1_2026_2027_teachers_3693ea1e@schoolgus.ukr.education,1pcVsWE05euVzeGPyxnPgyzDf3_i70vs7bzisNTH0Op8EHZHQb57dDqfgfEXi888aEm9KOCy_,05. 5-Б клас. Технології (Трудове) (Гр. 1) (2026-2027) Середня школа,https://drive.google.com/drive/folders/1pcVsWE05euVzeGPyxnPgyzDf3_i70vs7bzisNTH0Op8EHZHQb57dDqfgfEXi888aEm9KOCy_,TOTAL_POINTS,HIDE_OVERALL_GRADE
867398475040,05. 5-Б клас. Англійська мова (Гр. 1) (2026-2027),ACTIVE,Середня школа,q5e4y6mf,True,https://classroom.google.com/c/ODY3Mzk4NDc1MDQw,112650800097094238847,2026-06-08T20:19:48Z,2026-06-08T20:44:11Z,c_classroomed7ef9b4@group.calendar.google.com,05_5_1_2026_2027_3a9140f3@schoolgus.ukr.education,05_5_1_2026_2027_teachers_8e14a281@schoolgus.ukr.education,1xe14_2lGqgs368gRIt0rzLK3oSuPs2liCTx5fWnQMt80oaBBUdVKhyrJqlo1WAEZNiwlG9Be,05. 5-Б клас. Англійська мова (Гр. 1) (2026-2027) Середня школа,https://drive.google.com/drive/folders/1xe14_2lGqgs368gRIt0rzLK3oSuPs2liCTx5fWnQMt80oaBBUdVKhyrJqlo1WAEZNiwlG9Be,TOTAL_POINTS,HIDE_OVERALL_GRADE
867399230602,05. 5-Б клас. Англійська мова (Гр. 2) (2026-2027),ACTIVE,Середня школа,76fqp2q6,True,https://classroom.google.com/c/ODY3Mzk5MjMwNjAy,112650800097094238847,2026-06-08T20:19:48Z,2026-06-08T20:19:48Z,c_classroom3e47d704@group.calendar.google.com,05_5_2_2026_2027_ba0f2010@schoolgus.ukr.education,05_5_2_2026_2027_teachers_f085d882@schoolgus.ukr.education,1e3z8V0JrRXLVObW_1zSl07-jePy-A5xENwAfFCe9s1ys_06miadg51eXHm7yOH5wxtm8Hu7q,05. 5-Б клас. Англійська мова (Гр. 2) (2026-2027) Середня школа,https://drive.google.com/drive/folders/1e3z8V0JrRXLVObW_1zSl07-jePy-A5xENwAfFCe9s1ys_06miadg51eXHm7yOH5wxtm8Hu7q,TOTAL_POINTS,HIDE_OVERALL_GRADE
867400215541,05. 5-Б клас. Математика (2026-2027),ACTIVE,Середня школа,wjkgtwu4,True,https://classroom.google.com/c/ODY3NDAwMjE1NTQx,112650800097094238847,2026-06-08T20:19:48Z,2026-06-08T20:44:29Z,c_classroom1329402a@group.calendar.google.com,05_5_2026_2027_72895a2a@schoolgus.ukr.education,05_5_2026_2027_teachers_7ede4313@schoolgus.ukr.education,1ameoty7adtULwkmxEi4ITwtkdhDT_lONdgIaEnO3ieFxpZlBJzcscQfmZRXoKipMvXWPOwAy,05. 5-Б клас. Математика (2026-2027) Середня школа,https://drive.google.com/drive/folders/1ameoty7adtULwkmxEi4ITwtkdhDT_lONdgIaEnO3ieFxpZlBJzcscQfmZRXoKipMvXWPOwAy,TOTAL_POINTS,HIDE_OVERALL_GRADE
867399197602,05. 5-Б клас. Зарубіжна література (2026-2027),ACTIVE,Середня школа,qagqf5g7,True,https://classroom.google.com/c/ODY3Mzk5MTk3NjAy,112650800097094238847,2026-06-08T20:19:51Z,2026-06-08T20:19:51Z,c_classroom6ee5d064@group.calendar.google.com,05_5_2026_2027_8cdfda78@schoolgus.ukr.education,05_5_2026_2027_teachers_1131a5ee@schoolgus.ukr.education,1jiQaTr3T_TPGfabJ23ItfmzMAX5Ddgt4N4fwK6uxygTwEW7J6gayG_jVS0zxFW6p8hWjTk7u,05. 5-Б клас. Зарубіжна література (2026-2027) Середня школа,https://drive.google.com/drive/folders/1jiQaTr3T_TPGfabJ23ItfmzMAX5Ddgt4N4fwK6uxygTwEW7J6gayG_jVS0zxFW6p8hWjTk7u,TOTAL_POINTS,HIDE_OVERALL_GRADE
867400128322,05. 5-Б клас. Вступ до історії України (2026-2027),ACTIVE,Середня школа,g7anvqxy,True,https://classroom.google.com/c/ODY3NDAwMTI4MzIy,112650800097094238847,2026-06-08T20:19:48Z,2026-06-08T20:45:10Z,c_classroom698a2d19@group.calendar.google.com,05_5_2026_2027_fdbf53bb@schoolgus.ukr.education,05_5_2026_2027_teachers_d54468d1@schoolgus.ukr.education,1lmWOW1I3mASnKj14acRbgMh0XfNwA_C4iUdidMJa30nQRcW3pcl2zPyDHBiqpEmO1Hlxb5zg,05. 5-Б клас. Вступ до історії України (2026-2027) Середня школа,https://drive.google.com/drive/folders/1lmWOW1I3mASnKj14acRbgMh0XfNwA_C4iUdidMJa30nQRcW3pcl2zPyDHBiqpEmO1Hlxb5zg,TOTAL_POINTS,HIDE_OVERALL_GRADE
867400251453,05. 5-Б клас. Українська мова (2026-2027),ACTIVE,Середня школа,qqkmypdv,True,https://classroom.google.com/c/ODY3NDAwMjUxNDUz,112650800097094238847,2026-06-08T20:19:52Z,2026-06-08T20:45:45Z,c_classroom4d39764e@group.calendar.google.com,05_5_2026_2027_892d993b@schoolgus.ukr.education,05_5_2026_2027_teachers_c9b0a022@schoolgus.ukr.education,12ivf0xT9UwhwSU66RLTCdMHu5ZspwKlewk8Yn5czI-XrIPXVm-o-AYCbILDlii_DRsA00Qru,05. 5-Б клас. Українська мова (2026-2027) Середня школа,https://drive.google.com/drive/folders/12ivf0xT9UwhwSU66RLTCdMHu5ZspwKlewk8Yn5czI-XrIPXVm-o-AYCbILDlii_DRsA00Qru,TOTAL_POINTS,HIDE_OVERALL_GRADE
867399032607,05. 5-Б клас. Українська література (2026-2027),ACTIVE,Середня школа,2gim24a5,True,https://classroom.google.com/c/ODY3Mzk5MDMyNjA3,112650800097094238847,2026-06-08T20:19:52Z,2026-06-08T20:45:30Z,,05_5_2026_2027_1a58591f@schoolgus.ukr.education,05_5_2026_2027_teachers_1132127f@schoolgus.ukr.education,1dNv7V_AhGNNSFqYGfnA2vr18dVI3QoV1-ASJMm9oI_yHTFboxbRaB5UDdfc2pmxi7exW6tF8,05. 5-Б клас. Українська література (2026-2027) Середня школа,https://drive.google.com/drive/folders/1dNv7V_AhGNNSFqYGfnA2vr18dVI3QoV1-ASJMm9oI_yHTFboxbRaB5UDdfc2pmxi7exW6tF8,TOTAL_POINTS,HIDE_OVERALL_GRADE
867399599207,05. 5-Б клас. Пізнаємо природу (2026-2027),ACTIVE,Середня школа,zagtokbj,True,https://classroom.google.com/c/ODY3Mzk5NTk5MjA3,112650800097094238847,2026-06-08T20:19:48Z,2026-06-08T20:44:53Z,c_classroom1fc16cd5@group.calendar.google.com,05_5_2026_2027_2383737f@schoolgus.ukr.education,05_5_2026_2027_teachers_46d28084@schoolgus.ukr.education,1_VJI4oVvVbJhCtrhD2CF_ylJEbzF3czTmqDrKO3nIyIK0q2IpeL9YXkia3OrLURzFrrsL2UY,05. 5-Б клас. Пізнаємо природу (2026-2027) Середня школа,https://drive.google.com/drive/folders/1_VJI4oVvVbJhCtrhD2CF_ylJEbzF3czTmqDrKO3nIyIK0q2IpeL9YXkia3OrLURzFrrsL2UY,TOTAL_POINTS,HIDE_OVERALL_GRADE
867394748201,06. 6 клас. Екстернат (2026-2027),ACTIVE,Екстернат,usxmk6ar,True,https://classroom.google.com/c/ODY3Mzk0NzQ4MjAx,112650800097094238847,2026-06-08T19:28:00Z,2026-06-12T09:05:25Z,c_classroom7fc3df79@group.calendar.google.com,06_6_2026_2027_7a578abc@schoolgus.ukr.education,06_6_2026_2027_teachers_de4534b9@schoolgus.ukr.education,1-pwuwnF5CrA4W5QLbOdFAzYG8XL5TtmUtAePCR07H4P48YGAfK5vUe0plMcQ28zSKHTRx_w3,06. 6 клас. Екстернат (2026-2027) Екстернат,https://drive.google.com/drive/folders/1-pwuwnF5CrA4W5QLbOdFAzYG8XL5TtmUtAePCR07H4P48YGAfK5vUe0plMcQ28zSKHTRx_w3,TOTAL_POINTS,HIDE_OVERALL_GRADE
867395165268,06. 6-А клас. Основи християнської етики (2026-2027),ACTIVE,Середня школа • Спецкурс,7ut2mxbn,True,https://classroom.google.com/c/ODY3Mzk1MTY1MjY4,112650800097094238847,2026-06-08T19:28:00Z,2026-06-08T19:56:28Z,c_classroom24bbfc23@group.calendar.google.com,06_6_2026_2027_6993d835@schoolgus.ukr.education,06_6_2026_2027_teachers_d7aa57cd@schoolgus.ukr.education,13JPQiks4KXiQmFkvhzUHK4iho-4xqcjYI6PX51n8i4rH1ksmPaXF2x1Ax0dmDLZXHHYM5Oz3,06. 6-А клас. Основи християнської етики (2026-2027) Середня школа • Спецкурс,https://drive.google.com/drive/folders/13JPQiks4KXiQmFkvhzUHK4iho-4xqcjYI6PX51n8i4rH1ksmPaXF2x1Ax0dmDLZXHHYM5Oz3,TOTAL_POINTS,HIDE_OVERALL_GRADE
867395053468,06. 6-А клас. Друга мова (Польська) (Гр. 1) (2026-2027),ACTIVE,Середня школа • Спецкурс,prnx4uld,True,https://classroom.google.com/c/ODY3Mzk1MDUzNDY4,112650800097094238847,2026-06-08T19:27:59Z,2026-06-08T19:55:56Z,c_classroom6010adb7@group.calendar.google.com,06_6_1_2026_2027_af2b1fec@schoolgus.ukr.education,06_6_1_2026_2027_teachers_803877f0@schoolgus.ukr.education,1dxl6QWQf4-vH59DOv0ESjMH2c3UnSZfaerpf75Vsky15FI8RCyXoVG8FZuKSAHW1eEHK6QyE,06. 6-А клас. Друга мова (Польська) (Гр. 1) (2026-2027) Середня школа • Спецкурс,https://drive.google.com/drive/folders/1dxl6QWQf4-vH59DOv0ESjMH2c3UnSZfaerpf75Vsky15FI8RCyXoVG8FZuKSAHW1eEHK6QyE,TOTAL_POINTS,HIDE_OVERALL_GRADE
867395279463,06. 6-А клас. Друга мова (Польська) (Гр. 2) (2026-2027),ACTIVE,Середня школа • Спецкурс,ogdyff4i,True,https://classroom.google.com/c/ODY3Mzk1Mjc5NDYz,112650800097094238847,2026-06-08T19:28:00Z,2026-06-08T19:56:42Z,c_classroom3e387db3@group.calendar.google.com,06_6_2_2026_2027_6dab618d@schoolgus.ukr.education,06_6_2_2026_2027_teachers_a4168d4b@schoolgus.ukr.education,1pmbAPNvUSJ-v5izmvEoAE7LiUAs2KUm4p8tYTtZt2Q-jDmGybP46mtqDUbJkKBVAXh4pNqGk,06. 6-А клас. Друга мова (Польська) (Гр. 2) (2026-2027) Середня школа • Спецкурс,https://drive.google.com/drive/folders/1pmbAPNvUSJ-v5izmvEoAE7LiUAs2KUm4p8tYTtZt2Q-jDmGybP46mtqDUbJkKBVAXh4pNqGk,TOTAL_POINTS,HIDE_OVERALL_GRADE
867394993183,06. 6-А клас. Логіка (2026-2027),ACTIVE,Середня школа • Спецкурс,vum7sobq,True,https://classroom.google.com/c/ODY3Mzk0OTkzMTgz,112650800097094238847,2026-06-08T19:28:00Z,2026-06-08T19:28:00Z,c_classroom89e8b306@group.calendar.google.com,06_6_2026_2027_b9b384c7@schoolgus.ukr.education,06_6_2026_2027_teachers_b4e70575@schoolgus.ukr.education,1nSu9vBSzh9UUfCDws-Z-TAp5337uVXncaHVWR2PHqEg15-AEtn_K1z2WhXmtkFkJfYQVYrUz,06. 6-А клас. Логіка (2026-2027) Середня школа • Спецкурс,https://drive.google.com/drive/folders/1nSu9vBSzh9UUfCDws-Z-TAp5337uVXncaHVWR2PHqEg15-AEtn_K1z2WhXmtkFkJfYQVYrUz,TOTAL_POINTS,HIDE_OVERALL_GRADE
867395381673,06. 6-А клас. Физична культура (2026-2027),ACTIVE,Середня школа,rrpfjiue,True,https://classroom.google.com/c/ODY3Mzk1MzgxNjcz,112650800097094238847,2026-06-08T19:27:57Z,2026-06-08T19:55:20Z,c_classroomf1c4fab5@group.calendar.google.com,06_6_2026_2027_339016b2@schoolgus.ukr.education,06_6_2026_2027_teachers_339f30ce@schoolgus.ukr.education,1ugmRtJrucwqkPKtKTVKqTqB9IgNRmix7iTLLzjrVqdEvzDEyossKJYfI3ITvf1e4LHbATxJH,06. 6-А клас. Физична культура (2026-2027) Середня школа,https://drive.google.com/drive/folders/1ugmRtJrucwqkPKtKTVKqTqB9IgNRmix7iTLLzjrVqdEvzDEyossKJYfI3ITvf1e4LHbATxJH,TOTAL_POINTS,HIDE_OVERALL_GRADE
867395140414,06. 6-А клас. Технології (Трудове) (Гр. 2) (2026-2027),ACTIVE,Середня школа,a2m52gmp,True,https://classroom.google.com/c/ODY3Mzk1MTQwNDE0,112650800097094238847,2026-06-08T19:27:57Z,2026-06-08T19:55:06Z,c_classroom265df839@group.calendar.google.com,06_6_2_2026_2027_a16de683@schoolgus.ukr.education,06_6_2_2026_2027_teachers_605f8bbd@schoolgus.ukr.education,1xNRHh_D9_NamQmJP_KiOG_PIA_b10hTPQR45rei-EqIj890ZWaj9ooWW1U8caEt2jdGRceN6,06. 6-А клас. Технології (Трудове) (Гр. 2) (2026-2027) Середня школа,https://drive.google.com/drive/folders/1xNRHh_D9_NamQmJP_KiOG_PIA_b10hTPQR45rei-EqIj890ZWaj9ooWW1U8caEt2jdGRceN6,TOTAL_POINTS,HIDE_OVERALL_GRADE
819800251319,06. 6-А клас. Мистецтво (2026-2027),ACTIVE,Середня школа,m7y6wz4j,True,https://classroom.google.com/c/ODE5ODAwMjUxMzE5,112650800097094238847,2026-06-08T19:27:57Z,2026-06-08T19:55:39Z,c_classroom907e0b19@group.calendar.google.com,06_6_2026_2027_1a8c1f05@schoolgus.ukr.education,06_6_2026_2027_teachers_b8e9d5a8@schoolgus.ukr.education,1wrjtV25y1DDkNoCGN007Kns7rjGzpcr7K5vuwaAwAGMWq-ny5QjVzeas2W1QOk62yh6ea9Zg,06. 6-А клас. Мистецтво (2026-2027) Середня школа,https://drive.google.com/drive/folders/1wrjtV25y1DDkNoCGN007Kns7rjGzpcr7K5vuwaAwAGMWq-ny5QjVzeas2W1QOk62yh6ea9Zg,TOTAL_POINTS,HIDE_OVERALL_GRADE
867394089843,06. 6-А клас. Технології (Трудове) (Гр. 1) (2026-2027),ACTIVE,Середня школа,odfpmkx4,True,https://classroom.google.com/c/ODY3Mzk0MDg5ODQz,112650800097094238847,2026-06-08T19:27:56Z,2026-06-08T19:54:29Z,c_classroomb17a95c1@group.calendar.google.com,06_6_1_2026_2027_a0570309@schoolgus.ukr.education,06_6_1_2026_2027_teachers_a9f82aec@schoolgus.ukr.education,1RDE0GxS4nYWODxbh9gu5qvsDZ4w3nAT3QvgyzeuUZIWMQf39gt8UC9GDMsyQcPG-mFH7mwdL,06. 6-А клас. Технології (Трудове) (Гр. 1) (2026-2027) Середня школа,https://drive.google.com/drive/folders/1RDE0GxS4nYWODxbh9gu5qvsDZ4w3nAT3QvgyzeuUZIWMQf39gt8UC9GDMsyQcPG-mFH7mwdL,TOTAL_POINTS,HIDE_OVERALL_GRADE
867395307820,06. 6-А клас. Інформатика (Гр. 2) (2026-2027),ACTIVE,Середня школа,ch2i6q3i,True,https://classroom.google.com/c/ODY3Mzk1MzA3ODIw,112650800097094238847,2026-06-08T19:27:56Z,2026-06-08T19:54:51Z,c_classroom1218f6f5@group.calendar.google.com,06_6_2_2026_2027_101b63a9@schoolgus.ukr.education,06_6_2_2026_2027_teachers_fad1abd5@schoolgus.ukr.education,1pwBjHd7psNKnRKCRvrDEtUynjuPBWuFlPJeArnYuHzCn41K1hgtIxFntCd2wTAZ0yb723T5l,06. 6-А клас. Інформатика (Гр. 2) (2026-2027) Середня школа,https://drive.google.com/drive/folders/1pwBjHd7psNKnRKCRvrDEtUynjuPBWuFlPJeArnYuHzCn41K1hgtIxFntCd2wTAZ0yb723T5l,TOTAL_POINTS,HIDE_OVERALL_GRADE
867394913143,06. 6-А клас. Інформатика (Гр. 1) (2026-2027),ACTIVE,Середня школа,kc4sb5hr,True,https://classroom.google.com/c/ODY3Mzk0OTEzMTQz,112650800097094238847,2026-06-08T19:27:53Z,2026-06-08T19:27:53Z,c_classroom4c4a3d74@group.calendar.google.com,06_6_1_2026_2027_2a72644f@schoolgus.ukr.education,06_6_1_2026_2027_teachers_06c6dd67@schoolgus.ukr.education,1SXYQE6NUMaF4OdZ7xm6xr1g1NwLqlKyVXtPny0KcqHy80wOsTbotXAFgZrFgMiVOuw6tChTw,06. 6-А клас. Інформатика (Гр. 1) (2026-2027) Середня школа,https://drive.google.com/drive/folders/1SXYQE6NUMaF4OdZ7xm6xr1g1NwLqlKyVXtPny0KcqHy80wOsTbotXAFgZrFgMiVOuw6tChTw,TOTAL_POINTS,HIDE_OVERALL_GRADE
867394773486,06. 6-А клас. Зарубіжна література (2026-2027),ACTIVE,Середня школа,5mgbatvt,True,https://classroom.google.com/c/ODY3Mzk0NzczNDg2,112650800097094238847,2026-06-08T19:27:53Z,2026-06-08T19:54:11Z,c_classroom965c2413@group.calendar.google.com,06_6_2026_2027_c24c94a3@schoolgus.ukr.education,06_6_2026_2027_teachers_d088e4cf@schoolgus.ukr.education,1v6fhCLd1FVqlp60EemPwVSvOOoB6Yv_1A5bcyxD4pp05ko9GPACxL5gjTwUx0taT9Ww54fbt,06. 6-А клас. Зарубіжна література (2026-2027) Середня школа,https://drive.google.com/drive/folders/1v6fhCLd1FVqlp60EemPwVSvOOoB6Yv_1A5bcyxD4pp05ko9GPACxL5gjTwUx0taT9Ww54fbt,TOTAL_POINTS,HIDE_OVERALL_GRADE
867395102557,06. 6-А клас. Пізнаємо природу (2026-2027),ACTIVE,Середня школа,n772b7mg,True,https://classroom.google.com/c/ODY3Mzk1MTAyNTU3,112650800097094238847,2026-06-08T19:27:53Z,2026-06-08T19:53:51Z,c_classroomaf02d48c@group.calendar.google.com,06_6_2026_2027_fb63972f@schoolgus.ukr.education,06_6_2026_2027_teachers_adf3eeb8@schoolgus.ukr.education,1pzPsX65xRjGtgFUXQOC-gQm0MNjog1wIB8LHTeBiAicGHnnL9wH6tdx56FMiMsGiC_jDD3cv,06. 6-А клас. Пізнаємо природу (2026-2027) Середня школа,https://drive.google.com/drive/folders/1pzPsX65xRjGtgFUXQOC-gQm0MNjog1wIB8LHTeBiAicGHnnL9wH6tdx56FMiMsGiC_jDD3cv,TOTAL_POINTS,HIDE_OVERALL_GRADE
819800136252,06. 6-А клас. Географія (2026-2027),ACTIVE,Середня школа,euegafxk,True,https://classroom.google.com/c/ODE5ODAwMTM2MjUy,112650800097094238847,2026-06-08T19:27:53Z,2026-06-08T19:53:35Z,c_classroom4f78a405@group.calendar.google.com,06_6_2026_2027_7c9b8f18@schoolgus.ukr.education,06_6_2026_2027_teachers_9aee88af@schoolgus.ukr.education,1AwfbuA2nIpIgzrd4wLQTY1NGfkPBERzE2i0bKDfgTg7lwlD6aRy0qLtq2pJDn3oXq2Sgx_fr,06. 6-А клас. Географія (2026-2027) Середня школа,https://drive.google.com/drive/folders/1AwfbuA2nIpIgzrd4wLQTY1NGfkPBERzE2i0bKDfgTg7lwlD6aRy0qLtq2pJDn3oXq2Sgx_fr,TOTAL_POINTS,HIDE_OVERALL_GRADE
867395408010,06. 6-А клас. Історія України. Всесвітня історія (2026-2027),ACTIVE,Середня школа,6pyfbj23,True,https://classroom.google.com/c/ODY3Mzk1NDA4MDEw,112650800097094238847,2026-06-08T19:27:52Z,2026-06-08T19:27:52Z,c_classroom5197fefd@group.calendar.google.com,06_6_2026_2027_e75b7f40@schoolgus.ukr.education,06_6_2026_2027_teachers_21d0e3e0@schoolgus.ukr.education,1K9_kYMx91SRI4fLEB3S9HQNu5_9TbMJ6dADzswpPaZwIVUzJBlbysdhJUZhxgMOgqUsX6FYk,06. 6-А клас. Історія України. Всесвітня історія (2026-2027) Середня школа,https://drive.google.com/drive/folders/1K9_kYMx91SRI4fLEB3S9HQNu5_9TbMJ6dADzswpPaZwIVUzJBlbysdhJUZhxgMOgqUsX6FYk,TOTAL_POINTS,HIDE_OVERALL_GRADE
867395139915,06. 6-А клас. Англійська мова (Гр. 1) (2026-2027),ACTIVE,Середня школа,zm5ewb3i,True,https://classroom.google.com/c/ODY3Mzk1MTM5OTE1,112650800097094238847,2026-06-08T19:27:49Z,2026-06-08T19:53:17Z,c_classroom08c3353a@group.calendar.google.com,06_6_1_2026_2027_dea4d9a2@schoolgus.ukr.education,06_6_1_2026_2027_teachers_9ae0b4d2@schoolgus.ukr.education,1J7ypAqYnUuejCUFm_ZUIMLw-VJRC-0u_bqgpnEh1m7Y0teJkxmwTGLUYF7omPHX7L5y7HiPG,06. 6-А клас. Англійська мова (Гр. 1) (2026-2027) Середня школа,https://drive.google.com/drive/folders/1J7ypAqYnUuejCUFm_ZUIMLw-VJRC-0u_bqgpnEh1m7Y0teJkxmwTGLUYF7omPHX7L5y7HiPG,TOTAL_POINTS,HIDE_OVERALL_GRADE
867395327327,06. 6-А клас. Математика (2026-2027),ACTIVE,Середня школа,ezyf5y4w,True,https://classroom.google.com/c/ODY3Mzk1MzI3MzI3,112650800097094238847,2026-06-08T19:27:49Z,2026-06-08T19:52:15Z,c_classroom79495a70@group.calendar.google.com,06_6_2026_2027_bff4f056@schoolgus.ukr.education,06_6_2026_2027_teachers_fbc95f17@schoolgus.ukr.education,1tcN0I_14d1WlYtCNpwmXMUkYXI1M3lsZjIO1-8i547jc5Ri7uMGzg1rPhGn0wR0F5b08XHhA,06. 6-А клас. Математика (2026-2027) Середня школа,https://drive.google.com/drive/folders/1tcN0I_14d1WlYtCNpwmXMUkYXI1M3lsZjIO1-8i547jc5Ri7uMGzg1rPhGn0wR0F5b08XHhA,TOTAL_POINTS,HIDE_OVERALL_GRADE
867395041278,06. 6-А клас. Українська література (2026-2027),ACTIVE,Середня школа,sbqkdtpb,True,https://classroom.google.com/c/ODY3Mzk1MDQxMjc4,112650800097094238847,2026-06-08T19:27:50Z,2026-06-08T19:27:50Z,c_classroome39770f7@group.calendar.google.com,06_6_2026_2027_530fdd19@schoolgus.ukr.education,06_6_2026_2027_teachers_b05c9b9a@schoolgus.ukr.education,1mblf0d9sPS7I1ezoAmUdJKe4aJ6gUCYjiwhKrSYtHcBxESr-_jghJE25hDeEolxizSHlAQlk,06. 6-А клас. Українська література (2026-2027) Середня школа,https://drive.google.com/drive/folders/1mblf0d9sPS7I1ezoAmUdJKe4aJ6gUCYjiwhKrSYtHcBxESr-_jghJE25hDeEolxizSHlAQlk,TOTAL_POINTS,HIDE_OVERALL_GRADE
867394252832,06. 6-А клас. Англійська мова (Гр. 2) (2026-2027),ACTIVE,Середня школа,f6j7inqh,True,https://classroom.google.com/c/ODY3Mzk0MjUyODMy,112650800097094238847,2026-06-08T19:27:49Z,2026-06-08T19:52:41Z,c_classroome4606e3e@group.calendar.google.com,06_6_2_2026_2027_f06732c3@schoolgus.ukr.education,06_6_2_2026_2027_teachers_02930216@schoolgus.ukr.education,1ft6LAKoLibTw83Ur5xO8DgJK96jIg5N2aOvwPT7XxpzUVBd07t219Yl7cvklhHQdyrtF3HYf,06. 6-А клас. Англійська мова (Гр. 2) (2026-2027) Середня школа,https://drive.google.com/drive/folders/1ft6LAKoLibTw83Ur5xO8DgJK96jIg5N2aOvwPT7XxpzUVBd07t219Yl7cvklhHQdyrtF3HYf,TOTAL_POINTS,HIDE_OVERALL_GRADE
867386203452,06. 6-А клас. Українська мова (2026-2027),ACTIVE,Середня школа,4loopmxf,True,https://classroom.google.com/c/ODY3Mzg2MjAzNDUy,112650800097094238847,2026-06-08T19:27:49Z,2026-06-08T19:53:00Z,c_classroom7ece24d0@group.calendar.google.com,06_6_2026_2027_069089a8@schoolgus.ukr.education,06_6_2026_2027_teachers_94597e35@schoolgus.ukr.education,1YAl4vxSRS0KBv0AumL0hlNhPe0bTcZ9T9-zdcM6bwVJMcwd3w-QgojhfT8V8WYuF22tiEwAr,06. 6-А клас. Українська мова (2026-2027) Середня школа,https://drive.google.com/drive/folders/1YAl4vxSRS0KBv0AumL0hlNhPe0bTcZ9T9-zdcM6bwVJMcwd3w-QgojhfT8V8WYuF22tiEwAr,TOTAL_POINTS,HIDE_OVERALL_GRADE
867375751568,05. 5-А клас. Друга мова (Польська) (Гр. 2) (2026-2027),ACTIVE,Середня школа • Спецкурс,adktkee5,True,https://classroom.google.com/c/ODY3Mzc1NzUxNTY4,112650800097094238847,2026-06-08T17:19:44Z,2026-06-08T19:23:15Z,c_classroom130cde03@group.calendar.google.com,05_5_2_2026_2027_15dd759c@schoolgus.ukr.education,05_5_2_2026_2027_teachers_fe350c59@schoolgus.ukr.education,1b4GrERPlBXvC6X0cmgOy3hBAWx4E780HMqvQae7LcnZThbWGXYlwvqZZJzd7JSSvHkXjvLwQ,05. 5-А клас. Друга мова (Польська) (Гр. 2) (2026-2027) Середня школа • Спецкурс,https://drive.google.com/drive/folders/1b4GrERPlBXvC6X0cmgOy3hBAWx4E780HMqvQae7LcnZThbWGXYlwvqZZJzd7JSSvHkXjvLwQ,TOTAL_POINTS,HIDE_OVERALL_GRADE
867378521134,05. 5-А клас. Друга мова (Польська) (Гр. 1) (2026-2027),ACTIVE,Середня школа • Спецкурс,6maw76aq,True,https://classroom.google.com/c/ODY3Mzc4NTIxMTM0,112650800097094238847,2026-06-08T17:19:38Z,2026-06-08T19:23:00Z,c_classroom0885b9dc@group.calendar.google.com,05_5_1_2026_2027_593efb30@schoolgus.ukr.education,05_5_1_2026_2027_teachers_c3b24821@schoolgus.ukr.education,16RuxOAvU--uia1Ipe3qy-_0CgUy0Fg_E9jjHHAreyT3oFbS5WidRzYYoJt4fhebl3Y8TgpvU,05. 5-А клас. Друга мова (Польська) (Гр. 1) (2026-2027) Середня школа • Спецкурс,https://drive.google.com/drive/folders/16RuxOAvU--uia1Ipe3qy-_0CgUy0Fg_E9jjHHAreyT3oFbS5WidRzYYoJt4fhebl3Y8TgpvU,TOTAL_POINTS,HIDE_OVERALL_GRADE
867377234839,05. 5-А клас. Логіка (2026-2027),ACTIVE,Середня школа • Спецкурс,dxxajg23,True,https://classroom.google.com/c/ODY3Mzc3MjM0ODM5,112650800097094238847,2026-06-08T17:19:32Z,2026-06-08T19:22:43Z,c_classroom8ff1c4d4@group.calendar.google.com,05_5_2026_2027_b4d18f74@schoolgus.ukr.education,05_5_2026_2027_teachers_b50a999e@schoolgus.ukr.education,1Y8fHLST57zF6Uw7uFrRg2NGx7QkcdhyWH7We-gc3jv0ZDUMxEfgYCUI-dp7U3QnR9vmXKB7m,05. 5-А клас. Логіка (2026-2027) Середня школа • Спецкурс,https://drive.google.com/drive/folders/1Y8fHLST57zF6Uw7uFrRg2NGx7QkcdhyWH7We-gc3jv0ZDUMxEfgYCUI-dp7U3QnR9vmXKB7m,TOTAL_POINTS,HIDE_OVERALL_GRADE
819798666398,05. 5-А клас. Основи християнської етики (2026-2027),ACTIVE,Середня школа • Спецкурс,47rjwx6v,True,https://classroom.google.com/c/ODE5Nzk4NjY2Mzk4,112650800097094238847,2026-06-08T17:19:26Z,2026-06-08T19:22:27Z,,05_5_2026_2027_54e49261@schoolgus.ukr.education,05_5_2026_2027_teachers_b631d424@schoolgus.ukr.education,11YpUD6Rfmre1try51PeQVqKi8j_x8ovVUUtG-qyLwdy3sMMbOFzVzKm0Z7OpJMMIRYxforYV,05. 5-А клас. Основи християнської етики (2026-2027) Середня школа • Спецкурс,https://drive.google.com/drive/folders/11YpUD6Rfmre1try51PeQVqKi8j_x8ovVUUtG-qyLwdy3sMMbOFzVzKm0Z7OpJMMIRYxforYV,TOTAL_POINTS,HIDE_OVERALL_GRADE
867377628712,05. 5-А клас. Фізична культура (2026-2027),ACTIVE,Середня школа,xaau6in4,True,https://classroom.google.com/c/ODY3Mzc3NjI4NzEy,112650800097094238847,2026-06-08T17:19:20Z,2026-06-08T19:22:08Z,c_classroom1d574edf@group.calendar.google.com,05_5_2026_2027_0e2871f9@schoolgus.ukr.education,05_5_2026_2027_teachers_c799ac78@schoolgus.ukr.education,1NSeW5ZajCco8wRb376jrtBYSuxEwbXbhEclkHDv82zoJlE281v4xz-mtRtsUNbjm84xhe9BT,05. 5-А клас. Фізична культура (2026-2027) Середня школа,https://drive.google.com/drive/folders/1NSeW5ZajCco8wRb376jrtBYSuxEwbXbhEclkHDv82zoJlE281v4xz-mtRtsUNbjm84xhe9BT,TOTAL_POINTS,HIDE_OVERALL_GRADE
819798674885,05. 5-А клас. Мистецтво (2026-2027),ACTIVE,Середня школа,4wksmzua,True,https://classroom.google.com/c/ODE5Nzk4Njc0ODg1,112650800097094238847,2026-06-08T17:19:14Z,2026-06-08T17:19:14Z,,05_5_2026_2027_a1137af6@schoolgus.ukr.education,05_5_2026_2027_teachers_6bd2c12f@schoolgus.ukr.education,1xP0t-DKOMNzU_4DgBlGySd7D_p6mMamiyzJHKO1XtTg1IRyKZtXWwn_WZ4VJkJS6-2KojCpy,05. 5-А клас. Мистецтво (2026-2027) Середня школа,https://drive.google.com/drive/folders/1xP0t-DKOMNzU_4DgBlGySd7D_p6mMamiyzJHKO1XtTg1IRyKZtXWwn_WZ4VJkJS6-2KojCpy,TOTAL_POINTS,HIDE_OVERALL_GRADE
867377886536,05. 5-А клас. Технології (Трудове) (Гр. 2) (2026-2027),ACTIVE,Середня школа,xsotp4vg,True,https://classroom.google.com/c/ODY3Mzc3ODg2NTM2,112650800097094238847,2026-06-08T17:19:08Z,2026-06-08T17:19:08Z,c_classroomfe7307f4@group.calendar.google.com,05_5_2_2026_2027_84660540@schoolgus.ukr.education,05_5_2_2026_2027_teachers_7c87599b@schoolgus.ukr.education,1z1HgHncYzwtLPcisaAhrOk5yJ6IvIXB_BeLIkM2n-cFO8WK24JPLngQvsXNczrGDPegX43oZ,05. 5-А клас. Технології (Трудове) (Гр. 2) (2026-2027) Середня школа,https://drive.google.com/drive/folders/1z1HgHncYzwtLPcisaAhrOk5yJ6IvIXB_BeLIkM2n-cFO8WK24JPLngQvsXNczrGDPegX43oZ,TOTAL_POINTS,HIDE_OVERALL_GRADE
867378182563,05. 5-А клас. Технології (Трудове) (Гр. 1) (2026-2027),ACTIVE,Середня школа,wyqlpkfh,True,https://classroom.google.com/c/ODY3Mzc4MTgyNTYz,112650800097094238847,2026-06-08T17:19:02Z,2026-06-08T19:21:52Z,c_classroomb6da63a2@group.calendar.google.com,05_5_1_2026_2027_9042d00d@schoolgus.ukr.education,05_5_1_2026_2027_teachers_05f3f172@schoolgus.ukr.education,11Ghh4vHu1ceXFp4s7M-wcGoFeZRsgbcSpeq-n-35N7DtZk0RL9q3PGxAUf9DwURQjibXbBqW,05. 5-А клас. Технології (Трудове) (Гр. 1) (2026-2027) Середня школа,https://drive.google.com/drive/folders/11Ghh4vHu1ceXFp4s7M-wcGoFeZRsgbcSpeq-n-35N7DtZk0RL9q3PGxAUf9DwURQjibXbBqW,TOTAL_POINTS,HIDE_OVERALL_GRADE
867378084948,"05. 5-А клас. Здоров’я, безпека та добробут (2026-2027)",ACTIVE,Середня школа,uvupuzln,True,https://classroom.google.com/c/ODY3Mzc4MDg0OTQ4,112650800097094238847,2026-06-08T17:18:56Z,2026-06-08T19:21:35Z,c_classroom349e3695@group.calendar.google.com,05_5_2026_2027_0ed26bb5@schoolgus.ukr.education,05_5_2026_2027_teachers_9e1c2494@schoolgus.ukr.education,1MrKpNdXzGlP8e-72ex2rOWk2tD41Vui-wrrc9Ss0bKWMb7pVTdX41hs_jLg13-qGMn3mvLDG,"05. 5-А клас. Здоров’я, безпека та добробут (2026-2027) Середня школа",https://drive.google.com/drive/folders/1MrKpNdXzGlP8e-72ex2rOWk2tD41Vui-wrrc9Ss0bKWMb7pVTdX41hs_jLg13-qGMn3mvLDG,TOTAL_POINTS,HIDE_OVERALL_GRADE
867376872299,05. 5-А клас. Інформатика (Гр. 2) (2026-2027),ACTIVE,Середня школа,sotkjk2q,True,https://classroom.google.com/c/ODY3Mzc2ODcyMjk5,112650800097094238847,2026-06-08T17:18:50Z,2026-06-08T19:21:19Z,c_classroom2cf45380@group.calendar.google.com,05_5_2_2026_2027_82063f08@schoolgus.ukr.education,05_5_2_2026_2027_teachers_18115b67@schoolgus.ukr.education,1TSEqWb-BKJrMMHeTISgv7BUNfBPwDSRlmyEkqg3kmZmJdZPc7Un74lpS2jXBcum2sXi6ZbW6,05. 5-А клас. Інформатика (Гр. 2) (2026-2027) Середня школа,https://drive.google.com/drive/folders/1TSEqWb-BKJrMMHeTISgv7BUNfBPwDSRlmyEkqg3kmZmJdZPc7Un74lpS2jXBcum2sXi6ZbW6,TOTAL_POINTS,HIDE_OVERALL_GRADE
867374997744,05. 5-А клас. Інформатика (Гр. 1) (2026-2027),ACTIVE,Середня школа,54dqlhh7,True,https://classroom.google.com/c/ODY3Mzc0OTk3NzQ0,112650800097094238847,2026-06-08T17:18:44Z,2026-06-08T19:21:02Z,c_classroom535b5d45@group.calendar.google.com,05_5_1_2026_2027_3841029c@schoolgus.ukr.education,05_5_1_2026_2027_teachers_3d434484@schoolgus.ukr.education,1plSEDfcRr77yCk7VmKdqvQ8TmHPtqBUQ7Epy05EfHb52gXZ1EzMuP6h8ff5aQY1cRzlIkjAK,05. 5-А клас. Інформатика (Гр. 1) (2026-2027) Середня школа,https://drive.google.com/drive/folders/1plSEDfcRr77yCk7VmKdqvQ8TmHPtqBUQ7Epy05EfHb52gXZ1EzMuP6h8ff5aQY1cRzlIkjAK,TOTAL_POINTS,HIDE_OVERALL_GRADE
867377294384,05. 5-А клас. Вступ до історії України (2026-2027),ACTIVE,Середня школа,psulftjs,True,https://classroom.google.com/c/ODY3Mzc3Mjk0Mzg0,112650800097094238847,2026-06-08T17:18:38Z,2026-06-08T19:20:46Z,c_classroom148e2314@group.calendar.google.com,05_5_2026_2027_ae06096e@schoolgus.ukr.education,05_5_2026_2027_teachers_9808c78f@schoolgus.ukr.education,1tIkbAjROUEre4oF9id7CggorTQIpmwINQmWH4EKuANqiX9mALw0-8jodT434JslJMrnUf79w,05. 5-А клас. Вступ до історії України (2026-2027) Середня школа,https://drive.google.com/drive/folders/1tIkbAjROUEre4oF9id7CggorTQIpmwINQmWH4EKuANqiX9mALw0-8jodT434JslJMrnUf79w,TOTAL_POINTS,HIDE_OVERALL_GRADE
867376763383,05. 5-А клас. Пізнаємо природу (2026-2027),ACTIVE,Середня школа,dosxnpq7,True,https://classroom.google.com/c/ODY3Mzc2NzYzMzgz,112650800097094238847,2026-06-08T17:18:31Z,2026-06-08T19:20:28Z,c_classroom54d54a41@group.calendar.google.com,05_5_2026_2027_52d5eb70@schoolgus.ukr.education,05_5_2026_2027_teachers_d5cf1f9f@schoolgus.ukr.education,1kDJ_9rcRe59rCyVFPPNjkPafJiX480-DWKmur2_OYMDTh-i_lXzgLAZgK7T_OwOnklbDHd5r,05. 5-А клас. Пізнаємо природу (2026-2027) Середня школа,https://drive.google.com/drive/folders/1kDJ_9rcRe59rCyVFPPNjkPafJiX480-DWKmur2_OYMDTh-i_lXzgLAZgK7T_OwOnklbDHd5r,TOTAL_POINTS,HIDE_OVERALL_GRADE
819798620903,05. 5-А клас. Математика (2026-2027),ACTIVE,Середня школа,mshroy77,True,https://classroom.google.com/c/ODE5Nzk4NjIwOTAz,112650800097094238847,2026-06-08T17:18:25Z,2026-06-08T17:18:25Z,c_classroom3e5d0e6f@group.calendar.google.com,05_5_2026_2027_801b1178@schoolgus.ukr.education,05_5_2026_2027_teachers_07898a72@schoolgus.ukr.education,1Ye-2HBur4SRHCzt94ZY1fPu2Du9NQQiklNxzJ5vbKSdJ0Wn9WXSGf08szjQuDXCxrqOY-OaH,05. 5-А клас. Математика (2026-2027) Середня школа,https://drive.google.com/drive/folders/1Ye-2HBur4SRHCzt94ZY1fPu2Du9NQQiklNxzJ5vbKSdJ0Wn9WXSGf08szjQuDXCxrqOY-OaH,TOTAL_POINTS,HIDE_OVERALL_GRADE
867377773157,05. 5-А клас. Англійська мова (Гр. 2) (2026-2027),ACTIVE,Середня школа,3q3vo7kf,True,https://classroom.google.com/c/ODY3Mzc3NzczMTU3,112650800097094238847,2026-06-08T17:18:19Z,2026-06-08T17:18:19Z,c_classroom663e6b05@group.calendar.google.com,05_5_2_2026_2027_173cc1fb@schoolgus.ukr.education,05_5_2_2026_2027_teachers_3ce95185@schoolgus.ukr.education,1O-6ox0MXRa3jWMmaTMTZFqgUAR9koVYsrrWATPnYk7RfYO0J6FAzeZEp7sWxVHxYYMZs6Vff,05. 5-А клас. Англійська мова (Гр. 2) (2026-2027) Середня школа,https://drive.google.com/drive/folders/1O-6ox0MXRa3jWMmaTMTZFqgUAR9koVYsrrWATPnYk7RfYO0J6FAzeZEp7sWxVHxYYMZs6Vff,TOTAL_POINTS,HIDE_OVERALL_GRADE
819798717622,05. 5-А клас. Англійська мова (Гр. 1) (2026-2027),ACTIVE,Середня школа,jxns74y3,True,https://classroom.google.com/c/ODE5Nzk4NzE3NjIy,112650800097094238847,2026-06-08T17:18:13Z,2026-06-08T19:20:07Z,c_classrooma3046df6@group.calendar.google.com,05_5_1_2026_2027_b31a86ff@schoolgus.ukr.education,05_5_1_2026_2027_teachers_8a269d1a@schoolgus.ukr.education,13IsxEy4Pr_avChUvmIoN8j_zOBcFIHPJqaerCgPQqzbWS0lrbvMyd5LH8khmkI_acrkg_lGB,05. 5-А клас. Англійська мова (Гр. 1) (2026-2027) Середня школа,https://drive.google.com/drive/folders/13IsxEy4Pr_avChUvmIoN8j_zOBcFIHPJqaerCgPQqzbWS0lrbvMyd5LH8khmkI_acrkg_lGB,TOTAL_POINTS,HIDE_OVERALL_GRADE
867377831999,05. 5-А клас. Зарубіжна література (2026-2027),ACTIVE,Середня школа,6nn5wszx,True,https://classroom.google.com/c/ODY3Mzc3ODMxOTk5,112650800097094238847,2026-06-08T17:18:06Z,2026-06-08T19:19:48Z,c_classroom034272de@group.calendar.google.com,05_5_2026_2027_e03333e6@schoolgus.ukr.education,05_5_2026_2027_teachers_56d3e8db@schoolgus.ukr.education,1B8w60N-sqI404kqX7iXVm37P9fzc5qwlKFRIwxWESZeG_Hks4cf138HnWfQSvM88DteV1NBK,05. 5-А клас. Зарубіжна література (2026-2027) Середня школа,https://drive.google.com/drive/folders/1B8w60N-sqI404kqX7iXVm37P9fzc5qwlKFRIwxWESZeG_Hks4cf138HnWfQSvM88DteV1NBK,TOTAL_POINTS,HIDE_OVERALL_GRADE
867377185388,05. 5-А клас. Українська література (2026-2027),ACTIVE,Середня школа,2ujuchp5,True,https://classroom.google.com/c/ODY3Mzc3MTg1Mzg4,112650800097094238847,2026-06-08T17:18:00Z,2026-06-08T19:19:28Z,c_classroom3dde4fa0@group.calendar.google.com,05_5_2026_2027_d68c00ec@schoolgus.ukr.education,05_5_2026_2027_teachers_76497ca9@schoolgus.ukr.education,1TQOjmXWYwvix7m-fxGrRuELtyoIrgXdD0_EIjbzWOB2wV07iSt2DsodaimDp8rsmdcnEOHKd,05. 5-А клас. Українська література (2026-2027) Середня школа,https://drive.google.com/drive/folders/1TQOjmXWYwvix7m-fxGrRuELtyoIrgXdD0_EIjbzWOB2wV07iSt2DsodaimDp8rsmdcnEOHKd,TOTAL_POINTS,HIDE_OVERALL_GRADE
867376323037,05. 5-А клас. Українська мова (2026-2027),ACTIVE,Середня школа,hmsty2nk,True,https://classroom.google.com/c/ODY3Mzc2MzIzMDM3,112650800097094238847,2026-06-08T17:17:54Z,2026-06-08T19:19:09Z,c_classroom1d2d70f8@group.calendar.google.com,05_5_2026_2027_0e52750d@schoolgus.ukr.education,05_5_2026_2027_teachers_e4f321f4@schoolgus.ukr.education,1XK8BCqlrd4yF6H7YVFiMwQZ38FVblfgqixGQIYpu12p2t8aih3BRdl93G8hXcgg1w089HzZw,05. 5-А клас. Українська мова (2026-2027) Середня школа,https://drive.google.com/drive/folders/1XK8BCqlrd4yF6H7YVFiMwQZ38FVblfgqixGQIYpu12p2t8aih3BRdl93G8hXcgg1w089HzZw,TOTAL_POINTS,HIDE_OVERALL_GRADE
867376604112,05. 5 клас. Екстернат (2026-2027),ACTIVE,Екстернат,n3tq4v7f,True,https://classroom.google.com/c/ODY3Mzc2NjA0MTEy,112650800097094238847,2026-06-08T17:17:48Z,2026-06-12T09:06:13Z,c_classroomc0cec681@group.calendar.google.com,05_5_2026_2027_c01c9073@schoolgus.ukr.education,05_5_2026_2027_teachers_150f3fce@schoolgus.ukr.education,1Jji6kZ5JgGmVtDpVzzg3feumUFJDppNJ9rUxjqv8smlKl2qKwIu56LEOnXvNYWqyRnIOGdt1,05. 5 клас. Екстернат (2026-2027) Екстернат,https://drive.google.com/drive/folders/1Jji6kZ5JgGmVtDpVzzg3feumUFJDppNJ9rUxjqv8smlKl2qKwIu56LEOnXvNYWqyRnIOGdt1,TOTAL_POINTS,HIDE_OVERALL_GRADE
867335860978,04. 4-Г Інформатика (2026-2027),ACTIVE,Початкова школа,daqneu5m,True,https://classroom.google.com/c/ODY3MzM1ODYwOTc4,112650800097094238847,2026-06-08T11:39:14Z,2026-06-08T12:35:11Z,c_classroom4ae3828f@group.calendar.google.com,04_4_2026_2027_4_02e432ae@schoolgus.ukr.education,04_4_2026_2027_4_teachers_9935ca09@schoolgus.ukr.education,10rViClp3QwuxE6evdjkXt7E_DYjZHrAJgzh5ehd1kyhV2SpmAv2iPIxjDLNpyId-SrtLHQuF,04. 4-Г Інформатика (2026-2027) 4-Г,https://drive.google.com/drive/folders/10rViClp3QwuxE6evdjkXt7E_DYjZHrAJgzh5ehd1kyhV2SpmAv2iPIxjDLNpyId-SrtLHQuF,TOTAL_POINTS,HIDE_OVERALL_GRADE
867335589149,04. 4-А Англійська мова (2026-2027),ACTIVE,Початкова школа,ligducad,True,https://classroom.google.com/c/ODY3MzM1NTg5MTQ5,112650800097094238847,2026-06-08T11:39:11Z,2026-06-08T12:37:24Z,c_classroom9b1ca094@group.calendar.google.com,04_4_2026_2027_4_a47ba8b9@schoolgus.ukr.education,04_4_2026_2027_4_teachers_1d4723ca@schoolgus.ukr.education,1yEGU9Vko_CruhbrAyfZsdGS7BR37_GPSajRkG8tlJMeKc8kv2QIogf9m_UgUmn4souKsILWM,04. 4-Г Англійська мова (2026-2027) 4-Г,https://drive.google.com/drive/folders/1yEGU9Vko_CruhbrAyfZsdGS7BR37_GPSajRkG8tlJMeKc8kv2QIogf9m_UgUmn4souKsILWM,TOTAL_POINTS,HIDE_OVERALL_GRADE
867335109249,04. 4-Г клас (2026-2027),ACTIVE,Початкова школа,nnptrayk,True,https://classroom.google.com/c/ODY3MzM1MTA5MjQ5,112650800097094238847,2026-06-08T11:39:07Z,2026-06-08T12:34:35Z,c_classroom2780e960@group.calendar.google.com,04_4_2026_2027_4_1369e6ff@schoolgus.ukr.education,04_4_2026_2027_4_teachers_f67ce7de@schoolgus.ukr.education,19pF040rYIHzeCRjn9hPRSAv8AYayWGJeumxgGMjSrmjwlLUiOpAiMoq5-GdL5MKX1GY7hN5F,04. 4-Г клас (2026-2027) 4-Г,https://drive.google.com/drive/folders/19pF040rYIHzeCRjn9hPRSAv8AYayWGJeumxgGMjSrmjwlLUiOpAiMoq5-GdL5MKX1GY7hN5F,TOTAL_POINTS,HIDE_OVERALL_GRADE
867335907947,04. 4-В Інформатика (2026-2027),ACTIVE,Початкова школа,t5exnjo2,True,https://classroom.google.com/c/ODY3MzM1OTA3OTQ3,112650800097094238847,2026-06-08T11:39:03Z,2026-06-08T12:34:20Z,c_classroom959a35dc@group.calendar.google.com,04_4_2026_2027_4_66b0930d@schoolgus.ukr.education,04_4_2026_2027_4_teachers_108621f5@schoolgus.ukr.education,1w0XNKzRgFdBv9sTtgLxK2Veb719dyAFrQfKRQvqa5p36oQnovw8Ji2ii-dcN77JEJDnP_j8H,04. 4-В Інформатика (2026-2027) 4-В,https://drive.google.com/drive/folders/1w0XNKzRgFdBv9sTtgLxK2Veb719dyAFrQfKRQvqa5p36oQnovw8Ji2ii-dcN77JEJDnP_j8H,TOTAL_POINTS,HIDE_OVERALL_GRADE
867336436019,04. 4-В Англійська мова (2026-2027),ACTIVE,Початкова школа,e73hzi75,True,https://classroom.google.com/c/ODY3MzM2NDM2MDE5,112650800097094238847,2026-06-08T11:38:59Z,2026-06-08T12:33:58Z,c_classroome1b57d31@group.calendar.google.com,04_4_2026_2027_4_90350f04@schoolgus.ukr.education,04_4_2026_2027_4_teachers_9ef0fb2d@schoolgus.ukr.education,1p0xiXszFBZW5S1CuCAxmsyNuhzz_wihVtM1DEOfYFIHr8w0-w6SBI3XT-GGm9cBgQKfJdy5_,04. 4-В Англійська мова (2026-2027) 4-В,https://drive.google.com/drive/folders/1p0xiXszFBZW5S1CuCAxmsyNuhzz_wihVtM1DEOfYFIHr8w0-w6SBI3XT-GGm9cBgQKfJdy5_,TOTAL_POINTS,HIDE_OVERALL_GRADE
867336386177,04. 4-В клас (2026-2027),ACTIVE,Початкова школа,jr2h7azs,True,https://classroom.google.com/c/ODY3MzM2Mzg2MTc3,112650800097094238847,2026-06-08T11:38:56Z,2026-06-08T12:32:23Z,c_classroom91c30f98@group.calendar.google.com,04_4_2026_2027_4_81381963@schoolgus.ukr.education,04_4_2026_2027_4_teachers_1b71c4db@schoolgus.ukr.education,1nbM_wJSt2mppPxHGzhHGBhujV-3q3jn4_RnYK2-PoJ6hm780FSjC1xjaYxzy2kQFEODXJvBK,04. 4-В клас (2026-2027) 4-В,https://drive.google.com/drive/folders/1nbM_wJSt2mppPxHGzhHGBhujV-3q3jn4_RnYK2-PoJ6hm780FSjC1xjaYxzy2kQFEODXJvBK,TOTAL_POINTS,HIDE_OVERALL_GRADE
867336251785,04. 4-Б Інформатика (2026-2027),ACTIVE,Початкова школа,es4f25rj,True,https://classroom.google.com/c/ODY3MzM2MjUxNzg1,112650800097094238847,2026-06-08T11:38:52Z,2026-06-08T12:31:56Z,c_classroom094e4753@group.calendar.google.com,04_4_2026_2027_4_d69704d3@schoolgus.ukr.education,04_4_2026_2027_4_teachers_4519ff0a@schoolgus.ukr.education,1LWQ-j1fsf37WSA2nUz64RVV2ffFZyXRZAM8QWovwGoeax7cLHCB_NXFoXK7JNpRIasz42PU8,04. 4-Б Інформатика (2026-2027) 4-Б,https://drive.google.com/drive/folders/1LWQ-j1fsf37WSA2nUz64RVV2ffFZyXRZAM8QWovwGoeax7cLHCB_NXFoXK7JNpRIasz42PU8,TOTAL_POINTS,HIDE_OVERALL_GRADE
867335850617,04. 4-Б Англійська мова (2026-2027),ACTIVE,Початкова школа,hpaelj7w,True,https://classroom.google.com/c/ODY3MzM1ODUwNjE3,112650800097094238847,2026-06-08T11:38:48Z,2026-06-08T12:30:06Z,c_classroom2bbc209e@group.calendar.google.com,04_4_2026_2027_4_04d3ec33@schoolgus.ukr.education,04_4_2026_2027_4_teachers_05c9164a@schoolgus.ukr.education,13zyQfYfEZ6TzZLekMxpwP_iPh2sisMO5Mf8-2daenPYdDEryU8PBaTHRis4pUgAFYM0wIaoV,04. 4-Б Англійська мова (2026-2027) 4-Б,https://drive.google.com/drive/folders/13zyQfYfEZ6TzZLekMxpwP_iPh2sisMO5Mf8-2daenPYdDEryU8PBaTHRis4pUgAFYM0wIaoV,TOTAL_POINTS,HIDE_OVERALL_GRADE
867334808154,04. 4-Б клас (2026-2027),ACTIVE,Початкова школа,yjmxljnr,True,https://classroom.google.com/c/ODY3MzM0ODA4MTU0,112650800097094238847,2026-06-08T11:38:44Z,2026-06-08T12:31:22Z,c_classroom1a872fca@group.calendar.google.com,04_4_2026_2027_4_15f868a6@schoolgus.ukr.education,04_4_2026_2027_4_teachers_cb723026@schoolgus.ukr.education,14N8VpxnIXU0YDVPBPGjb59oykdaqnYLAmIkovHRn2Vyb_CzbkW1uXHYZ5o9TIB7idD7xp6Xb,04. 4-Б клас (2026-2027) 4-Б,https://drive.google.com/drive/folders/14N8VpxnIXU0YDVPBPGjb59oykdaqnYLAmIkovHRn2Vyb_CzbkW1uXHYZ5o9TIB7idD7xp6Xb,TOTAL_POINTS,HIDE_OVERALL_GRADE
798125542813,04. 4-А Інформатика (2026-2027),ACTIVE,Початкова школа,tiigvwr4,True,https://classroom.google.com/c/Nzk4MTI1NTQyODEz,112650800097094238847,2026-06-08T11:38:40Z,2026-06-08T12:33:26Z,c_classroom51c85663@group.calendar.google.com,04_4_2026_2027_4_c8860084@schoolgus.ukr.education,04_4_2026_2027_4_teachers_2201a805@schoolgus.ukr.education,14wK9Pgy2DomgCoopsyYg8edwmdx0p0AwDnhtjEhzZZs73MLN8_AD6ZdH1W443SSK_PHuPAwc,04. 4-А Інформатика (2026-2027) 4-А,https://drive.google.com/drive/folders/14wK9Pgy2DomgCoopsyYg8edwmdx0p0AwDnhtjEhzZZs73MLN8_AD6ZdH1W443SSK_PHuPAwc,TOTAL_POINTS,HIDE_OVERALL_GRADE
867335080770,04. 4-Г Англійська мова (2026-2027),ACTIVE,Початкова школа,gcmasw2s,True,https://classroom.google.com/c/ODY3MzM1MDgwNzcw,112650800097094238847,2026-06-08T11:38:37Z,2026-06-08T12:37:21Z,c_classroome3df4b55@group.calendar.google.com,04_4_A_2026_2027_4_2d1d391e@schoolgus.ukr.education,04_4_A_2026_2027_4_teachers_b6bc2891@schoolgus.ukr.education,1LH9KMcfsKpqO3P2VSERMJKoOx2VbrpBSYjpHDUYuRDGPiUWET-KeQ_XwQ3EX_ljyUS4d-yif,04. 4-A Англійська мова (2026-2027) 4-А,https://drive.google.com/drive/folders/1LH9KMcfsKpqO3P2VSERMJKoOx2VbrpBSYjpHDUYuRDGPiUWET-KeQ_XwQ3EX_ljyUS4d-yif,TOTAL_POINTS,HIDE_OVERALL_GRADE
867336332385,04. 4-А клас (2026-2027),ACTIVE,Початкова школа,fybgownv,True,https://classroom.google.com/c/ODY3MzM2MzMyMzg1,112650800097094238847,2026-06-08T11:38:33Z,2026-06-08T12:32:44Z,c_classroom1bd30d32@group.calendar.google.com,04_4_2026_2027_4_6150b28e@schoolgus.ukr.education,04_4_2026_2027_4_teachers_52b61482@schoolgus.ukr.education,1JOBgtjwqiUIH6bwZ2PYyX7wZ726-CSdnZ3Fe5X5p7JkVMOgoU17Ael6KGSiRFRcmP9hlO9Ns,04. 4-А клас (2026-2027) 4-А,https://drive.google.com/drive/folders/1JOBgtjwqiUIH6bwZ2PYyX7wZ726-CSdnZ3Fe5X5p7JkVMOgoU17Ael6KGSiRFRcmP9hlO9Ns,TOTAL_POINTS,HIDE_OVERALL_GRADE
867331417458,02. 2-В Англійська мова (2026-2027),ACTIVE,Початкова школа,hn7yaluh,True,https://classroom.google.com/c/ODY3MzMxNDE3NDU4,112650800097094238847,2026-06-08T11:13:51Z,2026-06-08T13:25:20Z,c_classroom46d037f4@group.calendar.google.com,02_2_2026_2027_2_daf1a3d4@schoolgus.ukr.education,02_2_2026_2027_2_teachers_e9f26157@schoolgus.ukr.education,1tL5cFfMATp8G0K4vTbiRFO9VAMc_g3kjNPaZmYyJ5m_CmRk3P5A8Y_6hsLFsypmUpJUCv_4M,02. 2-В Англійська мова (2026-2027) 2-В,https://drive.google.com/drive/folders/1tL5cFfMATp8G0K4vTbiRFO9VAMc_g3kjNPaZmYyJ5m_CmRk3P5A8Y_6hsLFsypmUpJUCv_4M,TOTAL_POINTS,HIDE_OVERALL_GRADE
867324295576,03. 03 клас. Екстернат (2026-2027),ACTIVE,Екстернат,nnpyia5c,True,https://classroom.google.com/c/ODY3MzI0Mjk1NTc2,112650800097094238847,2026-06-08T08:11:33Z,2026-06-12T09:07:10Z,c_classroomf20e7d60@group.calendar.google.com,03_03_2026_2027_2a34eb87@schoolgus.ukr.education,03_03_2026_2027_teachers_948d5a7a@schoolgus.ukr.education,1GXL6PUEZOuAIY-tZhhwuSjFwfg1gJCTIbauWH5jYR0F2yl69HEfm9Y-kmcDWZy0qMf0zDulv,03. 03 клас. Екстернат (2026-2027) Екстернат,https://drive.google.com/drive/folders/1GXL6PUEZOuAIY-tZhhwuSjFwfg1gJCTIbauWH5jYR0F2yl69HEfm9Y-kmcDWZy0qMf0zDulv,TOTAL_POINTS,HIDE_OVERALL_GRADE
867317060340,03. 3-Г Інформатика (2026-2027),ACTIVE,Початкова школа,gqkv4nsg,True,https://classroom.google.com/c/ODY3MzE3MDYwMzQw,112650800097094238847,2026-06-08T08:11:29Z,2026-06-08T10:09:44Z,c_classroomfff53f21@group.calendar.google.com,03_3_2026_2027_b3779dd6@schoolgus.ukr.education,03_3_2026_2027_teachers_c5d46cae@schoolgus.ukr.education,1XuN_FU3KUK4Bg6AHE37xdNh7wc-6P0ViUUYXaV28SILXV8cR7Hd6_6ycQuIudFWl95wuF8Lq,03. 3-Г Інформатика (2026-2027) Початкова школа,https://drive.google.com/drive/folders/1XuN_FU3KUK4Bg6AHE37xdNh7wc-6P0ViUUYXaV28SILXV8cR7Hd6_6ycQuIudFWl95wuF8Lq,TOTAL_POINTS,HIDE_OVERALL_GRADE
798124355764,03. 3-Г Англійська мова (2026-2027),ACTIVE,Початкова школа,xpdjglfl,True,https://classroom.google.com/c/Nzk4MTI0MzU1NzY0,112650800097094238847,2026-06-08T08:11:25Z,2026-06-08T10:11:13Z,c_classroomae17a36d@group.calendar.google.com,03_3_2026_2027_41f2e4c8@schoolgus.ukr.education,03_3_2026_2027_teachers_e740c6bc@schoolgus.ukr.education,176vtWhq4M9GkJvdx83Hh7f4UlF1xjZaULCzmkWMUiVpAB5n4FpLxZcaI2o92IBxVpaFeEik9,03. 3-Г Англійська мова (2026-2027) Початкова школа,https://drive.google.com/drive/folders/176vtWhq4M9GkJvdx83Hh7f4UlF1xjZaULCzmkWMUiVpAB5n4FpLxZcaI2o92IBxVpaFeEik9,TOTAL_POINTS,HIDE_OVERALL_GRADE
867324504631,03. 3-Г клас (2026-2027),ACTIVE,Початкова школа,bj5yrlo3,True,https://classroom.google.com/c/ODY3MzI0NTA0NjMx,112650800097094238847,2026-06-08T08:11:21Z,2026-06-08T10:09:28Z,c_classroom35ec57c8@group.calendar.google.com,03_3_2026_2027_1d9281ed@schoolgus.ukr.education,03_3_2026_2027_teachers_d952dd23@schoolgus.ukr.education,1L5mmB70wN0OWCO_QCkHoLR6dm5jU8ntGl71J-uN1i6H9kSwkNV9itvx8BaJYvAB54Rz50ayO,03. 3-Г клас (2026-2027) Початкова школа,https://drive.google.com/drive/folders/1L5mmB70wN0OWCO_QCkHoLR6dm5jU8ntGl71J-uN1i6H9kSwkNV9itvx8BaJYvAB54Rz50ayO,TOTAL_POINTS,HIDE_OVERALL_GRADE
867323263592,03. 3-В Інформатика (2026-2027),ACTIVE,Початкова школа,frsm7lju,True,https://classroom.google.com/c/ODY3MzIzMjYzNTky,112650800097094238847,2026-06-08T08:11:17Z,2026-06-08T10:09:12Z,,03_3_2026_2027_8649c872@schoolgus.ukr.education,03_3_2026_2027_teachers_9b053b74@schoolgus.ukr.education,13T6jGF5nMc9uYz8pNxLMIiXI3OV-DICR4BsqgMNcrZrFdi7BrAuuBYfMn4rKDxToLny6EEyW,03. 3-В Інформатика (2026-2027) Початкова школа,https://drive.google.com/drive/folders/13T6jGF5nMc9uYz8pNxLMIiXI3OV-DICR4BsqgMNcrZrFdi7BrAuuBYfMn4rKDxToLny6EEyW,TOTAL_POINTS,HIDE_OVERALL_GRADE
867323939549,03. 3-В Англійська мова (2026-2027),ACTIVE,Початкова школа,p4zk3ex4,True,https://classroom.google.com/c/ODY3MzIzOTM5NTQ5,112650800097094238847,2026-06-08T08:11:14Z,2026-06-08T10:08:58Z,c_classroom22550253@group.calendar.google.com,03_3_2026_2027_4f82c327@schoolgus.ukr.education,03_3_2026_2027_teachers_3bdb3025@schoolgus.ukr.education,11faTK3AI0TlJN-L7cC8GGcilrHdVQRR0fxz-zc2Yy4J6JnxFsq11EZPt5sNbxhyGk7-ySoKX,03. 3-В Англійська мова (2026-2027) Початкова школа,https://drive.google.com/drive/folders/11faTK3AI0TlJN-L7cC8GGcilrHdVQRR0fxz-zc2Yy4J6JnxFsq11EZPt5sNbxhyGk7-ySoKX,TOTAL_POINTS,HIDE_OVERALL_GRADE
867322809643,03. 3-В клас (2026-2027),ACTIVE,Початкова школа,yhz7rvjn,True,https://classroom.google.com/c/ODY3MzIyODA5NjQz,112650800097094238847,2026-06-08T08:11:10Z,2026-06-08T10:08:41Z,c_classroome825ac60@group.calendar.google.com,03_3_2026_2027_931226cc@schoolgus.ukr.education,03_3_2026_2027_teachers_d2e732e0@schoolgus.ukr.education,1h0Oxff3YyVINPvYAsOpRQAUgRXOs5bhKk4Vg6T5sMlxuC7LFntTJzyg9ONn-Fu0VcerbDBmk,03. 3-В клас (2026-2027) Початкова школа,https://drive.google.com/drive/folders/1h0Oxff3YyVINPvYAsOpRQAUgRXOs5bhKk4Vg6T5sMlxuC7LFntTJzyg9ONn-Fu0VcerbDBmk,TOTAL_POINTS,HIDE_OVERALL_GRADE
867324393329,03. 3-Б Інформатика (2026-2027),ACTIVE,Початкова школа,n3pjkrre,True,https://classroom.google.com/c/ODY3MzI0MzkzMzI5,112650800097094238847,2026-06-08T08:11:06Z,2026-06-08T10:11:31Z,c_classroombe8f4771@group.calendar.google.com,03_3_2026_2027_c7f3a835@schoolgus.ukr.education,03_3_2026_2027_teachers_5b8c570e@schoolgus.ukr.education,1ICv2VrTYW7TsfybWeitxtSfbkXddUNNq_TY3DordBtNs1nr_y8t8vX6a2PHAb_wsghZjWdjL,03. 3-Б Інформатика (2026-2027) Початкова школа,https://drive.google.com/drive/folders/1ICv2VrTYW7TsfybWeitxtSfbkXddUNNq_TY3DordBtNs1nr_y8t8vX6a2PHAb_wsghZjWdjL,TOTAL_POINTS,HIDE_OVERALL_GRADE
867323305345,03. 3-Б Англійська мова (2026-2027),ACTIVE,Початкова школа,my5lik2d,True,https://classroom.google.com/c/ODY3MzIzMzA1MzQ1,112650800097094238847,2026-06-08T08:11:02Z,2026-06-08T10:07:50Z,c_classroomeb81b987@group.calendar.google.com,03_3_2026_2027_f130c527@schoolgus.ukr.education,03_3_2026_2027_teachers_064fb5d6@schoolgus.ukr.education,1MzOioPHHiNzvBpgur-cwKUavwt0Y7Y8s5m-VUzwx-tQqEZ8upnv5u1Jyx9XgVveHMD7lEHR4,03. 3-Б Англійська мова (2026-2027) Початкова школа,https://drive.google.com/drive/folders/1MzOioPHHiNzvBpgur-cwKUavwt0Y7Y8s5m-VUzwx-tQqEZ8upnv5u1Jyx9XgVveHMD7lEHR4,TOTAL_POINTS,HIDE_OVERALL_GRADE
867323419328,03. 3-Б клас (2026-2027),ACTIVE,Початкова школа,vt5vcb7o,True,https://classroom.google.com/c/ODY3MzIzNDE5MzI4,112650800097094238847,2026-06-08T08:10:58Z,2026-06-08T10:07:34Z,c_classroom0daedc06@group.calendar.google.com,03_3_2026_2027_b8368b0d@schoolgus.ukr.education,03_3_2026_2027_teachers_efca76b0@schoolgus.ukr.education,1G776pzUmvRzNBqw8j5LstmUTvdo9H7UgucuHEVuxcWQ47hlmEvGC6nhGSJh38ACRPw7c2jrT,03. 3-Б клас (2026-2027) Початкова школа,https://drive.google.com/drive/folders/1G776pzUmvRzNBqw8j5LstmUTvdo9H7UgucuHEVuxcWQ47hlmEvGC6nhGSJh38ACRPw7c2jrT,TOTAL_POINTS,HIDE_OVERALL_GRADE
867324738824,03. 3-А Інформатика (2026-2027),ACTIVE,Початкова школа,ixahkxvg,True,https://classroom.google.com/c/ODY3MzI0NzM4ODI0,112650800097094238847,2026-06-08T08:10:53Z,2026-06-08T10:07:14Z,c_classroomc989417c@group.calendar.google.com,03_3_2026_2027_e8b3c6b3@schoolgus.ukr.education,03_3_2026_2027_teachers_5d2f0e19@schoolgus.ukr.education,1X0ipLPfLSYHUqOTuAaXIWB7feRtuS4CBcIe3vRN36FZ_uC0-CjDPoOlsL6MG6VxLL2dV4vx0,03. 3-А Інформатика (2026-2027) Початкова школа,https://drive.google.com/drive/folders/1X0ipLPfLSYHUqOTuAaXIWB7feRtuS4CBcIe3vRN36FZ_uC0-CjDPoOlsL6MG6VxLL2dV4vx0,TOTAL_POINTS,HIDE_OVERALL_GRADE
867324181198,03. 3-А Англійська мова (2026-2027),ACTIVE,Початкова школа,jccj3hbe,True,https://classroom.google.com/c/ODY3MzI0MTgxMTk4,112650800097094238847,2026-06-08T08:10:49Z,2026-06-08T10:06:49Z,c_classroom7ec2c656@group.calendar.google.com,03_3_2026_2027_aa71a7fb@schoolgus.ukr.education,03_3_2026_2027_teachers_05528ce4@schoolgus.ukr.education,1ogUf0kNPZFDico83QIVV-gzayQvde5voZ11erBwXllupKlOjIYQkvzSb5hx64GFWNb8kw1CI,03. 3-А Англійська мова (2026-2027) Початкова школа,https://drive.google.com/drive/folders/1ogUf0kNPZFDico83QIVV-gzayQvde5voZ11erBwXllupKlOjIYQkvzSb5hx64GFWNb8kw1CI,TOTAL_POINTS,HIDE_OVERALL_GRADE
867323697954,03. 3-А клас (2026-2027),ACTIVE,Початкова школа,alp6qydy,True,https://classroom.google.com/c/ODY3MzIzNjk3OTU0,112650800097094238847,2026-06-08T08:10:45Z,2026-06-08T10:06:32Z,c_classroomfa03df3b@group.calendar.google.com,03_3_2026_2027_a968be79@schoolgus.ukr.education,03_3_2026_2027_teachers_3258ef56@schoolgus.ukr.education,1czbksbutAGYALJkjHapynCrVIuPceX442N4F-g3w2ASChX2QbcvDd7tMmTw2Lp92FLjYnidx,03. 3-А клас (2026-2027) Початкова школа,https://drive.google.com/drive/folders/1czbksbutAGYALJkjHapynCrVIuPceX442N4F-g3w2ASChX2QbcvDd7tMmTw2Lp92FLjYnidx,TOTAL_POINTS,HIDE_OVERALL_GRADE
867312800722,04. 04 клас. Екстернат (2026-2027),ACTIVE,Екстернат,2cer4n6y,True,https://classroom.google.com/c/ODY3MzEyODAwNzIy,112650800097094238847,2026-06-08T07:01:26Z,2026-06-12T09:28:12Z,c_classroom0985da16@group.calendar.google.com,04_02_2026_2027_4e84d967@schoolgus.ukr.education,04_02_2026_2027_teachers_fc7bc50e@schoolgus.ukr.education,1luxti-KGokFsg2qzTQ0_j2fK2iOhH8EC-NFt3IZT0W0SgtPyZs_aqp5YgBcm8awamBxDRDgh,04. 02 клас. Екстернат (+ Англійська мова) (2026-2027),https://drive.google.com/drive/folders/1luxti-KGokFsg2qzTQ0_j2fK2iOhH8EC-NFt3IZT0W0SgtPyZs_aqp5YgBcm8awamBxDRDgh,TOTAL_POINTS,HIDE_OVERALL_GRADE
867272231020,02. 2-Г Англійська мова (2026-2027),ACTIVE,Початкова школа,mwfdvbmf,True,https://classroom.google.com/c/ODY3MjcyMjMxMDIw,112650800097094238847,2026-06-07T11:42:04Z,2026-06-08T10:05:28Z,c_classroomde02a10a@group.calendar.google.com,2_1_a249855c@schoolgus.ukr.education,2_1_teachers_f672a919@schoolgus.ukr.education,1J5jmnLmtbt5SBY_3pDvLQo5q87d-zBM7PTFGJBVNxU7wfUI-cLmzeMw7TIFpxp71e92zD2eY,2-Г клас. Англійська мова (Група 1),https://drive.google.com/drive/folders/1J5jmnLmtbt5SBY_3pDvLQo5q87d-zBM7PTFGJBVNxU7wfUI-cLmzeMw7TIFpxp71e92zD2eY,TOTAL_POINTS,HIDE_OVERALL_GRADE
867271652276,02. 2-В клас (2026-2027),ACTIVE,Початкова школа,r5cpxctc,True,https://classroom.google.com/c/ODY3MjcxNjUyMjc2,112650800097094238847,2026-06-07T11:42:01Z,2026-06-08T10:04:54Z,c_classroom2298c959@group.calendar.google.com,2_2026_2027_4a20d5b3@schoolgus.ukr.education,2_2026_2027_teachers_92239cdc@schoolgus.ukr.education,1vVuKk2HDL3XLhk9bmGsJ_VkVUkF_gBTvkywZ8-YYKg0StFS3kgdXzTLhPG0BxmJGF8Kk5f5M,2-В клас. НУШ (2026-2027),https://drive.google.com/drive/folders/1vVuKk2HDL3XLhk9bmGsJ_VkVUkF_gBTvkywZ8-YYKg0StFS3kgdXzTLhPG0BxmJGF8Kk5f5M,TOTAL_POINTS,HIDE_OVERALL_GRADE
867270615070,02. 2-Г клас (2026-2027),ACTIVE,Початкова школа,i3rhwdbk,True,https://classroom.google.com/c/ODY3MjcwNjE1MDcw,112650800097094238847,2026-06-07T11:42:00Z,2026-06-08T10:04:28Z,c_classroom5e7ea332@group.calendar.google.com,2_2026_2027_503f7c78@schoolgus.ukr.education,2_2026_2027_teachers_6120860d@schoolgus.ukr.education,10ha0MrXDvwWtmW45WWWM3jXTUNQ7h2Udt6kycXowQwdsPjePgbMvLuCDB0hFVf3nqI1vHNaO,2-Г клас. НУШ (2026-2027),https://drive.google.com/drive/folders/10ha0MrXDvwWtmW45WWWM3jXTUNQ7h2Udt6kycXowQwdsPjePgbMvLuCDB0hFVf3nqI1vHNaO,TOTAL_POINTS,HIDE_OVERALL_GRADE
867271980954,02. 2-Б Англійська мова (2026-2027),ACTIVE,Початкова школа,n6uin6cj,True,https://classroom.google.com/c/ODY3MjcxOTgwOTU0,112650800097094238847,2026-06-07T11:41:57Z,2026-06-08T10:04:07Z,c_classroom44164f23@group.calendar.google.com,2_1_9dd78f66@schoolgus.ukr.education,2_1_teachers_5f96e70c@schoolgus.ukr.education,1e0ra9zO48HR-LCsnjDVZakwpgkloA7kbGJAoY41kIrd5nJ7PFFM42Mn2kfi-JrwaTCMpbICT,2-Б клас. Англійська мова (Група 1),https://drive.google.com/drive/folders/1e0ra9zO48HR-LCsnjDVZakwpgkloA7kbGJAoY41kIrd5nJ7PFFM42Mn2kfi-JrwaTCMpbICT,TOTAL_POINTS,HIDE_OVERALL_GRADE
867271144756,02. 2-А Англійська мова (2026-2027),ACTIVE,Початкова школа,diry3mv4,True,https://classroom.google.com/c/ODY3MjcxMTQ0NzU2,112650800097094238847,2026-06-07T11:41:57Z,2026-06-08T13:26:30Z,c_classroom343bcaa6@group.calendar.google.com,2_1_67c17ed6@schoolgus.ukr.education,2_1_teachers_5f20d3c8@schoolgus.ukr.education,1dGLCGnHuTpFEiaPMDG9DBZIqkvWJHrZXyrUtLw5d1Yg5jQiwrHF0rUURYgUVD2H25MSYxe2B,2-А клас. Англійська мова (Група 1),https://drive.google.com/drive/folders/1dGLCGnHuTpFEiaPMDG9DBZIqkvWJHrZXyrUtLw5d1Yg5jQiwrHF0rUURYgUVD2H25MSYxe2B,TOTAL_POINTS,HIDE_OVERALL_GRADE
867271596986,02. 2-А клас (2026-2027),ACTIVE,Початкова школа,fbeqkusg,True,https://classroom.google.com/c/ODY3MjcxNTk2OTg2,112650800097094238847,2026-06-07T11:41:57Z,2026-06-08T10:02:56Z,c_classroom1dc98133@group.calendar.google.com,2_2026_2027_15d65ac4@schoolgus.ukr.education,2_2026_2027_teachers_bd388207@schoolgus.ukr.education,1louytGhVE1YhxQQbjko5HR7EYR44lrc2eA-VHaD_GDGyV525fl15mzhVtSSW_mwMSz7kmy92,2-А клас. НУШ (2026-2027),https://drive.google.com/drive/folders/1louytGhVE1YhxQQbjko5HR7EYR44lrc2eA-VHaD_GDGyV525fl15mzhVtSSW_mwMSz7kmy92,TOTAL_POINTS,HIDE_OVERALL_GRADE
867271054907,02. 2-Б клас (2026-2027),ACTIVE,Початкова школа,wowo4efg,True,https://classroom.google.com/c/ODY3MjcxMDU0OTA3,112650800097094238847,2026-06-07T11:41:57Z,2026-06-08T10:03:42Z,c_classroom6ab14321@group.calendar.google.com,2_2026_2027_c02671b1@schoolgus.ukr.education,2_2026_2027_teachers_e42ff8ea@schoolgus.ukr.education,11SYUUYqhHxyVxFmemncwvFpeRgdd-UMzamZ3lZhLuTQdcI4zSyYG40BvSgRGnRtzzl6xYBRy,2-Б клас. НУШ (2026-2027),https://drive.google.com/drive/folders/11SYUUYqhHxyVxFmemncwvFpeRgdd-UMzamZ3lZhLuTQdcI4zSyYG40BvSgRGnRtzzl6xYBRy,TOTAL_POINTS,HIDE_OVERALL_GRADE
867269348958,01. 1-А клас. НУШ (2026-2027),ACTIVE,Початкова школа,xpb4tyhm,True,https://classroom.google.com/c/ODY3MjY5MzQ4OTU4,112650800097094238847,2026-06-07T09:32:13Z,2026-06-08T09:58:56Z,c_classroomaa3818c7@group.calendar.google.com,1_2026_2027_d8d3a87f@schoolgus.ukr.education,1_2026_2027_teachers_ca17d5e6@schoolgus.ukr.education,1tW-_UvIkpRcdGggqhd3JM9GUcx1jPYr6UgVU8RDMP24z7QUHYs3H4NVk0Js3jg96CsNVdk_Z,1-А клас. НУШ (2026-2027),https://drive.google.com/drive/folders/1tW-_UvIkpRcdGggqhd3JM9GUcx1jPYr6UgVU8RDMP24z7QUHYs3H4NVk0Js3jg96CsNVdk_Z,TOTAL_POINTS,HIDE_OVERALL_GRADE
867269419571,01. 1-А клас. Англійська мова (2026-2027),ACTIVE,Початкова школа,wrzoqyn4,True,https://classroom.google.com/c/ODY3MjY5NDE5NTcx,112650800097094238847,2026-06-07T09:32:13Z,2026-06-08T09:59:19Z,c_classroomd260852e@group.calendar.google.com,1_1_959611fc@schoolgus.ukr.education,1_1_teachers_be0a70f4@schoolgus.ukr.education,1xLCdrMnHJsJ-ONtO0oc2fQLDZxjIp7wqThclV-oq3vlomG5EoGR_lLyOGhtaQZ-VI1za4R62,1-А клас. Англійська мова (Група 1),https://drive.google.com/drive/folders/1xLCdrMnHJsJ-ONtO0oc2fQLDZxjIp7wqThclV-oq3vlomG5EoGR_lLyOGhtaQZ-VI1za4R62,TOTAL_POINTS,HIDE_OVERALL_GRADE
867269734400,01. 1-Б клас. Англійська мова (2026-2027),ACTIVE,Початкова школа,hz5ckbhb,True,https://classroom.google.com/c/ODY3MjY5NzM0NDAw,112650800097094238847,2026-06-07T09:51:11Z,2026-06-08T09:59:57Z,c_classroomb525f8ed@group.calendar.google.com,1_1_b8c5523d@schoolgus.ukr.education,1_1_teachers_1c2d07a3@schoolgus.ukr.education,16q3Y6vhY_xfIPKMSy50j7LUq6vW8V4YwdeRN4o6wxE_a0XLAH5rDwfMKFY1tP9P0x3xsW1Id,1-Б клас. Англійська мова (Група 1),https://drive.google.com/drive/folders/16q3Y6vhY_xfIPKMSy50j7LUq6vW8V4YwdeRN4o6wxE_a0XLAH5rDwfMKFY1tP9P0x3xsW1Id,TOTAL_POINTS,HIDE_OVERALL_GRADE
867269784292,01. 1-Б клас. НУШ (2026-2027),ACTIVE,Початкова школа,irtp7xvr,True,https://classroom.google.com/c/ODY3MjY5Nzg0Mjky,112650800097094238847,2026-06-07T09:51:11Z,2026-06-08T09:59:42Z,c_classroomefd5cf67@group.calendar.google.com,1_2026_2027_60971695@schoolgus.ukr.education,1_2026_2027_teachers_3fd1a359@schoolgus.ukr.education,1qagP3c_HZkHF7ExPxH4Kk0Lp0kbVSK6qrG8mS1gzBgnG8YCtdBTEBy4G_xFyt6wTz1OZ14BH,1-Б клас. НУШ (2026-2027),https://drive.google.com/drive/folders/1qagP3c_HZkHF7ExPxH4Kk0Lp0kbVSK6qrG8mS1gzBgnG8YCtdBTEBy4G_xFyt6wTz1OZ14BH,TOTAL_POINTS,HIDE_OVERALL_GRADE
867267818221,01. 1-В клас. НУШ (2026-2027),ACTIVE,Початкова школа,ebdtdxrd,True,https://classroom.google.com/c/ODY3MjY3ODE4MjIx,112650800097094238847,2026-06-07T09:51:11Z,2026-06-08T09:54:12Z,c_classroom2f7d637f@group.calendar.google.com,1_2026_2027_58236ded@schoolgus.ukr.education,1_2026_2027_teachers_ab8e2832@schoolgus.ukr.education,1yuSQmvXSsjooGWdrPjytqD6gTfRy62LKRpjGDJE8laI49P9AfK0Rip6KEZlBHyfwYtWTiyA5,1-В клас. НУШ (2026-2027),https://drive.google.com/drive/folders/1yuSQmvXSsjooGWdrPjytqD6gTfRy62LKRpjGDJE8laI49P9AfK0Rip6KEZlBHyfwYtWTiyA5,TOTAL_POINTS,HIDE_OVERALL_GRADE
867268618041,02. 02 клас. Екстернат (2026-2027),ACTIVE,Екстернат,7ykmsj5c,True,https://classroom.google.com/c/ODY3MjY4NjE4MDQx,112650800097094238847,2026-06-07T09:51:11Z,2026-06-12T09:30:48Z,c_classroom7e9b915b@group.calendar.google.com,1_1_b8fd26eb@schoolgus.ukr.education,1_1_teachers_43cf17f5@schoolgus.ukr.education,1Sxo3awi_LJNdyWz59lCRNW3nhC4ZoOgZVB4htlRH-yIuas-0uWWF4XR9jhNJ9__p5GiVVFIm,1-В клас. Англійська мова (Група 1),https://drive.google.com/drive/folders/1Sxo3awi_LJNdyWz59lCRNW3nhC4ZoOgZVB4htlRH-yIuas-0uWWF4XR9jhNJ9__p5GiVVFIm,TOTAL_POINTS,HIDE_OVERALL_GRADE
867270096376,01. 1-Г клас. Англійська мова (2026-2027),ACTIVE,Початкова школа,5gwqug66,True,https://classroom.google.com/c/ODY3MjcwMDk2Mzc2,112650800097094238847,2026-06-07T10:12:14Z,2026-06-08T10:28:08Z,c_classroomc9c72dcb@group.calendar.google.com,1_1_941a2c28@schoolgus.ukr.education,1_1_teachers_a069294b@schoolgus.ukr.education,1eDhYKto3wSGcbGxO00GAjziVn1gvJiKC6LszFaLw-A6J1p6tNrD9-TNsQRyDJTKw5LsHcCki,1-Г клас. Англійська мова (Група 1),https://drive.google.com/drive/folders/1eDhYKto3wSGcbGxO00GAjziVn1gvJiKC6LszFaLw-A6J1p6tNrD9-TNsQRyDJTKw5LsHcCki,TOTAL_POINTS,HIDE_OVERALL_GRADE
867270052567,01. 01 клас. Екстернат (2026-2027),ACTIVE,Екстернат,rfo2ehci,True,https://classroom.google.com/c/ODY3MjcwMDUyNTY3,112650800097094238847,2026-06-07T10:12:14Z,2026-06-12T09:09:09Z,c_classroom90ec21ff@group.calendar.google.com,1_01_2026_2027_9c8f007d@schoolgus.ukr.education,1_01_2026_2027_teachers_bd086daf@schoolgus.ukr.education,1F3tIi-7hANHjFnoUkSElk3MNgZcEg-cXiLXMk1zJOOc0-TSVX402c8TDglqy0uP6sqttrSxH,1-01 клас. НУШ (2026-2027),https://drive.google.com/drive/folders/1F3tIi-7hANHjFnoUkSElk3MNgZcEg-cXiLXMk1zJOOc0-TSVX402c8TDglqy0uP6sqttrSxH,TOTAL_POINTS,HIDE_OVERALL_GRADE
867270049349,01. 1-Г клас. НУШ (2026-2027),ACTIVE,Початкова школа,d2t4b7e2,True,https://classroom.google.com/c/ODY3MjcwMDQ5MzQ5,112650800097094238847,2026-06-07T10:12:14Z,2026-06-08T10:00:27Z,c_classroomcb66fa71@group.calendar.google.com,1_2026_2027_8b863ca6@schoolgus.ukr.education,1_2026_2027_teachers_092cb3cf@schoolgus.ukr.education,1QjruvaKrIOFbwHtU72UTiPJA591XvYVBVHU4EELGv_QKBOOHISfXw8ah3z2rfsgfuBBzbwBN,1-Г клас. НУШ (2026-2027),https://drive.google.com/drive/folders/1QjruvaKrIOFbwHtU72UTiPJA591XvYVBVHU4EELGv_QKBOOHISfXw8ah3z2rfsgfuBBzbwBN,TOTAL_POINTS,HIDE_OVERALL_GRADE
